archiveId,title,missingTownship,missingSubject,missingDonation
ABH01,Andrew Black house,Tredyffrin,,
ACF01,Acker Farmhouse,Tredyffrin,,
AIF01,Mother and Daisy Aiken,,person,
AIK02,Dr Aiken’s House,Easttown,,
ALL01,"Alleva’s Coal, Feed, and Lumber Store and John Alleva",Tredyffrin,,
ALL05,"Alleva’s Coal, Feed, and Lumber Store and John Alleva",Tredyffrin,,
ALL06,John Alleva at Alleva’s Store,Tredyffrin,,
ALL07,John Alleva at Alleva’s Store,Tredyffrin,,
ALL08,John Alleva at Alleva’s Store,Tredyffrin,,
ALL09,John Alleva at Alleva’s Store,Tredyffrin,,
ALL10,John Alleva at Alleva’s Store,Tredyffrin,,
ALL11,John Alleva at Alleva’s Store,Tredyffrin,,
ALL12,"Alleva’s Coal, Feed, and Lumber Store",Tredyffrin,,
AMH01,Allen-Meyle House,Tredyffrin,,
AMH02,Allen-Meyle House,Tredyffrin,,
AMH03,Allen-Meyle House,Tredyffrin,,
AMH04,Allen-Meyle House,Tredyffrin,,
AMH05,Allen-Meyle House,Tredyffrin,,
AMH06,Allen-Meyle House,Tredyffrin,,
AMH07,Allen-Meyle House,Tredyffrin,,
AMH08,Allen-Meyle House,Tredyffrin,,
AMH09,Allen-Meyle House,Tredyffrin,,
AMH10,Allen-Meyle House,Tredyffrin,,
AS1,Diamond Rock School,Tredyffrin,,
AS10,Paoli Store & Toll House,Tredyffrin,,
AS11,Dr. Edward Van Dyke Residence,Tredyffrin,,
AS12,"Routes 30 & 252, Paoli",Tredyffrin,,
AS13,Locomotive,Tredyffrin,,
AS15,Dr. Edward Van Dyke Residence,Tredyffrin,,
AS16,Dr. Edward Van Dyke Residence,Tredyffrin,,
AS17,Dr. Edward Van Dyke Residence,Tredyffrin,,
AS18,Dr. Edward Van Dyke Residence,Tredyffrin,,
AS2,Dingee Estate Barn,Tredyffrin,,
AS3,"John Dingee House, 'Fennerton'",Tredyffrin,,
AS4,Dewees and Bracken Coal and Lumber Company,Tredyffrin,,
AS6,General Paoli Inn,Tredyffrin,,
AS7,Paoli Red Cross,Tredyffrin,,
AS8,Paoli Signal Box,Tredyffrin,,
AS9,Paoli Station,Tredyffrin,,
BAF01,Marion Edith Baugh,,person,
BAF02,Anthony Wayne Baugh,,person,
BAP02,"Springhouse, Great Valley Baptist Parsonage",Tredyffrin,,
BAP04,"Springhouse, Great Valley Baptist Parsonage",Tredyffrin,,
BAP06,Baptist Parsonage,Tredyffrin,,
BAP07,Baptist Parsonage,Tredyffrin,,
BAP1,Baptist Parsonage,Tredyffrin,,
BAV01,"Berwyn Avenue looking west from Woodside Avenue, 1911",Easttown,View,
BAV02,Berwyn Avenue,Easttown,View,
BAV03,Berwyn Avenue,Easttown,View,
BAV04,Berwyn Avenue,Easttown,View,
BAV05,Berwyn Avenue,Easttown,Road,
BAV06,Berwyn Avenue,Easttown,Road,
BAV07,Berwyn Avenue,Easttown,Road,
BBB01,Former Berwyn Bronze Bearing Company Building,Easttown,,
BBB02,Berwyn Bronze Bearing Company,Easttown,,
BBB03,Strike at Berwyn Bronze Bearing Company,Easttown,,
BBB04,Strike at Berwyn Bronze Bearing Company,Easttown,,
BBB05,Strike at Berwyn Bronze Bearing Company,Easttown,,
BBB06,Strike at Berwyn Bronze Bearing Company,Easttown,,
BBC01,"Baptist Chapel, Cassatt Avenue, Berwyn, Summer 1887",Tredyffrin,,
BBC02,"Chapel of the Baptist Church in the Great Valley, Berwyn PA - 1904",Tredyffrin,,
BBC03,Berwyn Baptist Chapel,Tredyffrin,,
BBC04,Berwyn Baptist Chapel,Tredyffrin,,
BBC05,Berwyn Baptist Chapel,Tredyffrin,,
BBC07,Christian Science Church,Easttown,,
BBC08,Berwyn Baptist Church,Easttown,,
BBC09,"Baptist Chapel, Berwyn",Tredyffrin,,
BBC10,Berwyn Baptist Chapel (now Christian Science church),Tredyffrin,,
BBR01,Site of Berwyn Baptist Road apartments,Tredyffrin,Place,
BBR02,Site of Berwyn Baptist Road apartments,Tredyffrin,Place,
BBR03,Site of Berwyn Baptist Road apartments,Tredyffrin,Place,
BBR04,Site of Berwyn-baptist Road appartments,Tredyffrin,Place,
BBR05,Site of Berwyn Baptist Road apartments,Tredyffrin,Place,
BBR06,Berwyn Baptist Road (Quigleytown) townhouses,Tredyffrin,Place,
BBR07,Berwyn Baptist Road townhouses,Tredyffrin,,
BBR08,Berwyn Baptist Road townhouses,Tredyffrin,Place,
BBR09,Berwyn Baptist Road townhouses,Tredyffrin,Place,
BBR10,Berwyn Baptist Road townhouses,Tredyffrin,Place,
BBR11,Berwyn Baptist Road townhouses,Tredyffrin,Place,
BBU1,Burroughs Facility,Tredyffrin,,
BBU2,Entrance to Burroughs Research Center,Tredyffrin,,
BCA01,"Church Ave, south from Lancaster Ave, Berwyn,",Easttown,Road,
BCA02,"Church Avenue, Berwyn",Easttown,Road,
BCA03,"Church Avenue, Berwyn",Easttown,Road,
BE1,Bocce Club,Easttown,Place,
BE10,"Lincoln Highway, Berwyn",Easttown,Place,
BE100,Conestoga and Cassatt Roads,Tredyffrin,Place,
BE101,View of ACME site,Easttown,Place,
BE102,View of ACME site,Easttown,Place,
BE103,View of ACME site,Easttown,Place,
BE104,View of ACME site,Easttown,Place,
BE105,View of ACME site,Easttown,Place,
BE106,View of ACME site,Easttown,Place,
BE107,View of ACME site,Easttown,Place,
BE108,View of ACME site from Ale House on Lincoln highway,Easttown,Place,
BE109,View of ACME site from Ale House on Lincoln highway,Easttown,Place,
BE110,View of ACME site from township grounds,Easttown,Place,
BE111,View of ACME site,Easttown,Place,
BE112,View of ACME site,Easttown,Place,
BE113,View of ACME site,Easttown,Place,
BE114,Fire House and Ambulance Service,Easttown,Place,
BE115,Fire House and Ambulance Service,Easttown,Place,
BE116,Waterloo Road,,Place,
BE117,View of NE Berwyn from Station,Easttown,Place,
BE118,Cassatt and State Roads,Tredyffrin,Place,
BE119,Cassatt and State Roads,Tredyffrin,Place,
BE120,Leopard and Darby – Paoli Roads,Easttown,,
BE121,"Warren Avenue, Berwyn",Easttown,Place,
BE122,"Warren Avenue, Berwyn",Easttown,Place,
BE123,"Warren Avenue, Berwyn",Easttown,Place,
BE124,"Warren Avenue, Berwyn",Easttown,Place,
BE125,"Warren Avenue, Berwyn after Hurricane Hazel",Easttown,Place,
BE126,"Warren Avenue, Berwyn",Easttown,Place,
BE127,"Warren Avenue, Berwyn after Hurricane Hazel",Easttown,Place,
BE128,"Warren Avenue, Berwyn after Hurricane Hazel",Easttown,Place,
BE129,Kromer Avenue,Easttown,Place,
BE130,Kromer Avenue,Easttown,Place,
BE131,"Roberts home, Kromer Avenue, Berwyn",Easttown,Place,
BE132,Trout Run below Laurel Dell,Tredyffrin,Place,
BE133,"Armistice Day, Berwyn, 1920",Easttown,,
BE134,"Armistice Day, Berwyn, 1920",Easttown,Place,
BE135,"Armistice Day, Berwyn, 1920",Easttown,Place,
BE136,"Armistice Day, Berwyn, 1920",Easttown,Place,
BE137,"Armistice Day, Berwyn, 1920",Easttown,Place,
BE138,Berwyn view,,Place,
BE139,Berwyn view,,Place,
BE140,Berwyn view,,Place,
BE141,Berwyn view,,Place,
BE142,Berwyn view,,Place,
BE143,Berwyn View,Easttown,View,
BE144,Berwyn View,Easttown,View,
BE145,Berwyn View,Easttown,View,
BE146,"Upper Bridge, Berwyn",Easttown,View,
BE147,"Upper Bridge, Berwyn",Easttown,View,
BE148,"Upper Bridge, Berwyn",Easttown,View,
BE149,"Upper Bridge, Berwyn",Easttown,View,
BE150,"Upper Bridge, Berwyn",Easttown,View,
BE151,Berwyn View,Easttown,View,
BE152,"Main Street, Berwyn",Easttown,View,
BE153,"View from Woodside Avenue tract, Berwyn",Easttown,View,
BE154,Beaumont and Newtown Roads,Easttown,View,
BE155,Berwyn View,Easttown,View,
BE156,Berwyn View,Easttown,View,
BE157,Berwyn View,Easttown,View,
BE158,Berwyn View,Easttown,View,
BE159,Berwyn View,Easttown,View,
BE16,Berwyn,Tredyffrin,Place,
BE160,Berwyn View,Easttown,,donation:0
BE161,Berwyn View,Easttown,,
BE162,Conestoga and Cassatt Roads,Tredyffrin,Place,
BE163,Richardson’s Knitting MIll,Easttown,,
BE164,Old Hall - first Berwyn Town Hall,Easttown,Service,
BE165,"Lancaster and Main Avenues, Berwyn",Easttown,View,
BE166,TE History Club group,Easttown,person,
BE167,Unknown View,Easttown,View,
BE168,Unknown House,Easttown,,
BE169,Berwyn Village Walk,Easttown,Place,
BE170,Berwyn Village Walk,,Place,
BE171,Berwyn Village Walk,,Place,
BE172,Berwyn Village Walk,,Place,
BE173,Berwyn Village Walk,,Place,
BE174,Berwyn Village Walk,,Place,
BE175,Berwyn Village Walk,,Place,
BE176,Berwyn Village Walk,,Place,
BE177,Berwyn Village Walk,,Place,
BE178,Berwyn Village Walk,,Place,
BE179,Berwyn Village Walk,,Place,
BE180,Berwyn Village Walk,,Place,
BE181,Rooftops of Berwyn,Easttown,View,
BE182,"Upper Bridge, Berwyn",Easttown,Road,
BE183,"World War 1 Memorial, Berwyn",Easttown,,
BE184,"Kromer Road, Wayne",,Road,
BE185,"Kromer Road, Wayne",,Road,
BE186,"Kromer Road, Wayne",,Road,
BE188,"Bridge Dedication, Berwyn",Easttown,Place,
BE189,"Bridge Dedication, Berwyn",Easttown,Place,
BE19,"Cassatt Avenue, Berwyn",Tredyffrin,View,
BE190,"Bridge Dedication, Berwyn",Easttown,Place,
BE191,"Bridge Dedication, Berwyn",Easttown,Place,
BE192,"Bridge Dedication, Berwyn",Easttown,Place,
BE194,Rear of Bank,Easttown,,
BE195,Billboard and Shed,Easttown,Place,
BE196,Unknown View,Easttown,Place,
BE197,"Italian Lodge, Berwyn",Easttown,Service,
BE198,"42 Bridge Avenue, Berwyn",Easttown,Place,
BE2,Italian Club,Easttown,Place,
BE20,"Traveler's Rest Tree, Waterloo Avenue, Berwyn",Easttown,View,
BE200,Berwyn Bridge dedication,Easttown,Place,
BE201,Berwyn Bridge dedication,Easttown,Place,
BE202,Berwyn Bridge dedication,Easttown,Place,
BE203,Berwyn Bridge dedication,Easttown,Place,
BE204,Berwyn Bridge dedication,Easttown,Place,
BE205,Berwyn Bridge dedication,Easttown,Place,
BE206,Berwyn Bridge dedication,Easttown,Place,
BE207,Berwyn Bridge dedication,Easttown,Place,
BE208,Berwyn Village Walk,Easttown,Place,
BE209,Berwyn Village Walk,Easttown,Place,
BE21,"Traveler's Rest Tree, Waterloo Avenue, Berwyn",Easttown,View,
BE210,Berwyn Village Walk,Easttown,Place,
BE211,Berwyn Village Walk,Easttown,Place,
BE212,Berwyn Village Walk,Easttown,Place,
BE213,Berwyn Village Walk,Easttown,Place,
BE214,Antique Car at Berwyn Station,Easttown,Place,
BE215,Antique Car at Berwyn Station,Easttown,Place,
BE216,Antique Car at Berwyn Station,Easttown,Place,
BE217,Aquilante’s Trolley at Berwyn Station,Easttown,Place,
BE218,Exhibits at Berwyn Station,Easttown,Place,
BE219,Berwyn War Memorial,Easttown,Service,
BE22,"Traveler's Rest Tree, Waterloo Avenue, Berwyn",Easttown,View,
BE220,Unidentified view in Berwyn,Easttown,View,
BE221,Bronze Building,Easttown,,
BE222,Bronze Building,Easttown,,
BE223,"Lancaster Avenue, Berwyn",Easttown,View,
BE224,"Lancaster Avenue, Berwyn",Easttown,,
BE225,"Lancaster Avenue, Berwyn",Easttown,,
BE226,"Warren Avenue, Berwyn",Easttown,Road,
BE227,Berwyn View,Easttown,View,
BE228,"Lancaster Pike, Berwyn",Easttown,Berwyn,
BE229,A view of North Berwyn from Berwyn Station,Easttown,Berwyn,
BE23,"Traveler's Rest Tree, Waterloo Avenue, Berwyn",Easttown,View,
BE230,"Berwyn, PA.",Easttown,Berwyn,
BE24,"Berwyn & Main Avenues, Berwyn",Easttown,View,
BE25,"Cassatt Avenue, Berwyn",Tredyffrin,View,
BE28,Berwyn Fire Company,Easttown,Service,
BE29,Berwyn Fire Company,Easttown,Service,
BE3,Berwyn Post Office & Store,Easttown,,
BE30,"Lincoln, Highway, Berwyn",Easttown,View,
BE31,"Lancaster Avenue, Berwyn",Easttown,View,
BE32,"Berwyn Avenue, Berwyn",Easttown,,
BE33,"Lincoln Highway, Berwyn",Easttown,Place,
BE34,"Lincoln Highway, Berwyn",Easttown,Place,
BE35,"Lincoln Highway, Berwyn",Easttown,Place,
BE36,"Lincoln Highway, Berwyn",Easttown,Place,
BE37,"Lincoln Highway, Berwyn",Easttown,Place,
BE38,"Lincoln Highway, Berwyn",Easttown,Place,
BE39,"Fire Scene, Berwyn",,Place,
BE4,"Lincoln Highway, Berwyn",Easttown,View,
BE40,"Fire Scene, Berwyn",,Place,
BE41,"ACME Market, Berwyn",Easttown,,
BE42,Berwyn War Memorial,Easttown,Place,
BE43,"Lincoln Highway, Berwyn",Easttown,View,
BE44,Berwyn Panorama,Easttown,Place,
BE45,"Sewer work on Conestoga Road, Berwyn",Easttown,Place,
BE46,"Sewer work on Conestoga Road, Berwyn",Easttown,Place,
BE47,"Conestoga Road, Berwyn before sewer work",Easttown,Place,
BE48,"Conestoga Road, Berwyn before sewer work",Easttown,Place,
BE49,"Sewer work on Conestoga Road, Berwyn",Easttown,Place,
BE5,Berwyn Pharmacy,Easttown,,
BE50,"Sewer work on Conestoga Road, Berwyn",Easttown,Place,
BE51,"Sewer work on Conestoga Road, Berwyn",Easttown,Place,
BE52,"Sewer work on Conestoga Road, Berwyn",Easttown,Place,
BE53,"Sewer work on Conestoga Road, Berwyn",Easttown,Place,
BE54,"Sewer work on Conestoga Road, Berwyn",Easttown,Place,
BE55,"Conestoga Road, Berwyn before sewer work",Tredyffrin,Place,
BE56,Berwyn from Main Line Apartments,Tredyffrin,Place,
BE57,"Lincoln Highway, Berwyn",Tredyffrin,Place,
BE58,"Lincoln Highway, Berwyn",Tredyffrin,Place,
BE59,"Bridge Avenue, Berwyn",Tredyffrin,Place,
BE6,Berwyn Post Office and Bank,Easttown,,
BE60,Unknown View,,Place,
BE61,"Warren Avenue, Berwyn",Easttown,View,
BE62,"Warren Avenue, Berwyn",Easttown,View,
BE63,"Twin Oaks, Berwyn",Easttown,View,
BE64,"Downed tree outside 65 Conestoga Road, Berwyn",Tredyffrin,View,
BE65,"Cassatt Avenue from Lancaster Avenue, Berwyn",Easttown,View,
BE66,A view of the Village of Berwyn,,View,
BE67,"Reading Room, Berwyn",,Service,
BE68,Church Avenue leading from Berwyn Station P.R.R.,Easttown,Place,
BE69,"Site of Bronze Works, Berwyn",,Place,
BE7,Berwyn Post Office,Easttown,,
BE70,"View from rear of Berwyn Station, P.R.R.",Easttown,Place,
BE71,"Upper Bridge, Berwyn",Easttown,View,
BE72,"Covered Bridge, State Road, Berwyn",Tredyffrin,View,
BE73,"Brace's Store, Berwyn",Easttown,,
BE74,Trout Run below Laurel Dell,Tredyffrin,View,
BE75,Unknown view,Tredyffrin,View,
BE76,"Sleet Storm, Berwyn",Easttown,View,
BE77,"Post Office & Church Avenue, Berwyn, 1906",Easttown,,
BE78,"Stairs facing Lancaster Pike and Main Avenue, 1904",Easttown,View,
BE79,A Water Tower near Berwyn,,View,
BE8,Berwyn ACME Store,Easttown,,
BE80,"Valley Forge Rd, Warren Ave. and Lancaster Pike, facing east towards Wynburne Inn, Berwyn",,View,
BE81,Panoramic view of Berwyn (from Hillcrest),Tredyffrin,View,
BE82,"World War II Memorial, Berwyn",Tredyffrin,,
BE83,Snowstorm at Williams Crossroads,Tredyffrin,View,
BE84,A view of the intersection of Warren Avenue and Lancaster Turnpike,Tredyffrin,View,
BE85,Williams Corner in winter,,Place,
BE87,"Route 30, Berwyn",,Road,
BE88,Berwyn from First Avenue,,View,
BE89,Berwyn WWII plaque,,Place,
BE9,Berwyn Volunteer Fire Company,Easttown,Services,
BE90,Berwyn WWII plaque,,Place,
BE91,"Parade, Lincoln Highway Berwyn",,View,
BE93,North Berwyn,,View,
BE94,Berwyn War Memorial,,Place,
BE95,Berwyn War Memorial,,Place,
BE96,Conestoga and Cassatt Roads,Tredyffrin,,
BE97,Conestoga and Cassatt Roads,Tredyffrin,Place,
BE98,Conestoga and Cassatt Roads,Tredyffrin,Place,
BE99,Conestoga and Cassatt Roads,Tredyffrin,,
BEA01,4 Generations of the Beadle family,Tredyffrin,person,
BEA02,Beadle family,Tredyffrin,person,
BEA03,Beadle family,Tredyffrin,person,
BEA04,Beadle House,Tredyffrin,,
BEK01,"House, Northwest corner for Berkley and Fairfield Roads, Devon",Easttown,,
BEK02,"House, Northeast corner of Berkley and Fairfield Roads, Devon",Easttown,,
BEK03,"House, Berkley Road, opposite Paist House",Easttown,,
BEK04,"House, Berkley Road",Easttown,,
BEK05,"House, Berkley Road",Easttown,,
BEK06,"Paist House, Berkley Road, Devon",Easttown,,
BEK07,"House, Berkley Road, next to Paist House",Easttown,,
BEM01,"Springhouse, Beaumont Road, Easttown",Easttown,,
BEP1,Dedication of Berwyn Roll of Honor,Easttown,Place,
BEP10,Westbound Express,Easttown,,
BEP11,Sunoco Gas Station,Easttown,,
BEP12,Berwyn Station,Easttown,,
BEP14,Great Valley Baptist Chapel,Tredyffrin,,
BEP16,Firemen in Action,Easttown,Services,
BEP17,Lunch Period at T-E High School,Tredyffrin,,
BEP2,"Lancaster Avenue, Berwyn",Easttown,View,
BEP20,Eastown Township Road Crew,Easttown,,
BEP21,"Lincoln Highway, Berwyn",Easttown,View,
BEP22,Mack Oil Company,Easttown,,
BEP24,July 4th Celebrations at Easttown School,Easttown,,
BEP25,Cake Eating Contest,Easttown,person,
BEP26,Berwyn Boy's Club Baseball team,Easttown,Sports,
BEP27,"Bobby Graves and Betty Kelly, champion cake eaters",Easttown,person,
BEP28,July 4th Celebrations,Easttown,,
BEP30,"ACME (Lincoln Highway at Main Avenue, Berwyn)",Easttown,View,
BEP31,"Berwyn P.O., Doc's and Cas's",Easttown,,
BEP32,"Roop, Gibbs, Emory Inc. (Berwyn National Bank)",Easttown,,
BEP33,Lincoln Highway at Waterloo Avenue,Easttown,View,
BEP34,Strafford Honor Roll,Tredyffrin,,
BEP36,Bill Pyott's Berwyn Esso Station,Easttown,,
BEP37,Berwyn Fire Company 'smokeaters' manning their trucks,Easttown,Services,
BEP38,Berwyn's Old Timers' Ball Team,,Sports,
BEP39,Devon Horse Show,Tredyffrin,,
BEP4,"Trinity Presbyterian Church, Berwyn",Easttown,,
BEP40,Devon Horse Show,Tredyffrin,,
BEP43,Bob Goebel and staff of the Berwyn Post,Easttown,,
BEP45,Aerial Photograph of Paoli,Tredyffrin,View,
BEP46,Aerial Photograph of Berwyn,Easttown,View,
BEP47,Snowstorm,Easttown,View,
BEP49,Untitled image BEP49,Easttown,person,
BEP5,"The Main Drag, Berwyn",Easttown,View,
BEP50,"Looking east on Berwyn Avenue, from Main Avenue, Berwyn",Easttown,View,
BEP51,Snowbound cars in station parking lot,Easttown,View,
BEP54,"St. Monica's Church, Berwyn",Easttown,,
BEP55,American Non-Gran Bronze,Tredyffrin,,
BEP56,Walt Brown's Service Station at Centerville,Tredyffrin,,
BEP57,Grass Skirts,Easttown,person,
BEP59,Berwyn Bronze Bearing Company,Easttown,,
BEP6,Ye Opry House (Berwyn Theater),Easttown,,
BEP60,Berwyn and Radnor Firemen,,Services,
BEP61,Eddie Wolfe gets off a javelin toss at T-E,Tredyffrin,,
BEP62,Berwyn and Radnor Firemen,,Services,
BEP64,"Harry Lewis, police chief",,person,
BEP66,The Paoli Local at its home base,Tredyffrin,,
BEP67,Dr. R.C. Hughes,,person,
BEP68,Paoli Bank and Firehouse,Tredyffrin,,
BEP69,Paoli Honor Roll,Tredyffrin,Place,
BEP7,Devon Honor Roll,Easttown,Place,
BEP70,American Non-gran Bronze Company Honor Roll,Easttown,,
BEP72,Wrenecin's old swimming hole,,Place,
BEP74,Tredyffrin Township Building,Tredyffrin,Place,
BEP75,"Diamond Rock School, 1945",Tredyffrin,,
BEP76,Knitting Mill (Old Easttown/Berwyn Primary School),Easttown,,
BEP78,Village Chemist,Easttown,person,
BEP79,Truck with women,,person,
BEP80,Baby Coach with Flags,Easttown,person,
BEP81,Jack Thomas with twins,,person,
BEP83,New Post Office site,Easttown,,
BEP84,The Blue Jay,Easttown,,
BEP85,"Howard Moore's Electrical Store, Berwyn",Easttown,,
BEP87,Lancaster Avenue,,View,
BEP9,"David Preston, Shoemaker",Easttown,,
BES01,Beaumont Elementary School,Easttown,,
BES02,Beaumont Elementary School,Easttown,,
BES03,Beaumont Elementary School,Easttown,,
BES04,Beaumont Elementary School,Easttown,,
BET03,Berwyn Theater,,Place,
BET04,Berwyn Theater,,Place,
BET05,Berwyn Theater,,Place,
BET06,Berwyn Theater,,Place,
BET07,Berwyn Theater,,Place,
BET08,Berwyn Theater,,Place,
BET09,Berwyn Theater,,Place,
BET1,Berwyn Theater,Tredyffrin,,
BET10,Berwyn Theater,,Place,
BET11,Berwyn Theater,,Place,
BET12,Berwyn Theater,,Place,
BET13,Berwyn Theater,,Place,
BET14,Berwyn Theater,,Place,
BET15,Berwyn Theater,,Place,
BET16,Berwyn Theater,,Place,
BET17,Berwyn Theater,Easttown,,
BET18,Berwyn Theater,Easttown,,
BET19,"Berwyn Theater, Cassatt Avenue",Easttown,,
BET2,Berwyn Theater,Tredyffrin,,
BET20,Berwyn Theater,Easttown,,
BET21,Berwyn Theater,Tredyffrin,,
BFB02,Beans Mineral Railway Cars,Schuylkill,,
BFB03,Bean Mineral Railway Locomotive,Schuylkill,,
BFB04,Bean Mineral Railway Locomotive,Schuylkill,,
BFB1,Bean Sand Crusher,Schuylkill,,
BFC05,Berwyn Fire Company,Easttown,Service,
BFC06,Fireman’s Parade on Francis Avenue,Easttown,Service,
BFC07,Berwyn Fire House,Easttown,Service,
BFC08,Location of new Berwyn Fire House,Easttown,Service,
BFC09,Berwyn Fire House,Easttown,Service,
BFC1,Berwyn Fire Company,Easttown,Place,
BFC10,Berwyn Fire Company in action,,Service,
BFC11,Berwyn Fire Company,Easttown,Service,
BFC12,Berwyn Fire Company,Easttown,Service,
BFC13,Berwyn Fire Company,Easttown,Service,
BFC14,Berwyn Fire Company,Easttown,Service,
BFC15,Berwyn Fire Company,Easttown,Service,
BFC16,Berwyn Fire Company,Easttown,Service,
BFC17,Berwyn Fire Company Banner,Easttown,Service,
BFC18,Berwyn Fire Company Banner,Easttown,Service,
BFC19,Berwyn Fire Company Station and Equipment,Easttown,Service,
BFC2,Berwyn Fire Company,Easttown,Service,
BFC20,Berwyn Fire Company Ambulance,Easttown,Service,
BFC21,"Ladies Auxiliary, Berwyn Fire Company",Easttown,Service,
BFC22,"Berwyn Fire Company Equipment, 1908",Easttown,Service,
BFC23,Berwyn Fire Company 1955 Ladder Truck,Easttown,Service,
BFC24,Berwyn Fire Company Active Force,Easttown,Service,
BFC25,Berwyn Fire Company Ambulance Crews,Easttown,Service,
BFC26,"Berwyn Fire Company Band, 1908",Easttown,Service,
BFC27,Berwyn Fire Company Board of Directors,Easttown,Service,
BFC28,"Berwyn Fire Company Breaking Ground, 1929",Easttown,Service,
BFC29,Berwyn Fire Company Chiefs,Easttown,Service,
BFC2b,Back of BFC2,Easttown,Service,
BFC3,Berwyn Fire House,Easttown,Service,
BFC30,Upper Main Line Fire Board Dispatchers,Easttown,Service,
BFC31,Berwyn Fire Company Elected Officers,Easttown,Service,
BFC32,Berwyn Fire Company Engineers,Easttown,Service,
BFC33,Berwyn Fire Company Fire Police,Easttown,Service,
BFC34,"Fire Station, Berwyn Fire Company",Easttown,Service,
BFC35,"LaFrance Pumper, 1917",Easttown,Service,
BFC36,"Waterous Pumper, 1906",Easttown,Service,
BFC37,Berwyn Fire Company Centennial,Easttown,Organization,
BFC38,Berwyn Fire Company Centennial,Easttown,Organisation,
BFC4,Berwyn Fire Company,Easttown,Service,
BG01,Betner Paper Bag Factory,Easttown,,
BG06,Chesterbrook Mill,Tredyffrin,,
BG07,Knox Covered Bridge,Tredyffrin,Place,
BG08,Doyle's Nursery,Tredyffrin,Place,
BG11,Heyburn - Roye Cabin,Tredyffrin,,
BG17,Lamb Tavern,Easttown,,
BG20,"Strafford Station, Philadelphia & Western Railway",Tredyffrin,,
BG21,Mount Pleasant Chapel Graveyard,Tredyffrin,,
BG22,Mount Pleasant School,Tredyffrin,,
BG23,Carr School / Mount Pleasant Chapel,Tredyffrin,,
BG24,Unknown Building,,Place,
BG25,Mint Julep,Tredyffrin,,
BIP03,Berwyn Ice Plant location after demolition,Easttown,,
BIP04,Berwyn Ice Plant,Easttown,,
BIP05,Berwyn Ice Plant,Easttown,,
BIP06,Berwyn Ice Plant,Easttown,,
BIP07,Former Stables of Berwyn Ice Palnt,Easttown,,
BIP1,Berwyn Ice Plant after fire,Easttown,,
BIP2,Berwyn Ice Plant after fire,Easttown,,
BJO01,"Bjornhem, Waterloo Road",Easttown,,
BM01,"Berwyn United Methodist Episcopal Church, Church Ave., December 30, 1888",Easttown,,
BM02,"Interior of  Berwyn United Methodist Episcopal Church, December 30, 1888",Easttown,,
BM03,"Berwyn Methodist Episcopal Church, 1904",Easttown,,
BM04,Berwyn Methodist Church,Easttown,,
BM06,Berwyn Methodist Church,Easttown,,
BM07,St Matthew’s Methodist Church of New Centerville,Tredyffrin,,
BM08,Berwyn Methodist Church,Easttown,,
BM09,New Berwyn Methodist Church under construction,Easttown,,
BM10,New Berwyn Methodist Church under construction,Easttown,,
BM11,New Berwyn Methodist Church under construction,Easttown,,
BM12,New Berwyn Methodist Church under construction,Easttown,,
BM13,New Berwyn Methodist Church under construction,Easttown,,
BM14,New Berwyn Methodist Church under construction,Easttown,,
BM15,New Berwyn Methodist Church under construction,Easttown,,
BM16,New Berwyn Methodist Church under construction,Easttown,,
BM17,Dedication of new Berwyn Methodist Church,Easttown,,
BM18,New Berwyn Methodist Church under construction,Easttown,,
BM19,Berwyn Methodist Church under construction,Easttown,,
BM20,Dedication of Berwyn Methodist Church,Easttown,,
BM21,Dedication of Berwyn Methodist Church,Easttown,,
BM22,Dedication of Berwyn Methodist Church,Easttown,,
BM23,Berwyn Methodist Parsonage,Easttown,,
BM24,Berwyn Methodist Church,Easttown,,
BM25,Berwyn Methodist Church,Easttown,,
BM26,Footerlighters Theater,Easttown,,
BM27,Footlighters Theater,Easttown,,
BNB03,Berwyn National Bank,Tredyffrin,,
BNB1,Berwyn National Bank,Easttown,,
BNB2,Berwyn National Bank,Easttown,,
BNC01,Bishops New Cottage,Easttown,,
BNC02,Bishops New Cottage,Easttown,,
BNC03,Bishops New Cottage,Easttown,,
BOC01,"Bocce Club, Lehigh Avenue, Devon",Easttown,Service,
BOC02,"Bocce Club, Lehigh Avenue, Devon",Easttown,Service,
BOF01,Bonticu Farm,Tredyffrin,,
BOF02,Bonticu Farm,Tredyffrin,,
BOF03,Bonticu Farm,Tredyffrin,,
BOF04,Bonticu Farm,Tredyffrin,,
BOF05,Bonticu Farm,Tredyffrin,,
BOF06,Bonticu Farm,Tredyffrin,,
BOF07,Bonticu Farm,Tredyffrin,,
BOF08,Bonticu Farm,Tredyffrin,,
BOF09,Bonticu Farm,Tredyffrin,,
BOF10,Bonticu Farm,Tredyffrin,,
BOF11,Bonticu Farm,Tredyffrin,,
BOF12,Bonticu Farm,Tredyffrin,,
BOF13,Bonticu Farm,Tredyffrin,,
BOF14,Bonticu Farm,Tredyffrin,,
BOF15,Bonticu Farm,Tredyffrin,,
BOF16,Bonticu Farm,Tredyffrin,,
BOF17,Bonticu Farm,Tredyffrin,,
BOF18,Bonticu Farm,Tredyffrin,,
BOF19,Bonticu Farm,Tredyffrin,,
BOF20,Bonticu Farm,Tredyffrin,,
BP1,Liberty Bell on its way to California,Tredyffrin,,
BP2,Unidentified Woman & son,,person,
BP3,Mother & Father,,person,
BP4,Camp Life,,person,
BP5,MED - JW,,person,
BP6,Portrait of 2 girls and a boy,,person,
BP7,Portrait of 5 women,,person,
BP8,Father and 2 kids,,person,
BPB01,Betner Paper Bag Company,Easttown,,
BPB02,Betner Paper Bag Company,Easttown,,
BPB03,Betner Paper Bag Company,Easttown,,
BPB04,Graphic Packaging Corporation,Easttown,,
BPB05,Graphic Packaging Corporation,Easttown,,
BPB06,Graphic Packaging Corporation,Easttown,,
BPH01,"Berwyn Pharmacy on Lincoln Highway, 1931-2",Easttown,,
BPH02,Former Berwyn Pharmacy Building,Easttown,,
BPH03,"Connor’s Pharmacy, Berwyn",Easttown,,
BPH04,Bill Connor of Connor’s Pharmacy,Easttown,,
BPH05,"Connor’s Pharmacy, Berwyn",Easttown,,
BPH06,"Connor’s Pharmacy, Berwyn",Easttown,,
BPM01,"Burns Planing Mill north of PRR tracks, Berwyn,",Tredyffrin,,
BPM02,"W.H. Burns Builders Planing Mill, Berwyn,",Tredyffrin,,
BPM03,Berwyn Planing Mill,Easttown,,
BPM04,Burns Planing Mill,Tredyffrin,,
BPM05,William Burns Planing Mill,Easttown,,
BPO04,Berwyn Post Office building being remodelled,Easttown,,
BPO05,Berwyn Post Office Staff,Easttown,,
BPO06,Berwyn Post Office,Easttown,,
BPO07,Berwyn Post Office,Easttown,,
BPO1,Berwyn Post Office & Store,Easttown,,
BPO2,Berwyn Post Office,Easttown,,
BPO3,Berwyn Post Office,Easttown,,
BPS01,Berwyn Primary School,Easttown,,
BPS02,Berwyn Primary School,Easttown,,
BPS03,Berwyn Primary School,Easttown,,
BPS04,Berwyn School Class,Easttown,person,
BPS05,Berwyn School Class,Easttown,person,
BPS06,Berwyn Primary School,Easttown,,
BPS07,Former Berwyn Primary School,Easttown,,
BPS08,Former Berwyn Primary School,Easttown,,
BPS09,Former Berwyn Primary School,Easttown,,
BPS10,Easttown Primary School,Easttown,,
BPS12,Berwyn Primary School,Easttown,,
BPS13,Berwyn Primary School,Easttown,,
BPS14,Berwyn Primary School,Easttown,,
BPS15,Berwyn Primary School,Easttown,,
BRH01,Bair Road,Tredyffrin,,
BRH02,Bair Road,Tredyffrin,,
BRH03,Bair Road houses,Tredyffrin,,
BRH04,Bair Road houses,Tredyffrin,,
BRH05,Bair Road houses,Tredyffrin,,
BRH06,Bair Road houses,Tredyffrin,,
BRH07,Bair Road houses,Tredyffrin,,
BRH08,Bair Road houses,Tredyffrin,,
BRH09,Bair Road houses,Tredyffrin,,
BRH10,Bair Road houses,Tredyffrin,,
BRH11,Bair Road houses,Tredyffrin,,
BRH12,Bair Road houses,Tredyffrin,,
BRH13,Bair Road houses,Tredyffrin,,
BRH14,143 Bair Road,Tredyffrin,,
BRH15,143 Bair Road,Tredyffrin,,
BRH16,143 Bair Road,Tredyffrin,,
BRH17,143 Bair Road,Tredyffrin,,
BRH18,143 Bair Road,Tredyffrin,,
BRH19,143 Bair Road,Tredyffrin,,
BRH20,143 Bair Road,Tredyffrin,,
BRH21,143 Bair Road,Tredyffrin,,
BRH22,117 Bair Road,Tredyffrin,,
BRH23,117 Bair Road,Tredyffrin,,
BRH24,117 Bair Road,Tredyffrin,,
BRI02,"Cedar Hollow Bridge over Valley Creek, #171; east side looking west",Tredyffrin,Road,
BRI03,"Cedar Hollow Bridge over Valley Creek, #171; west side looking east",Tredyffrin,Road,
BRI04,"Cedar Hollow Bridge over Valley Creek, #171; plaque",Tredyffrin,Road,
BRI05,"Cedar Hollow Bridge over Valley Creek, #171; looking south over Valley Creek",Tredyffrin,Road,
BRI06,"Cedar Hollow Bridge over Valley Creek, #171; looking north over Valley Creek",Tredyffrin,Road,
BRO1,Brookmead Farm,Tredyffrin,,
BRS01,"Brace’s Store, Lincoln and Waterloo",Easttown,,
BRX1,Braxton's Animal Works,Tredyffrin,,
BRX2,Braxtons,Tredyffrin,,
BSF01,"Blue Stone Farm, Mill Road, Howellville",Tredyffrin,,
BSF02,"Blue Stone Farm< Mill Road, Howellville",Tredyffrin,,
BSF03,"Blue Stone Farm< Mill Road, Howellville",Tredyffrin,,
BTC01,Berwyn Thimble Club,Easttown,,
BTC02,Berwyn Thimble Club,Easttown,,
BTC03,Berwyn Thimble Club,Easttown,,
BTC04,Berwyn Thimble Club,Easttown,,
BTO01,Bella Toner,Tredyffrin,person,
BTO02,"Bella Toner and chickens, Centerville Station, Chester Valley Railroad",Tredyffrin,person,
BTO03,"Bella Toner gardening, New Centerville station, Chester Valley Railroad",Tredyffrin,person,
BTO04,"Bella Toner at telegraph, New Centerville station, Chester Valley Railroad",Tredyffrin,person,
BTO05,"Bella Toner,",Tredyffrin,person,
BUF01,Mildred Miller Burruss,,person,
BUF02,Mildred Miller Burruss,,person,
BUF03,Charles Burruss and unidentified woman,,person,
BUF04,Charles Burruss driving a cart,Tredyffrin,,
BUF05,Mildred Burruss and 2 friends,,person,
BUF06,Mildred Burruss,,person,
BUF07,Burruss Family in Berwyn,Easttown,person,
BUF09,Marriage license James Burruss and Mary Ray,,person,
BUF10,Marriage license of Charles Burruss and Mildred Miller,,person,
BUF11,Beauty Culture Operator license for Mildred Burruss,Easttown,,
BUR01,Edna Garber Burns,,person,
BUR02,Raymond D. Burns,,person,
BUR03,Penn State Civil Engineering Graduates,,person,
BUR04,Mary M. & Edna G. Burns,,person,
BUR05,Edna & Raymond Burns,,person,
BUR06,Raymond & ? Burns,,person,
BUR07,Raymond & ? Burns,,person,
BUR08,Edna & Raymond Burns,,person,
BUR09,Edna & Raymond Burns,,person,
BUR10,Edna & Raymond Burns,,person,
BUR11,Edna & Raymond Burns,,person,
BUR12,Raymond D. Burns,,person,
BUR13,Raymond Burns & C.S. Hager,,person,
BUR14,Raymond D. Burns,,person,
BUR15,Edna & Raymond Burns,,person,
BUR16,Edna & Raymond Burns,,person,
BUR17,Edna Garber Burns,,person,
BUR18,Penn State Graduates?,,person,
BUR19,Raymond D. Burns,,person,
BUR20,Raymond D. Burns,,person,
BUR21,Raymond D. Burns,,person,
BUR22,Raymond D. Burns,,person,
BUR23,Raymond D. Burns,,person,
BUR25,Raymond D. Burns,,person,
BUR26,Raymond D. Burns,,person,
BUR27,Raymond D. Burns,,person,
BUR28,Raymond D. Burns,,person,
BUR29,Raymond D. Burns,,person,
BUR30,Raymond D. Burns,,person,
BUR31,Raymond D. Burns,,person,
BUR32,Raymond D. Burns,,person,
BUR33,Raymond D. Burns,,person,
BUR34,Raymond D. Burns,,person,
BUR35,Raymond D. Burns,,person,
BUR36,Raymond D. Burns,,person,
BUR37,Raymond D. Burns,,person,
BUR38,Raymond D. Burns,,person,
BUR39,Raymond D. Burns,,person,
BUR40,Raymond D. Burns,,person,
BUR41,Raymond D. Burns,,person,
BUR42,Raymond D. Burns,,person,
BUR43,Raymond D. Burns,,person,
BUR45,Raymond D. Burns,,person,
BUR48,Raymond D. Burns,,person,
BUR49,Civil Engineering Project (Raymond Burns),Tredyffrin,,
BUR50,Civil Engineering Project (Raymond Burns),Tredyffrin,,
BUS10,"Garber's Store, Berwyn",Easttown,,
BUS100,Auto Dealership,Easttown,,
BUS101,Auto Dealership,Easttown,,
BUS102,Auto Dealership,Easttown,,
BUS103,Devon Design Center,Easttown,,
BUS104,Devon Design Center,Easttown,,
BUS105,Devon Design Center,Easttown,,
BUS106,Devon Design Center,Easttown,,
BUS11,"Burn's Mill, Berwyn",Tredyffrin,,
BUS12,Hall & Hibbard's Store,Easttown,,
BUS13,"Scofield's Store, Paoli",Tredyffrin,,
BUS14,"Scofield's Store, Paoli",Tredyffrin,,
BUS18,Lichtenfeld’s store,Easttown,,
BUS2,"Ralph Edwards Garage (also known as Ottey's garage), Lancaster Avenue, Paoli",Tredyffrin,,
BUS28,Leopard Post Office,Easttown,,
BUS3,Cilley Shop,Tredyffrin,,
BUS30,"Connors Pharmacy, Berwyn",Easttown,,
BUS31,"Upper Mainline Bank, Berwyn",Easttown,,
BUS32,"Upper Mainline Bank, Berwyn",Easttown,,
BUS33,Berwyn Furniture Store,Easttown,,
BUS34,Berwyn Furniture Store,Easttown,,
BUS35,Berwyn Hardware Store,Easttown,,
BUS36,"Harold’s Store, Berwyn",Easttown,,
BUS37,"Harold’s Store, Berwyn",Easttown,,
BUS38,"Harold’s Store and Post Office, Berwyn",Easttown,,
BUS39,Christian Science Reading Room,Easttown,,
BUS4,Toll Gate House,Tredyffrin,,
BUS40,"Connors’ Pharmacy, Berwyn",Easttown,,
BUS41,Berwyn Hardware Store,Easttown,,
BUS42,Berwyn Hardware Store,Easttown,,
BUS43,Unknown Building,Easttown,,
BUS44,Unknown Building,Easttown,,
BUS45,"Atlantic Gas Station, Berwyn",Easttown,,
BUS46,Berwyn Furniture Store,Easttown,,
BUS47,"Sunoco Station, Lancaster Avenue, Berwyn",Easttown,,
BUS48,"Valley Bank, Paoli",Tredyffrin,,
BUS49,New Girard Bank,Tredyffrin,,
BUS51,Berwyn Lawn Mover Shop,Easttown,,
BUS52,Office Buildings on site of General Jackson Inn,Tredyffrin,,
BUS53,Former Betner Gas Station,Easttown,,
BUS54,"Taxi Stand, Cassatt and Bridge, Berwyn",Easttown,,
BUS59,Houses behind Glass Company,Easttown,,
BUS60,Rear of Pearl of the East,Easttown,,
BUS61,Unknown Garage,Easttown,,
BUS62,Clock Store,Easttown,,
BUS63,Devon Nissan,Easttown,,
BUS64,"Destruction of Rubins Carpet formerly Ottey Garage and Post Office, Paoli",Tredyffrin,,
BUS65,"Linens and Lace Antiques, Berwyn",Easttown,,
BUS66,Berwyn Taxi Stand,Easttown,,
BUS69,Joy Reproduction,Easttown,,
BUS70,Henry (Harry) Garber’s Store (GRB02 is a better copy),Easttown,,
BUS71,Brackbill’s Motel,,,donation:0
BUS71b,Back of BUS71,,,donation:0
BUS72,The Main Lion,Tredyffrin,,
BUS73,The Main Lion,Tredyffrin,,
BUS74,The Main Lion,Tredyffrin,,
BUS75,The Main Lion,Tredyffrin,,
BUS76,The Main Lion,Tredyffrin,,
BUS77,The Main Lion,Tredyffrin,,
BUS78,The Main Lion,Tredyffrin,,
BUS79,The Main Lion,Tredyffrin,,
BUS80,The Main Lion,Tredyffrin,,
BUS81,The Main Lion,Tredyffrin,,
BUS82,The Main Lion,Tredyffrin,,
BUS83,The Main Lion,Tredyffrin,,
BUS84,Martini’s Restaurant being demolished,Tredyffrin,,
BUS85,Martini’s Restaurant being demolished,Tredyffrin,,
BUS86,Martini’s Restaurant being demolished,Tredyffrin,,
BUS87,Martini’s Restaurant being demolished,Tredyffrin,,
BUS88,Martini’s Restaurant being demolished,Tredyffrin,,
BUS89,Martini’s Restaurant being demolished,Tredyffrin,,
BUS9,"Gallagher's Shoe Store, Berwyn",Easttown,,
BUS90,Martini’s restaurant being demolished,Tredyffrin,,
BUS91,Martini’s restaurant being demolished,Tredyffrin,,
BUS92,Best Store,Tredyffrin,,
BUS93,Best Store,Tredyffrin,,
BUS94,Best Store,Tredyffrin,,
BUS95,Best Store,Tredyffrin,,
BUS96,Best Store,Tredyffrin,,
BUS97,Fresh Fields Store,Tredyffrin,,
BUS98,Fresh Fields Store,Tredyffrin,,
BUS99,Fresh Fields Store,Tredyffrin,,
BUT01,"Springhouse, Buttonwood Road, Easttown",Easttown,,
BUT02,"2175 Buttonwood Road, Easttown",Easttown,,
BUT03,"Springhouse, 2155 Buttonwood Road, Easttown",Easttown,,
BVF01,The Brookvale Farm,Tredyffrin,,
BVF02,Brookvale Farm,Tredyffrin,,
BWF01,Beaver-Wersler Farm,Tredyffrin,,
BWF02,Beaver-Wersler Farm,Tredyffrin,,
BWF03,Beaver-Wersler Farm,Tredyffrin,,
BWF04,Beaver-Wersler Farm,Tredyffrin,,
BWF05,Beaver-Wersler Farm,Tredyffrin,,
BWF06,Beaver-Wersler Farm,Tredyffrin,,
BWF07,Beaver-Wersler Farm,Tredyffrin,,
BWF08,Beaver-Wersler Farm,Tredyffrin,,
BWF09,Beaver-Wersler Farm,Tredyffrin,,
BWF10,Beaver-Wersler Farm,Tredyffrin,,
BWF11,Beaver-Wersler Farm,Tredyffrin,,
BWF12,Beaver-Wersler Farm,Tredyffrin,,
BWF13,Beaver-Wersler Farm,Tredyffrin,,
BWF14,Beaver-Wersler Farm,Tredyffrin,,
BWF15,Beaver-Wersler Farm,Tredyffrin,,
BWF16,Beaver-Wersler Farm,Tredyffrin,,
BWF17,Beaver-Wersler Farm,Tredyffrin,,
BWF18,Beaver-Wersler Farm,Tredyffrin,,
BWF19,Beaver-Wersler Farm,Tredyffrin,,
BWF20,Beaver-Wersler Farm,Tredyffrin,,
BWF21,Beaver-Wersler Farm,Tredyffrin,,
BWF22,Beaver-Wersler Farm,Tredyffrin,,
BWF23,Beaver-Wersler Farm,Tredyffrin,,
BWF24,Beaver-Wersler Farm,Tredyffrin,,
BWF25,Beaver-Wersler Farm,Tredyffrin,,
CAA05,"Cassatt Avenue, Berwyn",Tredyffrin,View,
CAA06,"Cassatt Avenue, Berwyn",Tredyffrin,View,
CAA07,"Cassatt Avenue Bridge, Berwyn",Tredyffrin,,
CAA08,"Cassatt Avenue Bridge, Berwyn",Tredyffrin,Road,
CAA09,"Cassatt Avenue Bridge, Berwyn",Easttown,Road,
CAA1,"Cassatt Avenue, Berwyn looking north",Tredyffrin,View,
CAA10,"Cassatt Avenue Bridge, Berwyn",Easttown,Road,
CAA11,"Cassatt Avenue Bridge, Berwyn",Easttown,Road,
CAA12,"Cassatt Avenue Bridge, Berwyn",Easttown,Road,
CAA2,"Cassatt Avenue, Berwyn looking north",Tredyffrin,View,
CAA3,"Cassatt Avenue, Berwyn",Tredyffrin,Road,
CAM01,Cassatt Mansion House,Easttown,Service,
CAR1,Cassatt Road,Tredyffrin,Place,
CAR10,Cassatt Road,Tredyffrin,Place,
CAR11,Cassatt Road,Tredyffrin,Place,
CAR12,Cassatt Road,Tredyffrin,Place,
CAR13,State & Cassatt Roads,Tredyffrin,Place,
CAR14,Cassatt Road,Tredyffrin,Place,
CAR15,Cassatt Road,Tredyffrin,Place,
CAR16,Cassatt Road,Tredyffrin,Place,
CAR17,Cassatt Road,Tredyffrin,Place,
CAR18,"Cassatt Road, Berwyn",Tredyffrin,Place,
CAR19,Cassatt Road,Tredyffrin,Place,
CAR2,Cassatt Road,Tredyffrin,Place,
CAR20,Cassatt Road,Tredyffrin,Place,
CAR21,Cassatt Road,Tredyffrin,Place,
CAR22,Cassatt Road,Tredyffrin,Place,
CAR23,Cassatt Road,Tredyffrin,Place,
CAR24,Cassatt Road,Tredyffrin,Place,
CAR25,Looking south on Cassatt and State Roads,Tredyffrin,View,
CAR26,Looking North on Cassatt Road at Conestoga Road,Tredyffrin,,
CAR27,Cassatt and Conestoga Roads,Tredyffrin,View,
CAR28,Cassatt Road being widened,Tredyffrin,View,
CAR29,Looking north on Cassatt Road,Tredyffrin,View,
CAR3,Cassatt Road,Tredyffrin,Place,
CAR4,Cassatt Road,Tredyffrin,Place,
CAR5,Cassatt Road,Tredyffrin,Place,
CAR6,Cassatt Road,Tredyffrin,Place,
CAR7,Cassatt Road,Tredyffrin,Place,
CAR8,Cassatt Road,Tredyffrin,Place,
CAR9,Berwyn scene,Tredyffrin,Place,
CCC01,Fred DiAddezzio at the Continental Can Company,Tredyffrin,,
CCC02,Fred DiAddezzio at the Continental Can Company,Tredyffrin,,
CCC03,Continental Can Company,Tredyffrin,,
CCC04,Continental Can Company,Tredyffrin,,
CCC05,"United Papermakers and Paperworkers Conference, Continental Can Company",Tredyffrin,,
CCC06,United Papermakers & Paperworkers Union meeting,Tredyffrin,,
CCC07,Fred DiAddezzio on the right,Tredyffrin,,
CCC08,Continental Can Company Paoli Plant,Tredyffrin,,
CCC09,Union Meeting of Continental Can Company's UPP unions,Tredyffrin,,
CCC10,Continental Can Company,Tredyffrin,,
CCC11,Continental Can Company,Tredyffrin,,
CCC12,Continental Can Company,Tredyffrin,,
CCC13,Continental Can Company,Tredyffrin,,
CCC14,"Veterans’ Banquet, Continental Can Company",Tredyffrin,,
CCC15,"Veterans Banquet 1965, Continental Can Company",Tredyffrin,,
CCC16,"Veterans Banquet 1967, Continental Can Company",Tredyffrin,,
CCC17,"Veterans Banquet 1969, Continental Can Company",Tredyffrin,,
CCC18,"Veterans Banquet, Continental Can Company",Tredyffrin,,
CCC19,"Veterans Banquet, Continental Can Company",Tredyffrin,,
CCC20,"Veterans Banquet, Continental Can Company",Tredyffrin,,
CCC21,"Veterans Banquet, Continental Can Company",Tredyffrin,,
CCC22,"Veterans Banquet 1971, Continental Can Company",Tredyffrin,,
CCC23,Bowling team,Tredyffrin,,
CCC24,"Devon Bocce Club, Bowling league",Tredyffrin,,
CCC25,Continental Can Company Bowling Team - Devon Lanes Industrial League,Tredyffrin,,
CCF01,"Crum Creek Farm, Wayland Road",Easttown,,
CCF02,"Crum Creek Farm, Wayland Road",Easttown,,
CCF03,"Crum Creek Farm, Wayland Road",Easttown,,
CCF04,"Crum Creek Farm, Wayland Road",Easttown,,
CCF05,"Crum Creek Farm, Wayland Road",Easttown,,
CCT01,An imagining of Cockletown,Tredyffrin,Place,donation:0
CEH02,Cedar Tree at Cedar Hollow,Tredyffrin,View,
CEH03,Cedar Hollow,Tredyffrin,,
CEH1,Three Good Democrats,Tredyffrin,person,
CFU01,U.S. Marine Corps Camp Fuller,Tredyffrin,,
CFU02,U.S. Marine Corps Camp Fuller,Tredyffrin,,
CFU03,U.S. Marine Corps Camp Fuller,Tredyffrin,,
CFU04,U.S. Marine Corps Camp Fuller,Tredyffrin,,
CFU05,Camp Fuller,Tredyffrin,,
CFU05b,Back of CFU05,Tredyffrin,,
CFU06,Camp Fuller,Tredyffrin,,
CGS01,"Church of the Good Samaritan on Lancaster Pike, Paoli, 1888",Tredyffrin,,
CGS02,"Good Samaritan Church, Paoli",Tredyffrin,,
CGS03,Church of the Good Samaritan,Tredyffrin,,
CGS04,Church of the Good Samaritan,Tredyffrin,,
CGS05,"Church of the Good Samaritan, Paoli",Tredyffrin,,
CGS06,Good Samaritan Church,Tredyffrin,,
CGS07,Good Samaritan Church,Tredyffrin,,
CGS08,Good Samaritan Church,Tredyffrin,,
CGS09,Good Samaritan Church,Tredyffrin,,
CGS10,Good Samaritan Church,Tredyffrin,,
CGS11,Good Samaritan Church,Tredyffrin,,
CGS12,Good Samaritan Church,Tredyffrin,,
CGS13,Good Samaritan Church,Tredyffrin,,
CGS14,Good Samaritan Church,Tredyffrin,,
CGS15,Good Samaritan Church,Tredyffrin,,
CGS16,Good Samaritan Church,Tredyffrin,,
CGS17,Good Samaritan Church,Tredyffrin,,
CH1,Our Lady of the Assumption Church,Tredyffrin,,
CH10,"St. Monica’s Catholic Church, Berwyn",Easttown,,
CH11,"St. Monica’s Catholic Church, Berwyn",Easttown,,
CH12,"Trinity Presbyterian Church, Berwyn",Easttown,,
CH13,"St. Monica’s Catholic Church, Berwyn",Easttown,,
CH14,"Trinity Presbyterian Church, Berwyn",Easttown,,
CH15,"St. Monica’s Catholic Church, Berwyn",Easttown,,
CH16,Great Valley Baptist Chapel,Tredyffrin,,
CH17,Berwyn United Methodist Church,Easttown,,
CH18,"First Presbyterian Church, Paoli",Tredyffrin,,
CH19,"First Presbyterian Church, Paoli",Tredyffrin,,
CH2,"Carriage Sheds, Great Valley Presbyterian Church",Tredyffrin,,
CH21,"St. John’s Presbyterian Church, Devon",Easttown,,
CH22,Berwyn 75th Anniversary Service,Tredyffrin,,
CH23,Berwyn Baptist Chapel,Tredyffrin,,
CH25,"St Matthew’s Methodist Church, Berwyn",Easttown,,
CH27,"St. John’s Church, Devon",Easttown,,
CH28,"St John’s Church, Devon",Easttown,,
CH29,Paoli Baptist Church,Tredyffrin,,
CH3,"Mounting Block & Carriage Sheds, Great Valley Presbyterian Church",Tredyffrin,,
CH30,Paoli Baptist Church,Tredyffrin,,
CH31,"Knoll House now MainLine Unitarian Church, So. Valley Rd, Devon",Easttown,,
CH4,"Mounting Block & Carriage Sheds, Great Valley Presbyterian Church",Tredyffrin,,
CH6,Berwyn Baptist Chapel,Tredyffrin,,
CHE04,Chesterbrook Farm,Tredyffrin,View,
CHE05,Chesterbrook Farm,Tredyffrin,View,
CHE1,Alexander Murdock,Tredyffrin,person,
CHE10,Chesterbrook Farm Barn,Tredyffrin,,
CHE11,Chesterbrook Farm Barn & Silo,Tredyffrin,,
CHE12,Chesterbrook Farm Barn,Tredyffrin,,
CHE13,Lee-Bradford Quarters,Tredyffrin,House,
CHE14,Chesterbrook Farm,Tredyffrin,,
CHE15,Generals Lee & Bradford's Quarters,Tredyffrin,,
CHE16,Captain John Davis’ Quarters aka Cassatt Homestead,Tredyffrin,,
CHE17,Chesterbrook Boulevard,Tredyffrin,View,
CHE18,Chesterbrook Boulevard,Tredyffrin,View,
CHE19,Chesterbrook Village Center,Tredyffrin,,donation:0
CHE2,Carriages at Chesterbrook Farm,Tredyffrin,,
CHE20,Chesterbrook Village Center,Tredyffrin,,donation:0
CHE21,Chesterbrook Village Center,Tredyffrin,,donation:0
CHE22,Chesterbrook Village Center,Tredyffrin,,donation:0
CHE23,Chesterbrook Village Center,Tredyffrin,,donation:0
CHE24,Chesterbrook Village Center,Tredyffrin,,donation:0
CHE25,North Valley Hills,Tredyffrin,View,donation:0
CHE26,North Valley Hills,Tredyffrin,View,donation:0
CHE27,North Valley Hills,Tredyffrin,View,donation:0
CHE28,North Valley Hills,Tredyffrin,View,donation:0
CHE29,Chesterbroook and North Valley Hills,Tredyffrin,View,donation:0
CHE3,Chesterbrook Farm,Tredyffrin,,
CHE30,Chesterbroook and North Valley Hills,Tredyffrin,View,
CHE31,North Valley Hills,Tredyffrin,View,
CHE32,North Valley Hills,Tredyffrin,View,
CHE33,North Valley Hills,Tredyffrin,View,
CHE34,Chesterbrook,Tredyffrin,View,
CHE35,Chesterbrook,Tredyffrin,View,
CHE36,Chesterbrook,Tredyffrin,View,
CHE37,Chesterbrook,Tredyffrin,View,
CHE38,Chesterbrook,Tredyffrin,View,
CHE39,Chesterbrook,Tredyffrin,View,
CHE4,Chesterbrook Farm,Tredyffrin,,
CHE40,Chesterbrook,Tredyffrin,View,
CHE41,"Duportail Barn, Chesterbrook",Tredyffrin,View,
CHE42,"Duportail Barn, Chesterbrook",Tredyffrin,View,
CHE43,Chesterbrook,Tredyffrin,View,
CHE44,Chesterbrook,Tredyffrin,View,
CHE45,Chesterbrook,Tredyffrin,View,
CHE46,Chesterbrook,Tredyffrin,View,
CHE47,"Barn, Chesterbrook",Tredyffrin,View,
CHE48,"Barn, Chesterbrook",Tredyffrin,View,
CHE49,"Barn, Chesterbrook",Tredyffrin,View,
CHE5,Chesterbrook Farm,Tredyffrin,,
CHE50,Chesterbrook,Tredyffrin,View,
CHE51,Chesterbrook,Tredyffrin,View,
CHE52,Chesterbrook,Tredyffrin,,
CHE53,Chesterbrook Cows,Tredyffrin,,
CHE54,"Old Davis House, Chesterbrook",Tredyffrin,,
CHE55,"Duck Pond, Chesterbrook",Tredyffrin,,
CHE56,"Cadet, Chesterbrook Stallion",Tredyffrin,,
CHE57,"Bard, star racing horse of Chesterbrook",Tredyffrin,,
CHE58,Chesterbrook colts,Tredyffrin,,
CHE59,"Prize Bull, Chesterbrook",Tredyffrin,,
CHE6,Elda Barns,Tredyffrin,,
CHE60,"Flock of Sheep, Chesterbrook",Tredyffrin,,
CHE61,Chesterbrook Farm,Tredyffrin,Places,
CHE62,Chesterbrook Farm,Tredyffrin,Places,
CHE63,Chesterbrook Farm,Tredyffrin,Places,
CHE64,Chesterbrook Farm,Tredyffrin,Places,
CHE7,Two Furness Barns,Tredyffrin,,
CHE8,Captain John Davis House,Tredyffrin,,
CHE9,Chesterbrook Farm Barn,Tredyffrin,,
CHF01,Chesterbrook Farm,Tredyffrin,,
CHF02,Chesterbrook Farm,Tredyffrin,,
CHF03,Chesterbrook Farm,Tredyffrin,,
CHF06,Carriages at Chesterbrook Farm,Tredyffrin,,
CHF07,Carriages at Chesterbrook Farm,Tredyffrin,,
CHF08,Carriages at Chesterbrook Farm,Tredyffrin,,
CHF09,Carriages at Chesterbrook Farm,Tredyffrin,,
CHF10,Shell of house on Chesterbrook Farm,Tredyffrin,,
CHS01,Chesterbrook Shopping Center,Tredyffrin,,
CHS02,Chesterbrook Shopping Center,Tredyffrin,,
CHS03,Chesterbrook Shopping Center,Tredyffrin,,
CHS04,Chesterbrook Shopping Center,Tredyffrin,,
CHS05,Chesterbrook Shopping Center,Tredyffrin,,
CHS06,Chesterbrook Shopping Center,Tredyffrin,,
CHS07,Chesterbrook Shopping Center,Tredyffrin,,donation:0
CHS08,Chesterbrook Shopping Center,Tredyffrin,,
CHS09,Chesterbrook Shopping Center,Tredyffrin,,
CHS10,Chesterbrook Shopping Center,Tredyffrin,,
CHS11,Chesterbrook Shopping Center,Tredyffrin,,
CHS12,Chesterbrook Shopping Center,Tredyffrin,,
CLC1,Coates Log Cabin,Easttown,,
CLE02,Cleaver’s Store,Easttown,,
CLF01,Mabel Mae Johnston,,person,
CLF02,George W. Clemmans,,person,
CLF03,George W. Clemmans,,person,
CLF04,George C. Clemmans and Lulu F. Kerrigan,,person,
CLO01,"Clonmel, Old Eagle School Road",Tredyffrin,,
CLO02,"Clonmel, Old Eagle School Road",Tredyffrin,,
CLO03,"Clonmel, Old Eagle School Road",Tredyffrin,,
CMR01,W. T. Comer’s Haberdashery Store,Tredyffrin,,
CMR02,W. T. Comer’s Haberdashery Store,Tredyffrin,,
CMR03,W. T. Comer’s Haberdashery Store,Tredyffrin,,
CMR04,Tredyffrin township Police Car,Tredyffrin,,
CMR05,"W. T. Comer, Tredyffrin Supervior, Retirement Dinner",Tredyffrin,person,
CMR06,"W. T. Comer, Tredyffrin Supervisor, Retirement Dinner",Tredyffrin,person,
CMR07,Early Traffic Lights in Tredyffrin township,Tredyffrin,Road,
COC01,"Church of Christ, Valley Forge",Tredyffrin,,
COC02,"Church of Christ, Valley Forge",Schuylkill,,
COC03,"Church of Christ, Valley Forge",Schuylkill,,
COR01,Conestoga Road,Tredyffrin,Place,
COR02,"Harry K. Ong house, Conestoga Road",Tredyffrin,Place,
COR03,"Ong home, corner of Bair and Conestoga Roads",Tredyffrin,Place,
COR04,Conestoga Road,Tredyffrin,Place,
COR05,"Former home of Mrs John Heagy,  Conestoga Road",Tredyffrin,Place,
COR06,"Former home of Mrs John Heagy, 755 Conestoga Road",Tredyffrin,Place,
COR07,"Former home of Mrs John Heagy, Conestoga Road",Tredyffrin,Place,
COR08,Rear of 765 Conestoga Road,Tredyffrin,Place,
COR09,Conestoga Road,Tredyffrin,Place,
COR10,"W. C. Latch home, Conestoga Road",Tredyffrin,Place,
COR11,"Mansley house, 759 Conestoga Road",Tredyffrin,Place,
COR12,"Mansley home, 759 Conestoga Road",Tredyffrin,Place,
COR13,"Norcini's house being built, Conestoga Road",Tredyffrin,Place,
COR14,Conestoga Road being relaid 1970,Tredyffrin,Place,
COR15,Conestoga Road being relaid 1970,Tredyffrin,Place,
COR16,Conestoga Road being relaid 1970,Tredyffrin,Place,
COR17,678 Conestoga Road,Tredyffrin,Place,
COR18,678 Conestoga Road,Tredyffrin,Place,
COR19,617 Conestoga Road,Tredyffrin,Place,
COR20,617 Conestoga Road,Tredyffrin,Place,
COR21,586 Conestoga Road,Tredyffrin,Place,
COR22,586 Conestoga Road,Tredyffrin,Place,
COR23,560 Conestoga Road,Tredyffrin,Place,
COR24,560 Conestoga Road,Tredyffrin,Place,
COR25,Conestoga Road,Tredyffrin,Place,
COR26,"Conestoga Road, work outside Hillcrest",Tredyffrin,Place,
COR27,Conestoga Road outside Bair estate,Tredyffrin,Place,
COR28,Conestoga Road at Bairs estate,Tredyffrin,Place,
COR29,Conestoga Road at Bair estate,Tredyffrin,Place,
COR30,"Pavement preparation, Conestoga Road",Tredyffrin,Place,
COR31,"Pavement work, Conestoga Road",Tredyffrin,Place,
COR32,"Pavemnet work, Conestoga Road",Tredyffrin,Place,
COR33,"Sewer work, Conestoga Road",Tredyffrin,Place,
COR34,"Storm damage, Conestoga Road",Tredyffrin,Place,
COR35,"Sewer work, Conestoga Road",Tredyffrin,Place,
COR36,Conestoga Road,,View,
COR37,Conestoga Road,Tredyffrin,View,
COR38,Conestoga Road,,View,
COR39,Conestoga Road at Bair Avenue,Tredyffrin,View,
COR40,Conestoga Road,Tredyffrin,View,
COR41,Conestoga Road,Tredyffrin,View,
COR42,Conestoga Road,Tredyffrin,View,
COR43,Conestoga Road,Tredyffrin,View,
COR44,Conestoga Road,Tredyffrin,View,
COR45,Conestoga Road,Tredyffrin,View,
COR46,Conestoga Road,Tredyffrin,View,
COS01,Colonial Springs Logo,Schuylkill,,
COS02,Interior of Colonial Springs Building,Schuylkill,,
COS03,Colonial Springs,Schuylkill,,
COS04,Colonial Springs Bottling Plant,Schuylkill,,
COS05,Colonial Springs Bottling Plant,Schuylkill,Colonial Springs Bottling Plant,
CRC02,Church Road Cabin,Tredyffrin,,
CRM03,Aaron and Dennis Coleman at the Church Road Mill,Tredyffrin,,
CRS03,Carr School,Tredyffrin,,
CRS04,Carr School,Tredyffrin,,
CRS1,"Carr School, 1832 - 1869",Tredyffrin,,
CST01,"Carstenstein, Dorset Road",Easttown,,
CUH06,Bicentennial Parade,Tredyffrin,,
CUH07,Bicentennial Parade,Tredyffrin,,
CUH08,Bicentennial Parade,Tredyffrin,,
CUH09,Wagon train - Bicentennial,Easttown,,
CUH2,Dinner Preparation,Marple,,
CUH3,Mending Shift,Marple,,
CUH5,Chopped egg sauce,Marple,,
CUR62,"Continental 1/6 Dollar note, 1776",,Service,
CUR63,"New Jersey 1 cent coin, 1786",,Service,
CUR64,"Piece of Eight, 19th century",,Service,
CUR65,"Spanish Dollar Coin, 1762",,Service,
CVR1,New Centerville Grade Crossing,Tredyffrin,,
CVR100,Conductor uses telephone box near Cedar Hollow Road,Tredyffrin,,
CVR102,"Looking east, locomotive and caboose cross over Swedesford Road in Tredyffrin Township",Tredyffrin,,
CVR103,"Looking north, a Reading locomotive and caboose approach the Church Road crossing",Tredyffrin,,
CVR104,"Site of Warner spur off Chester Valley Railroad at Church and St. Johns Road, Tredyffrin",Tredyffrin,,
CVR106,"Reading hoppers cross Cedar Hollow Road heading west, summer 1967.",Tredyffrin,,
CVR107,Matthews Road Bridge over the Chester Valley Railroad,Tredyffrin,,
CVR108,"Westbound Valley freight crosses Cedar Hollow Road, Tredyffrin Township,",Tredyffrin,,
CVR109,Looking east from Cedar Hollow Road along the former Chester Valley Railroad,Tredyffrin,,
CVR11,"State Road Grade Crossing, Chester Valley Railroad",Tredyffrin,,
CVR110,"Amidst the destruction of the roadbed, a Chester Valley Railroad rail from 1912.",Tredyffrin,,
CVR131,Bridge Abutments on Chester Valley Trail (ex Chester Valley Railroad),Tredyffrin,,
CVR132,Bridge Abutments on Chester Valley Trail (ex Chester Valley Railroad),Tredyffrin,,
CVR133,Annotated New Centerville Station plan,Tredyffrin,,
CVR134,Cedar Hollow Station Fire,Tredyffrin,,
CVR135,Cedar Hollow Station Fire,Tredyffrin,,
CVR136,Cedar Hollow Station Fire,Tredyffrin,,
CVR137,Chester Valley Trail,Tredyffrin,,
CVR138,Chester Valley Railroad conductor calls from burned Cedar Hollow station 1967,Tredyffrin,,
CVR139,"Chester Valley Trail, looking east",Tredyffrin,,
CVR140,Cedar Hollow Station,Tredyffrin,,
CVR141,Maple Station,Tredyffrin,,
CVR142,Chesterbrook Station on the Chester Valley Railroad,Tredyffrin,,
CVR143,Cedar Hollow Station,Tredyffrin,,
CVR144,Truck-Bridge Collision on Swedesford Road,Tredyffrin,,
CVR145,Truck-Bridge Collision on Swedesford Road,Tredyffrin,,
CVR147,Truck-Bridge Collision on Swedesford Road,Tredyffrin,,
CVR148,Truck-Bridge Collision on Swedesford Road,Tredyffrin,,
CVR149,Truck-Bridge Collision on Swedesford Road,Tredyffrin,,
CVR150,Truck-Bridge Collision on Swedesford Road,Tredyffrin,,
CVR151,Truck-Bridge Collision on Swedesford Road,Tredyffrin,,
CVR152,Truck-Bridge Collision on Swedesford Road,Tredyffrin,,
CVR153,Truck-Bridge Collision on Swedesford Road,Tredyffrin,,
CVR154,Truck-Bridge Collision on Swedesford Road,Tredyffrin,,
CVR155,Truck-Bridge Collision on Swedesford Road,Tredyffrin,,
CVR156,Truck-Bridge Collision on Swedesford Road,Tredyffrin,,
CVR157,Truck-Bridge Collision on Swedesford Road,Tredyffrin,,
CVR158,Truck-Bridge Collision on Swedesford Road,Tredyffrin,,
CVR161,Truck-Bridge Collision on Swedesford Road,Tredyffrin,,
CVR163,Truck-Bridge Collision on Swedesford Road,Tredyffrin,,
CVR164,Truck-Bridge Collision on Swedesford Road,Tredyffrin,,
CVR165,Truck-Bridge Collision on Swedesford Road,Tredyffrin,,
CVR167,Truck-Bridge Collision on Swedesford Road,Tredyffrin,,
CVR168,Truck-Bridge Collision on Swedesford Road,Tredyffrin,,
CVR169,Truck-Bridge Collision on Swedesford Road,Tredyffrin,,
CVR170,Truck-Bridge Collision on Swedesford Road,Tredyffrin,,
CVR172,Truck-Bridge Collision on Swedesford Road,Tredyffrin,,
CVR18,View of Bridgeport,,View,
CVR2,Strafford Grade Crossing,Tredyffrin,,
CVR21,"“Iron Horse Ramble” through Bridgeport, April 30, 1960.",Bridgeport,,
CVR3,Diagram of railroad track at (New) Centerville,Tredyffrin,,
CVR77,"Eastward along former Chester Valley Railroad roadbed from Old Eagle School Road, Tredyffrin",Tredyffrin,,
CVR78,Chester Valley Railroad right of way east of Old Eagle School Road,Tredyffrin,,
CVR79,"Chester Valley Railroad right of way from West Valley Road, Tredyffrin",Tredyffrin,,
CVR80,"View west along former Chester Valley Railroad roadbed near New Centerville, April 29, 2002.",Tredyffrin,,
CVR81,Remains of Chester Valley Railroad water tank at New Centerville,Tredyffrin,,
CVR82,Remains of Chester Valley Railroad water tank at New Centerville,Tredyffrin,,
CVR83,"Remnants of the iron Chester Valley Railroad water trough in New Centerville, May 2000.",Tredyffrin,,
CVR84,Chester Valley Railroad water trough near the former New Centerville station,Tredyffrin,,
CVR88,Reading diesel switcher hauls freight west across Valley Forge Road,Tredyffrin,,
CVR89,"Site of former Chester Valley Railroad overpass across Valley Forge Road, looking north,",Tredyffrin,,
CVR9,Howellville Station,Tredyffrin,,
CVR90,"Westbound Valley freight approaches old Rte. 202 bridge, Tredyffrin Township,",Tredyffrin,,
CVR91,"Westbound Valley freight past new Rte. 202 bridge, Tredyffrin Township, c. early 1970s.",Tredyffrin,,
CVR92,"Eastbound Chester Valley Railroad Alco RS-3 near the present Chesterbrook Blvd., Tredyffrin Township",Tredyffrin,,
CVR93,Going-away shot – same train (see CVR92) heads north toward the old Rt. 202 overpass (later Route 252) near Chesterbrook.,Tredyffrin,,
CVR94,"Hauling hoppers west past Johnson's Quarry, Howellville",Tredyffrin,,
CVR95,New (1970) Swedesford Road overpass.,Tredyffrin,,
CVR96,"West toward the Cedar Hollow Station, Chester Valley branch, November 23, 1961.",Tredyffrin,,
CVR99,"Chester Valley Railroad near Cedar Hollow Road, Tredyffrin Township",Tredyffrin,,
CVY01,"Clovelly, Clovelly Road",Easttown,,
CVY02,"Clovelly, Clovelly Road",Easttown,,
CWB04,Carriage Way Houses,Tredyffrin,Place,
CWB05,Carriage Way Houses,Tredyffrin,Place,
CWB06,Carriage Way Houses,Tredyffrin,Place,
CWB07,Carriage Way Houses,Tredyffrin,Place,
CWB08,Carriage Way Houses,Tredyffrin,Place,
CWB09,Carriage Way Houses,Tredyffrin,Place,
CWB1,"Carriage Way, Berwyn",Tredyffrin,Place,
CWB10,"4 Carriage Way, Berwyn",Tredyffrin,Place,
CWB11,"4 Carriage Way, Berwyn",Tredyffrin,Place,
CWB12,"4 Carriage Way, Berwyn",Tredyffrin,Place,
CWB13,"4 Carriage Way, Berwyn",Tredyffrin,Place,
CWB14,"4 Carriage Way, Berwyn",Tredyffrin,Place,
CWB15,"4 Carriage Way, Berwyn",Tredyffrin,Place,
CWB16,"4 Carriage Way, Berwyn",Tredyffrin,Place,
CWB17,"4 Carriage Way, Berwyn",Tredyffrin,Place,
CWB18,"4 Carriage Way, Berwyn",Tredyffrin,Place,
CWB19,"4 Carriage Way, Berwyn",Tredyffrin,Place,
CWB2,"Carriage Way, Berwyn",Tredyffrin,Place,
CWB20,"4 Carriage Way, Berwyn",Tredyffrin,Place,
CWB21,"4 Carriage Way, Berwyn",Tredyffrin,Place,
CWB22,"4 Carriage Way, Berwyn",Tredyffrin,Place,
CWB23,Carriage Way Houses,Tredyffrin,Place,
CWB24,Carriage Way Houses,Tredyffrin,Place,
CWB25,Carriage Way house,Tredyffrin,,
CWB3,"Carriage Way, Berwyn",Tredyffrin,View,
CWI03,Old Covered Wagon Inn,Tredyffrin,,
CWI04,Covered Wagon Inn,Tredyffrin,,
CWI05,Covered Wagon Inn,Tredyffrin,,
CWI06,Covered Wagon Inn,Tredyffrin,,
CWI07,Covered Wagon Inn,Tredyffrin,,
CWI08,Covered Wagon Inn,Tredyffrin,,
CWI1,Covered Wagon Inn,Tredyffrin,,
CWI2,Covered Wagon Inn,Tredyffrin,,
DAA01,"Norbertine Abbey, Daylesford",Tredyffrin,,
DAA02,"Norbertine Abbey, Daylesford",Tredyffrin,,
DAI01,Aero Service Company Aerial Image of Devon Horse Show area,Easttown,,
DAI03,Dallin Aerial Image of Devon Horse Show area,Easttown,,
DAI04,Dallin Aerial Image of Devon Horse Show area,Easttown,,
DAI05,Dallin Aerial Image of Devon Horse Show area,Easttown,,
DAI06,Dallin Aerial Image of Devon Horse Show area,Easttown,,
DAI07,Dallin Aerial Image of Devon Horse Show area,Easttown,,
DAI08,Dallin Aerial Image of Devon Horse Show area,Easttown,,
DAI09,Dallin Aerial Image of Devon Horse Show area,Easttown,,
DAI10,Dallin Aerial Image of Devon Horse Show area,Easttown,,
DAI11,Aerial Image of Devon Horse Show area,Easttown,,
DAI12,Dallin Aerial Image of Devon Horse Show area,Easttown,,
DAI13,Aerial Image of Devon Horse Show area,Easttown,,
DAI14,Dallin Aerial Image of Devon Horse Show area,Easttown,,
DAI15,Aerial Image of Devon Horse Show area,Easttown,,
DAI16,Dallin Aerial Image of Devon Horse Show area,Easttown,,
DAI17,Aerial Image of Devon Horse Show area,Easttown,,
DAI18,Dallin Aerial Image of Devon Horse Show area,Easttown,,
DAI19,Aerial Image of Devon Horse Show area,Easttown,,
DAI20,Dallin Aerial Image of Devon Horse Show area,Easttown,,
DAI21,Aerial Image of Devon Horse Show area,Easttown,,
DAI22,Dallin Aerial Image of Devon Horse Show area,Easttown,,
DAI23,Aerial Image of Devon Horse Show area,Easttown,,
DAY06,"Lancaster Avenue, Daylesford",Tredyffrin,,
DAY07,"Office Construction SW corner of Glenn Road and Lancaster Avenue, Daylesford",Tredyffrin,View,
DAY08,"Office Construction SW corner of Glenn Road and Lancaster Avenue, Daylesford",Tredyffrin,View,
DAY09,"Office Construction SW corner of Glenn Road and Lancaster Avenue, Daylesford",Tredyffrin,View,
DAY1,Glenn Road looking north,Tredyffrin,View,
DAY10,"Office Construction SW corner of Glenn Road and Lancaster Avenue, Daylesford",Tredyffrin,View,
DAY11,"Office Construction SW corner of Glenn Road and Lancaster Avenue, Daylesford",Tredyffrin,View,
DAY12,"Office Construction SW corner of Glenn Road and Lancaster Avenue, Daylesford",Tredyffrin,View,
DAY13,"Office Construction SW corner of Glenn Road and Lancaster Avenue, Daylesford",Tredyffrin,View,
DAY14,"Office Construction SW corner of Glenn Road and Lancaster Avenue, Daylesford",Tredyffrin,View,
DAY15,"Office Construction SW corner of Glenn Road and Lancaster Avenue, Daylesford",Tredyffrin,View,
DAY16,"Office Construction SW corner of Glenn Road and Lancaster Avenue, Daylesford",Tredyffrin,View,
DAY17,"Office Construction SW corner of Glenn Road and Lancaster Avenue, Daylesford",Tredyffrin,View,
DAY18,"Office Construction SW corner of Glenn Road and Lancaster Avenue, Daylesford",Tredyffrin,View,
DAY19,"Office Construction SW corner of Glenn Road and Lancaster Avenue, Daylesford",Tredyffrin,View,
DAY2,"Glenn Road, Daylesford",Tredyffrin,View,
DAY5,Prissey's Hollow,Tredyffrin,View,
DBC01,"Darby Creek, Devon",Easttown,Place,
DBC02,"Darby Creek, Devon",Easttown,Place,
DBC03,"Darby Creek, Devon",Easttown,Place,
DBC04,"Darby Creek, Devon",Easttown,Place,
DBC05,"Darby Creek, Devon",Easttown,Place,
DBC06,"Darby Creek, Devon",Easttown,Place,
DBC07,"Darby Creek, Devon",Easttown,Place,
DBC08,"Darby Creek, Devon",Easttown,,
DBC09,"Darby Creek, Devon",Easttown,Place,
DBG01,Devon Building Supply,Easttown,,
DBG02,Devon Building Supply,Easttown,,
DBS04,"D. Bernard Stout, Blacksmith of Cabbagetown",Easttown,,
DBS1,"D. Bernard Stout, wheelwright and blacksmith",Easttown,,
DBS2,"D. Bernard Stout, wheelwright and blacksmith",Easttown,,
DBS3,"D. Bernard Stout, wheelwright and blacksmith",Easttown,,
DBV02,"Devault Beaver, 1825 - 1893, gravestone",Tredyffrin,,
DCF001,Devon Horse Show and Country Fair Cafeteria Committee,Easttown,,
DCF002,Devon Horse Show and Country Fair - food sampling,Easttown,,
DCF003,Devon Horse Show and Country Fair - Mrs Croll retires,Easttown,,
DCF004,Devon Horse Show and Country Fair Poster,Easttown,,
DCF005,Devon Horse Show and Country Fair Garden Booth,Easttown,,
DCF006,Miss Thelma Austin and dog,Easttown,,donation:0
DCF007,Country Clothes Shop,Easttown,,donation:0
DCF008,Country Fair,Easttown,,donation:0
DCF009,Country Fair,Easttown,,donation:0
DCF010,Country Fair,Easttown,,donation:0
DCF011,Country Fair,Easttown,,donation:0
DCF012,Country Fair,Easttown,,donation:0
DCF013,Country Fair,Easttown,,donation:0
DCF014,Country Fair,Easttown,,donation:0
DCF015,Country Fair,Easttown,,donation:0
DCF016,Country Fair,Easttown,,donation:0
DCF017,Country Fair,Easttown,,donation:0
DE1,Dingee Estate Barn,Tredyffrin,,
DE10,"Dingee estate sheep pasture, Paoli",Tredyffrin,,
DE2,Dingee Estate Barn,Tredyffrin,,
DE3,Shepherd on Dingee Estate,Tredyffrin,,
DE4,Dingee Farm,Tredyffrin,,
DE5,Dingee Cow Barn,Tredyffrin,,
DE6,Dingee Barn,Tredyffrin,,
DE7,"John Dingee House, 'Fennerton'",Tredyffrin,,
DE8,"Old Barn, Paoli",Tredyffrin,,
DE9,"Barn House, Paoli",Tredyffrin,,
DEI03,"Devon Inn, postmark 1910",Easttown,,
DEI04,"Devon Inn, postmark 1910",Easttown,,
DEI05,"Devon Inn looking south, postmark 1910",Easttown,,
DEI06,"Devon Inn looking south, postmark 1910",Easttown,,
DEI07,Devon Inn,Easttown,,
DEI08,Grand Entrance of the Devon Inn,Easttown,,
DEI09,"Porch Cafe, Devon Inn",Easttown,,
DEI10,Front of the Devon Inn,Easttown,,
DEI11,Devon Horse Show carriages,Easttown,,donation:0
DEI12,Devon Horse Show single riders,Easttown,,donation:0
DEI13,Devon Horse Show carriages,Easttown,,donation:0
DEI14,Devon Horse Show grounds with Devon Inn in background,Easttown,,donation:0
DEI15,Devon Horse Show grounds with Devon Inn in background,Easttown,,donation:0
DEI16,Devon Horse Show grounds with Devon Inn in background,Easttown,,donation:0
DEI17,Little Boys on Horses at Devon Horse Show 1898,Easttown,,donation:0
DEI18,Little girl astride horse Devon Horse Show,Easttown,,donation:0
DEI19,Design for Devon Inn Stables 1882,Easttown,,donation:0
DEI20,"Devon Inn and Lawn, Devon, PA",Easttown,,
DEI21,Devon Inn,Easttown,,
DEI22,Devon Inn,Easttown,,
DEI23,Devon Inn,Easttown,,
DEI24,Devon Inn,Easttown,,
DEI25,Devon Manor,Easttown,,
DEI26,Devon Inn,Easttown,,
DEI27,Original Devon Inn,Easttown,,
DEI28,Devon Manor Hotel,Easttown,,
DEI29,Devon Inn,Easttown,,
DEI30,Ruins of Devon Inn after second fire,Easttown,,
DEI31,Devon Inn,Easttown,,donation:0
DEI31b,Back of DEI31,Easttown,,donation:0
DEI32,Devon Inn,Easttown,,donation:0
DEI32b,Back of DEI32,Easttown,,donation:0
DEI33,Devon Inn,Easttown,,donation:0
DEI33b,Back of DEI33,Tredyffrin,,donation:0
DEI34,Devon Manor,Easttown,Service,donation:0
DEI34b,Back of DEI34,Easttown,Service,donation:0
DEI35,Devon Inn,Easttown,,
DEI36,Devon Inn,Easttown,,
DEI37,Devon Inn and lawn,Easttown,,
DEI38,Devon Inn,Easttown,,
DEI39,Devon Inn,Easttown,,
DEI40,Entrance to Devon Inn,Easttown,,
DEI41,"The Floral Cafe, Devon Inn",Easttown,,
DEI42,Devon Park Hotel,Easttown,,
DEP01,Devon Prep School Chemistry Class,Easttown,,
DES1,Devon Elementary School,Easttown,,
DET01,Detwiler Barn?,Tredyffrin,,
DET02,Andrews Barn Fire,Tredyffrin,,
DET03,Detwiler House aka Andrews Farm,Tredyffrin,,
DEV1,"Waterloo Road, Devon",Easttown,Place,
DEV10,"The Woodside Observatory, Devon",,View,
DEV11,View from Devon Inn,Easttown,,
DEV12,View of Wayne,,View,
DEV13,Devon Boulevard,Easttown,Place,
DEV14,Devon Boulevard,Easttown,Place,
DEV15,"Lakeside Road, Devon",Easttown,Place,
DEV16,"Lakeside Road, Devon",,Place,
DEV17,Lakeside Avenue,Easttown,Place,
DEV18,Lakeside Road,Easttown,Place,
DEV19,Bridge at Devon Station,Tredyffrin,View,
DEV2,"Old Lancaster Road, Devon",Easttown,Place,
DEV20,President Roosevelt leaving Devon Station in carriage,Easttown,,
DEV21,PRR Bridge over Waterloo Avenue next to Devon Station,Easttown,,
DEV22,Devon,Easttown,View,
DEV22b,Back of DEV22,Easttown,View,
DEV23,"Holloway Estate, Devon",Easttown,,
DEV24,Aerial view of Devon and Strafford showing building of K-Mart store,Tredyffrin,View,
DEV25,"Lancaster Avenue, Devon",Easttown,Road,
DEV26,Lancaster and Grove Avenues in Devon,Tredyffrin,,
DEV27,Lancaster and Grove Avenues in Devon,Tredyffrin,,
DEV28,Lancaster and Grove Avenues in Devon,Tredyffrin,,
DEV29,"Greetings from Devon, PA",Easttown,View,
DEV3,"Berkeley Avenue, Devon",Easttown,Place,
DEV30,A view on Lancaster Pike towards the Wynburne Inn,Easttown,Road,
DEV31,Devon Boulevard Snow Trotters,Easttown,Devon,
DEV32,Devon Boulevard Snow Trotters,Easttown,Devon,
DEV4,"Crow's Nest, Conestoga Road, Devon",Easttown,View,
DEV5,"Parting of the ways, Devon",Easttown,View,
DEV6,Devon Hill,Easttown,View,
DEV7,"Looking east on Lancaster Pike toward Devon. Glassley School on right, June 1888",Easttown,Place,
DEV8,Boulevard and Devon Station looking north,Easttown,,
DEV9,"New Devon Garage and Antique Tea Room, Devon 1908",Tredyffrin,,
DEX01,"Devereux School, Berwyn",Easttown,,
DFF1,Devon Fireworks Factory Explosion,Tredyffrin,,
DFF10,"Rescue Workers, Devon Fireworks Factory Explosion",Tredyffrin,,
DFF11,Devon Fireworks Factory Explosion,Tredyffrin,,
DFF12,Devon Fireworks Factory Explosion,Tredyffrin,,
DFF13,Devon Fireworks Factory Explosion,Tredyffrin,,
DFF14,Devon Fireworks Factory Explosion,Tredyffrin,,
DFF15,Devon Fireworks Factory Explosion,Tredyffrin,,
DFF16,Devon Fireworks Factory Explosion,Tredyffrin,,
DFF17,Devon Fireworks Factory Explosion,Tredyffrin,,
DFF18,Devon Fireworks Factory Explosion,Tredyffrin,,
DFF19,Devon Fireworks Factory Explosion,Tredyffrin,,
DFF2,Cadets at the Devon Fireworks Factory Explosion,Tredyffrin,,
DFF20,Devon Fireworks Factory Explosion,Tredyffrin,,
DFF21,Devon Fireworks Factory Explosion,Tredyffrin,,
DFF22,Devon Fireworks Factory Explosion,Tredyffrin,,
DFF23,Devon Fireworks Factory Explosion,Tredyffrin,,
DFF24,Devon Fireworks Factory Explosion,Tredyffrin,,
DFF25,Devon Fireworks Factory Explosion,Tredyffrin,,
DFF26,Devon Fireworks Factory Explosion,Tredyffrin,,
DFF27,Devon Fireworks Factory Explosion,Tredyffrin,,
DFF28,Devon Fireworks Factory Explosion,Tredyffrin,,
DFF29,Devon Fireworks Factory Explosion,Tredyffrin,,
DFF3,Troops and Damage at the Devon Fireworks Factory Explosion,Tredyffrin,,
DFF30,Devon Fireworks Factory Explosion,Tredyffrin,,
DFF31,Devon Fireworks Factory Explosion,Tredyffrin,,
DFF32,Devon Fireworks Factory Explosion,Tredyffrin,,
DFF33,Devon Fireworks Factory Explosion,Tredyffrin,,
DFF34,Devon Fireworks Factory Explosion,Tredyffrin,,
DFF35,Devon Fireworks Factory Explosion,Tredyffrin,,
DFF36,Devon Fireworks Factory Explosion,Tredyffrin,,
DFF37,Devon Fireworks Factory Explosion,Tredyffrin,,
DFF38,Devon Fireworks Factory Explosion,Tredyffrin,,
DFF39,Devon Fireworks Factory Explosion,Tredyffrin,,
DFF4,Damaged House at the Devon Fireworks Factory Explosion,Tredyffrin,,
DFF40,Devon Fireworks Factory Explosion,Tredyffrin,,
DFF41,Devon Fireworks Factory Explosion,Tredyffrin,,
DFF42,Devon Fireworks Factory Explosion,Tredyffrin,,
DFF43,Devon Fireworks Factory Explosion,Tredyffrin,,
DFF44,Devon Fireworks Factory Explosion,Tredyffrin,,
DFF45,Devon Fireworks Factory Explosion,Tredyffrin,,
DFF46,Devon Fireworks Factory Explosion,Tredyffrin,,
DFF47,Devon Fireworks Factory Explosion,Tredyffrin,,
DFF48,Devon Fireworks Factory Explosion,Tredyffrin,,
DFF49,Devon Fireworks Factory Explosion,Tredyffrin,,
DFF5,Firemen at the Devon Fireworks Factory Explosion,Tredyffrin,,
DFF50,Devon Fireworks Factory Explosion,Tredyffrin,,
DFF6,Devon Fireworks Factory,Tredyffrin,,
DFF7,Devon Fireworks Factory Explosion,Tredyffrin,,
DFF8,Interior Damage from Devon Fireworks Factory Explosion,Tredyffrin,,
DFF9,Devon Fireworks Factory Explosion,Tredyffrin,,
DHS001,Devon Horse Show,Easttown,,donation:0
DHS002,Devon Horse Show,Easttown,,donation:0
DHS003,Devon Horse Show,Easttown,,donation:0
DHS004,Devon Horse Show,Easttown,,donation:0
DHS005,Devon Horse Show,Easttown,,donation:0
DHS006,Devon Horse Show,Easttown,,donation:0
DHS007,Devon Horse Show,Easttown,,donation:0
DHS008,Devon Horse Show,Easttown,,donation:0
DHS009,Devon Horse Show,Easttown,,donation:0
DHS010,Devon Horse Show,Easttown,,donation:0
DHS011,Devon Horse Show,Easttown,,donation:0
DHS012,Devon Horse Show,Easttown,,donation:0
DHS013,Devon Horse Show,Easttown,,donation:0
DHS014,Devon Horse Show,Easttown,,donation:0
DHS015,Devon Horse Show,Easttown,,donation:0
DHS016,Devon Horse Show,Easttown,,donation:0
DHS017,Devon Horse Show,Easttown,,donation:0
DHS018,Devon Horse Show,Easttown,,donation:0
DHS019,Devon Horse Show,Easttown,,donation:0
DHS020,Devon Horse Show,Easttown,,donation:0
DHS021,Devon Horse Show,Easttown,,donation:0
DHS022,Devon Horse Show,Easttown,,donation:0
DHS023,Devon Horse Show,Easttown,,donation:0
DHS024,Devon Horse Show,Easttown,,donation:0
DHS025,Devon Horse Show,Easttown,,donation:0
DHS026,Devon Horse Show,Easttown,,donation:0
DHS027,Devon Horse Show,Easttown,,donation:0
DHS028,Devon Horse Show,Easttown,,donation:0
DHS029,Devon Horse Show,Easttown,,donation:0
DHS030,Devon Horse Show,Easttown,,donation:0
DHS031,Devon Horse Show,Easttown,,donation:0
DHS032,Devon Horse Show,Easttown,,donation:0
DHS033,Devon Horse Show,Easttown,,donation:0
DHS034,Devon Horse Show,Easttown,,donation:0
DHS035,Devon Horse Show,Easttown,,donation:0
DHS036,Devon Horse Show,Easttown,,donation:0
DHS037,Devon Horse Show,Easttown,,donation:0
DHS038,Devon Horse Show,Easttown,,donation:0
DHS039,Devon Horse Show,Easttown,,donation:0
DHS040,Devon Horse Show,Easttown,,donation:0
DHS041,Devon Horse Show,Easttown,,donation:0
DHS042,Devon Horse Show,Easttown,,donation:0
DHS043,Devon Horse Show,Easttown,,donation:0
DHS044,Devon Horse Show,Easttown,,donation:0
DHS045,Devon Horse Show,Easttown,,donation:0
DHS046,Devon Horse Show,Easttown,,donation:0
DHS047,Devon Horse Show,Easttown,,donation:0
DHS048,Devon Horse Show,Easttown,,donation:0
DHS049,Gypsy Rose Lee at the Devon Horse Show,Easttown,,donation:0
DHS050,Devon Horse Show,Easttown,,donation:0
DHS051,Devon Horse Show,Easttown,,donation:0
DHS052,Devon Horse Show,Easttown,,donation:0
DHS053,Devon Horse Show,Easttown,,donation:0
DHS054,Devon Horse Show,Easttown,,donation:0
DHS055,Devon Horse Show,Easttown,,donation:0
DHS056,Devon Horse Show,Easttown,,donation:0
DHS057,Devon Horse Show,Easttown,,donation:0
DHS058,Devon Horse Show,Easttown,,donation:0
DHS059,Devon Horse Show,Easttown,,donation:0
DHS060,Devon Horse Show,Easttown,,donation:0
DHS061,Devon Horse Show,Easttown,,donation:0
DHS062,Devon Horse Show,Easttown,,donation:0
DHS063,Devon Horse Show,Easttown,,donation:0
DHS064,Devon Horse Show,Easttown,,donation:0
DHS065,Devon Horse Show,Easttown,,donation:0
DHS066,Devon Horse Show,Easttown,,donation:0
DHS067,Devon Horse Show,Easttown,,donation:0
DHS068,Devon Horse Show,Easttown,,donation:0
DHS069,Devon Horse Show,Easttown,,donation:0
DHS070,Devon Horse Show,Easttown,,donation:0
DHS071,Devon Horse Show,Easttown,,donation:0
DHS072,Devon Horse Show,Easttown,,donation:0
DHS073,Devon Horse Show,Easttown,,donation:0
DHS074,Devon Horse Show,Easttown,,donation:0
DHS075,Devon Horse Show,Easttown,,donation:0
DHS076,Devon Horse Show,Easttown,,donation:0
DHS077,Devon Horse Show,Easttown,,donation:0
DHS078,Devon Horse Show,Easttown,,donation:0
DHS079,Devon Horse Show,Easttown,,donation:0
DHS080,Devon Horse Show,Easttown,,donation:0
DHS081,Devon Horse Show,Easttown,,donation:0
DHS082,Devon Horse Show,Easttown,,donation:0
DHS083,Devon Horse Show,Easttown,,donation:0
DHS084,Devon Horse Show,Easttown,,donation:0
DHS085,Devon Horse Show,Easttown,,donation:0
DHS086,Devon Horse Show,Easttown,,donation:0
DHS087,Devon Horse Show,Easttown,,donation:0
DHS088,Devon Horse Show,Easttown,,donation:0
DHS089,Devon Horse Show,Easttown,,donation:0
DHS090,Devon Horse Show,Easttown,,donation:0
DHS091,Devon Horse Show,Easttown,,donation:0
DHS092,Devon Horse Show,Easttown,,donation:0
DHS093,Devon Horse Show,Easttown,,donation:0
DHS094,Devon Horse Show,Easttown,,donation:0
DHS095,Devon Horse Show,Easttown,,donation:0
DHS096,Devon Horse Show,Easttown,,donation:0
DHS097,Devon Horse Show,Easttown,,donation:0
DHS098,Devon Horse Show,Easttown,,donation:0
DHS099,Devon Horse Show,Easttown,,donation:0
DHS100,"Smith Family on Boardwalk, Devon Horse Show",Easttown,,donation:0
DHS101,Devon Horse Show,Easttown,,donation:0
DHS102,Devon Horse Show,Easttown,,donation:0
DHS103,Devon Horse Show,Easttown,,donation:0
DHS104,Devon Horse Show,Easttown,,donation:0
DHS105,Devon Horse Show,Easttown,,donation:0
DHS106,Devon Horse Show,Easttown,,donation:0
DHS107,Devon Horse Show,Easttown,,donation:0
DHS108,Devon Horse Show,Easttown,,donation:0
DHS109,Devon Horse Show,Easttown,,donation:0
DHS110,Devon Horse Show,Easttown,,donation:0
DHS111,Devon Horse Show,Easttown,,donation:0
DHS112,Devon Horse Show,Easttown,,donation:0
DHS113,Devon Horse Show,Easttown,,donation:0
DHS114,Devon Horse Show,Easttown,,donation:0
DHS115,Devon Horse Show,Easttown,,donation:0
DHS116,Devon Horse Show,Easttown,,donation:0
DHS117,Devon Horse Show,Easttown,,donation:0
DHS118,Devon Horse Show,Easttown,,donation:0
DHS119,Devon Horse Show,Easttown,,donation:0
DHS120,Devon Horse Show,Easttown,,donation:0
DHS121,Devon Horse Show,Easttown,,donation:0
DHS122,Devon Horse Show,Easttown,,donation:0
DHS123,Devon Horse Show,Easttown,,donation:0
DHS124,Devon Horse Show,Easttown,,donation:0
DHS125,Devon Horse Show,Easttown,,donation:0
DHS126,Devon Horse Show,Easttown,,donation:0
DHS127,Devon Horse Show,Easttown,,donation:0
DHS128,Devon Horse Show,Easttown,,donation:0
DHS129,Devon Horse Show,Easttown,,donation:0
DHS130,Devon Horse Show,Easttown,,donation:0
DHS131,Devon Horse Show,Easttown,,donation:0
DHS132,Devon Horse Show - Polo Match?,Easttown,,
DHS133,Three unknown men at the Devon Horse Show,Tredyffrin,Service,
DHS134,Devon Horse Show,Tredyffrin,Service,
DHS135,Directors of first Chester County Horse Show at Devon,Easttown,Service,
DHS136,Mrs James K. Robinson presents Mapleton Trophy to David O’Dell,Easttown,Service,
DHS137,President Calvin Coolidge at the Devon Horse Show,Easttown,Service,
DHS138,Devon Horse Show,Easttown,Service,
DHS139,Four ladies at the Devon Horse Show,Easttown,Service,
DHS140,Devon Horse Show Volunteers,Easttown,Service,
DHS141,Mayor Samuel at Devon Horse Show event.,,Service,
DHS143,‘Smiley’ (Mrs James K. Robinson),Easttown,Sports,
DHS144,Carol Hoffman jumping ‘Salem’,Easttown,Sports,
DHS145,"Crebilly Farm four-in-hand drawn by Hackney Crossbreds, driven by Mrs Robinson",Easttown,Sports,
DHS146,Grandstands at Devon Horse Show,Easttown,Sports,
DHS147,Unidentified Competitor,Easttown,Sports,
DHS148,Covered Wagon Ride,Easttown,Sports,
DHS149,"Antique Stand, Devon Horse Show",Easttown,,
DHS150,Devon Horse Show,Easttown,Sports,
DIA02,"DiAntonio’s Service Station, Devon",Easttown,,
DIA03,"DiAntonio’s Service Station, Devon",Easttown,,
DIA04,"DiAntonio’s Service Station, Devon",Easttown,,
DIA05,"DiAntonio’s Service Station, Devon",Easttown,,
DIA06,"DiAntonio’s Service Station, Devon",Easttown,,
DIA07,"DiAntonio’s Service Station, Devon",Easttown,,
DIA08,"DiAntonio’s Service Station, Devon",Easttown,,
DIA09,"DiAntonio’s Service Station, Devon",Easttown,,
DIA10,"DiAntonio’s Service Station, Devon",Easttown,,
DIA11,"DiAntonio’s Service Station, Devon",Easttown,,
DIA12,"DiAntonio’s Service Station, Devon",Easttown,,
DIA13,"DiAntonio’s Service Station, Devon",Easttown,,
DIA14,"DiAntonio’s Service Station, Devon",Easttown,,
DIA15,"DiAntonio’s Service Station, Devon",Easttown,,
DIA16,"DiAntonio’s Service Station, Devon",Easttown,,
DIA17,"DiAntonio’s Service Station, Devon",Easttown,,
DIA18,"DiAntonio’s Service Station, Devon",Easttown,,
DIA19,"DiAntonio’s Service Station, Devon",Easttown,,
DIA20,"DiAntonio’s Service Station, Devon",Easttown,,
DLC01,Devon Log Cabin,Easttown,,
DLC02,Devon Log Cabin,Easttown,,
DLC03,Devon Log Cabin,Tredyffrin,,
DLC05,Devon Log Cabin,Tredyffrin,,
DLC06,Devon Log Cabin,Tredyffrin,,
DOY01,Doyle & McDonnell Nursery,Tredyffrin,,
DPO01,"First Post Office, Devon",Easttown,,
DPO02,"First Post Office, Devon",Easttown,,
DPO03,"First Post Office, Devon",Easttown,,
DPS1,"Taxi Dispatch, Lancaster Avenue, Berwyn",Easttown,,
DRE01,Dorothy Reed,,person,
DRF04,"Carriage Shed, Diamond Rock Farm",Tredyffrin,,
DRF05,"Corn Crib, Diamond Rock Farm",Tredyffrin,,
DRF06,"Springhouse, Diamond Rock Farm",Tredyffrin,,
DRF07,"Springhouse, Diamond Rock Farm",Tredyffrin,,
DRH1,Conestoga Road House,Tredyffrin,,
DRH10,Dorothy Reed house,Tredyffrin,,
DRH11,Dorothy Reed house,Tredyffrin,,
DRH12,Dorothy Reed house,Tredyffrin,,
DRH13,Dorothy Reed house,Tredyffrin,,
DRH14,Dorothy Reed house,Tredyffrin,,
DRH15,Dorothy Reed house,Tredyffrin,,
DRH16,Dorothy Reed house,Tredyffrin,,
DRH2,Conestoga Road House,Tredyffrin,,
DRH3,Conestoga Road House,Tredyffrin,,
DRH4,Conestoga Road House,Tredyffrin,,
DRH5,Conestoga Road House,Tredyffrin,,
DRH6,Conestoga Road House,Tredyffrin,,
DRH7,Conestoga Road House,Tredyffrin,,
DRH8,Conestoga Road House,Tredyffrin,,
DRS1,Diamond Rock School,Tredyffrin,,
DRS10,Diamond Rock School,Tredyffrin,,
DRS11,Diamond Rock School,Tredyffrin,,
DRS12,Diamond Rock School,Tredyffrin,,
DRS14,Diamond Rock School,Tredyffrin,,
DRS15,Diamond Rock School,Tredyffrin,,
DRS16,Diamond Rock School,Tredyffrin,,
DRS17,Diamond Rock School,Tredyffrin,,
DRS18,Diamond Rock School,Tredyffrin,,
DRS19,Diamond Rock School,Tredyffrin,,
DRS2,Diamond Rock School,Tredyffrin,,
DRS20,Diamond Rock School,Tredyffrin,,
DRS21,Diamond Rock School,Tredyffrin,,
DRS22,Diamond Rock School,Tredyffrin,,
DRS23,Diamond Rock School,Tredyffrin,,
DRS24,Diamond Rock School,Tredyffrin,,
DRS25,Diamond Rock Schoolhouse,Tredyffrin,,
DRS26,Diamond Rock Schoolhouse,Tredyffrin,,
DRS27,Diamond Rock Schoolhouse,Tredyffrin,,
DRS28,Diamond Rock Schoolhouse,Tredyffrin,,
DRS29,Diamond Rock Schoolhouse,Tredyffrin,,
DRS30,"Accounts Ledger, Diamond Rock School",Tredyffrin,,
DRS31,Diamond Rock School,Tredyffrin,,
DRS32,Diamond Rock School,Tredyffrin,,
DRS33,Diamond Rock School,Tredyffrin,,
DRS34,Diamond Rock School,Tredyffrin,,
DRS35,Diamond Rock School house,Tredyffrin,,
DRS36,Diamond Rock Schoolhouse,Tredyffrin,,
DRS4,Diamond Rock School,Tredyffrin,,
DRS5,Diamond Rock School,Tredyffrin,,
DRS6,Diamond Rock School,Tredyffrin,,
DRS7,Diamond Rock School,Tredyffrin,,
DRS8,Diamond Rock School,Tredyffrin,,
DRS9,Diamond Rock School,Tredyffrin,,
DRT01,Drove Tavern,Easttown,,
DSA01,"Devon - Strafford Apartments, Sugartown Road",Tredyffrin,,
DSA02,Site of Devon – Strafford Apartments,Tredyffrin,,
DSA03,Site of Devon – Strafford Apartments,Tredyffrin,,
DSA04,Site of Devon – Strafford Apartments,Tredyffrin,,
DSA05,Site of Devon – Strafford Apartments,Tredyffrin,,
DSA06,Site of Devon – Strafford Apartments,Tredyffrin,,
DSA07,Devon – Strafford Apartments,Tredyffrin,,
DSA08,Site of Devon – Strafford Apartments,Tredyffrin,,
DSA09,Site of Devon – Strafford Apartments,Tredyffrin,,
DSH01,DeSantis House,Tredyffrin,,
DSH02,DeSantis House,Tredyffrin,,
DSH03,DeSantis House,Tredyffrin,,
DSS001,"Barn #1, Devon Horse Show",Easttown,,donation:0
DSS002,"Barn #1, Devon Horse Show",Easttown,,donation:0
DSS003,"Barn #1, Devon Horse Show",Easttown,,donation:0
DSS004,"Barn #1, Devon Horse Show",Easttown,,donation:0
DSS005,"Barn #1, Devon Horse Show",Easttown,,donation:0
DSS006,"Barn #1, Devon Horse Show",Easttown,,donation:0
DSS007,"Barn #1, Devon Horse Show",Easttown,,donation:0
DSS008,"Barn #1, Devon Horse Show",Easttown,,donation:0
DSS009,"Barn #1, Devon Horse Show",Easttown,,donation:0
DSS010,"Barn #1, Devon Horse Show",Easttown,,donation:0
DSS011,"Barn #1, Devon Horse Show",Easttown,,donation:0
DSS012,"Barn #1, Devon Horse Show",Easttown,,donation:0
DTA001,Devon Horse Show and Country Fair (DHSCF),Easttown,,
DTA002,Devon Horse Show and Country Fair (DHSCF),Easttown,,
DTA003,Devon Horse Show and Country Fair (DHSCF),Easttown,,
DTA004,Devon Horse Show and Country Fair (DHSCF),Easttown,,
DTA005,Devon Horse Show and Country Fair (DHSCF),Easttown,,
DTA006,Devon Horse Show and Country Fair (DHSCF),Easttown,,
DTA007,Devon Horse Show and Country Fair (DHSCF),Easttown,,
DTA008,Devon Horse Show and Country Fair (DHSCF),Easttown,,
DTA009,Devon Horse Show and Country Fair (DHSCF),Easttown,,
DTA010,Devon Horse Show and Country Fair (DHSCF),Easttown,,
DTA013,Devon Horse Show and Country Fair (DHSCF),Easttown,,
DTA015,Devon Horse Show and Country Fair (DHSCF),Easttown,,
DTA017,Devon Horse Show and Country Fair (DHSCF),Easttown,,
DTA019,Devon Horse Show and Country Fair (DHSCF),Easttown,,
DTA021,Devon Horse Show and Country Fair (DHSCF),Easttown,,
DTA022,Devon Horse Show and Country Fair (DHSCF),Easttown,,
DTA023,Devon Horse Show and Country Fair (DHSCF),Easttown,,
DTA025,Devon Horse Show and Country Fair (DHSCF),Easttown,,
DTA026,Devon Horse Show and Country Fair (DHSCF),Easttown,,
DTA027,Devon Horse Show and Country Fair (DHSCF),Easttown,,
DTA028,Devon Horse Show and Country Fair (DHSCF) Mr. Clothier and Daughter,Easttown,,
DTA029,Devon Horse Show and Country Fair (DHSCF),Easttown,,
DTA030,Devon Horse Show and Country Fair (DHSCF),Easttown,,
DTA031,Devon Horse Show and Country Fair (DHSCF),Easttown,,
DTA032,Devon Horse Show and Country Fair (DHSCF),Easttown,,
DTA033,Devon Horse Show and Country Fair (DHSCF),Easttown,,
DTA034,Devon Horse Show and Country Fair (DHSCF),Easttown,,
DTA035,Devon Horse Show and Country Fair (DHSCF),Easttown,,
DTA036,Devon Horse Show and Country Fair (DHSCF),Easttown,,
DTA037,Devon Horse Show and Country Fair (DHSCF),Easttown,,
DTA038,Devon Horse Show and Country Fair (DHSCF),Easttown,,
DTA039,Devon Horse Show and Country Fair (DHSCF),Easttown,,
DTA040,Devon Horse Show and Country Fair (DHSCF),Easttown,,
DTA041,Devon Horse Show and Country Fair (DHSCF),Easttown,,
DTA042,Devon Horse Show and Country Fair (DHSCF),Easttown,,
DTA043,Devon Horse Show and Country Fair (DHSCF),Easttown,,
DTA044,Devon Horse Show and Country Fair (DHSCF),Easttown,,
DTA045,Devon Horse Show and Country Fair (DHSCF),Easttown,,
DTA046,Devon Horse Show and Country Fair (DHSCF),Easttown,,
DTA047,Devon Horse Show and Country Fair (DHSCF),Easttown,,
DTA048,Devon Horse Show and Country Fair (DHSCF),Easttown,,
DTA049,Devon Horse Show and Country Fair (DHSCF),Easttown,,
DTA050,Devon Horse Show and Country Fair (DHSCF),Easttown,,
DTA051,Devon Horse Show and Country Fair (DHSCF),Easttown,,
DTA052,Devon Horse Show and Country Fair (DHSCF),Easttown,,
DTA053,Devon Horse Show and Country Fair (DHSCF),Easttown,,
DTA054,Devon Horse Show and Country Fair (DHSCF),Easttown,,
DTA055,Devon Horse Show and Country Fair (DHSCF),Easttown,,
DTA056,Devon Horse Show and Country Fair (DHSCF),Easttown,,
DTA057,Devon Horse Show and Country Fair (DHSCF),Easttown,,
DTA058,Devon Horse Show and Country Fair (DHSCF),Easttown,,
DTA059,Devon Horse Show and Country Fair (DHSCF),Easttown,,
DTA060,Devon Horse Show and Country Fair (DHSCF),Easttown,,
DTA061,Devon Horse Show and Country Fair (DHSCF),Easttown,,
DTA062,Devon Horse Show and Country Fair (DHSCF),Easttown,,
DTA063,Devon Horse Show and Country Fair (DHSCF),Easttown,,
DTA064,Devon Horse Show and Country Fair (DHSCF),Easttown,,
DTA065,Devon Horse Show and Country Fair (DHSCF),Easttown,,
DTA066,Devon Horse Show and Country Fair (DHSCF),Easttown,,
DTA067,Devon Horse Show and Country Fair (DHSCF),Easttown,,
DTA068,Devon Horse Show and Country Fair (DHSCF),Easttown,,
DTA069,Devon Horse Show and Country Fair (DHSCF),Easttown,,
DTA070,Devon Horse Show and Country Fair (DHSCF),Easttown,,
DTA071,Devon Horse Show and Country Fair (DHSCF),Easttown,,
DTA072,Devon Horse Show and Country Fair (DHSCF),Easttown,,
DTA073,Devon Horse Show and Country Fair (DHSCF),Easttown,,
DTA074,Devon Horse Show and Country Fair (DHSCF),Easttown,,
DTA075,Devon Horse Show and Country Fair (DHSCF),Easttown,,
DTA076,Devon Horse Show and Country Fair (DHSCF),Easttown,,
DTA077,Devon Horse Show and Country Fair (DHSCF),Easttown,,
DTA078,Devon Horse Show and Country Fair (DHSCF),Easttown,,
DTA079,Devon Horse Show and Country Fair (DHSCF),Easttown,,
DTA080,Devon Horse Show and Country Fair (DHSCF),Easttown,,
DTA081,Devon Horse Show and Country Fair (DHSCF),Easttown,,
DTA082,Devon Horse Show and Country Fair (DHSCF),Easttown,,
DTA083,Devon Horse Show and Country Fair (DHSCF),Easttown,,
DTA084,Devon Horse Show and Country Fair (DHSCF),Easttown,,
DTA085,Devon Horse Show and Country Fair (DHSCF),Easttown,,
DTA086,Devon Horse Show and Country Fair (DHSCF),Easttown,,
DTA087,Devon Horse Show and Country Fair (DHSCF),Easttown,,
DTA088,Devon Horse Show and Country Fair (DHSCF),Easttown,,
DTA089,Devon Horse Show and Country Fair (DHSCF),Easttown,,
DTA090,Devon Horse Show and Country Fair (DHSCF),Easttown,,
DTA091,Devon Horse Show and Country Fair (DHSCF),Easttown,,
DTA092,Devon Horse Show and Country Fair (DHSCF),Easttown,,
DTA093,Devon Horse Show and Country Fair (DHSCF),Easttown,,
DTA094,Devon Horse Show and Country Fair (DHSCF),Easttown,,
DTA095,Devon Horse Show and Country Fair (DHSCF),Easttown,,
DTA096,Devon Horse Show and Country Fair (DHSCF),Easttown,,
DTA097,Devon Horse Show and Country Fair (DHSCF),Easttown,,
DTA098,Devon Horse Show and Country Fair (DHSCF),Easttown,,
DTA099,Devon Horse Show and Country Fair (DHSCF),Easttown,,
DTA100,Devon Horse Show and Country Fair (DHSCF),Easttown,,
DTA101,Devon Horse Show and Country Fair (DHSCF),Easttown,,
DTA102,Devon Horse Show and Country Fair (DHSCF),Easttown,,
DTA103,Devon Horse Show and Country Fair (DHSCF),Easttown,,
DTA104,Devon Horse Show and Country Fair (DHSCF),Easttown,,
DTA105,Devon Horse Show and Country Fair (DHSCF),Easttown,,
DTA106,Devon Horse Show and Country Fair (DHSCF),Easttown,,
DTA107,Devon Horse Show and Country Fair (DHSCF),Easttown,,
DTA108,Devon Horse Show and Country Fair (DHSCF),Easttown,,
DTA109,Devon Horse Show and Country Fair (DHSCF),Easttown,,
DTA110,Devon Horse Show and Country Fair (DHSCF),Easttown,,
DTA111,Devon Horse Show and Country Fair (DHSCF),Easttown,,
DTA112,Devon Horse Show and Country Fair (DHSCF),Easttown,,
DTA113,Devon Horse Show and Country Fair (DHSCF),Easttown,,
DTA114,Devon Horse Show and Country Fair (DHSCF),Easttown,,
DTA115,Devon Horse Show and Country Fair (DHSCF),Easttown,,
DTA116,Devon Horse Show and Country Fair (DHSCF),Easttown,,
DTA117,Devon Horse Show and Country Fair (DHSCF),Easttown,,
DTA118,Devon Horse Show and Country Fair (DHSCF),Easttown,,
DTA119,Devon Horse Show and Country Fair (DHSCF),Easttown,,
DTA120,Devon Horse Show and Country Fair (DHSCF),Easttown,,
DTA121,Devon Horse Show and Country Fair (DHSCF),Easttown,,
DTA122,Devon Horse Show and Country Fair (DHSCF),Easttown,,
DTA123,Devon Horse Show and Country Fair (DHSCF),Easttown,,
DTA124,Devon Horse Show and Country Fair (DHSCF),Easttown,,
DTA125,Devon Horse Show and Country Fair (DHSCF),Easttown,,
DTA126,Devon Horse Show and Country Fair (DHSCF),Easttown,,
DTA127,Devon Horse Show and Country Fair (DHSCF),Easttown,,
DTA128,Devon Horse Show and Country Fair (DHSCF),Easttown,,
DTA129,Devon Horse Show and Country Fair (DHSCF),Easttown,,
DTA130,Devon Horse Show and Country Fair (DHSCF),Easttown,,
DTA131,Devon Horse Show and Country Fair (DHSCF),Easttown,,
DTA132,Devon Horse Show and Country Fair (DHSCF),Easttown,,
DTA133,Devon Horse Show and Country Fair (DHSCF),Easttown,,
DUP01,Duportail House,Tredyffrin,,
DUP02,Duportail,,person,
DUP03,Duportail's Quarters,Tredyffrin,,
DUP04,Duportail's Quarters,Tredyffrin,,
DUP05,Duportail Barn,Tredyffrin,,
DUP06,Duportail’s Quarters,Tredyffrin,,
DUP07,Duportail’s Quarters,Tredyffrin,,
DUP08,Duportail’s Quarters,Tredyffrin,,
DUP09,Duportail House,Tredyffrin,,
DWQ01,De Kalb & Weedon's Quarters,Tredyffrin,,
DWQ02,De Kalb & Weedon's Quarters,Tredyffrin,,
DWQ03,Generals DeKalb & Weedon's Quarters - Abijah Stephens farmhouse,Tredyffrin,,
DWQ04,Generals DeKalb & Weedon’s Quarters - Abijah Stephens farmhouse,Tredyffrin,,
DWQ05,Abijah Stephens farm (DeKalb & Weedon’s Quarters),Tredyffrin,,
DWQ06,Abijah Stephens farm (DeKalb & Weedons Quarters),Tredyffrin,,
DWQ07,Abijah Stephens farm (DeKalb’s Quarters),Tredyffrin,,
ECH01,Cathcart Mansion,Tredyffrin,,
ECH02,Cathcart Home,Tredyffrin,,
ECH03,Eliza Cathcart House,Tredyffrin,Service,
ECH04,Cathcart House,Easttown,Service,donation:0
ECH05,Cathcart Home,Tredyffrin,Service,
ECH06,Eliza Cathcart home,Tredyffrin,Service,
EES05,Easttown Elementary school,Easttown,,
EHC,"Unveiling of Plaque, Stone Chimney Picket Post",Tredyffrin,,donation:0
EHC1,Tredyffrin Easttown History Club Members,,person,
EHC10,Tredyffrin Easttown History Club Members,,person,
EHC11,Tredyffrin Easttown History Club Members,,person,
EHC12,Franklin L. Burns & S. Paul Teamer,,person,
EHC13,S. Paul Teamer and unknown boy,,person,
EHC14,Tredyffrin Easttown History Club Members,,person,
EHC15,S. Paul Teamer,,person,
EHC16,"Unveiling of Plaque, Stone Chimney Picket Post",,person,
EHC17,"Unveiling of Plaque, Stone Chimney Picket Post",,person,
EHC18,Tredyffrin Easttown History Club Members,,person; Washington D.C.,
EHC19,Tredyffrin Easttown History Club Members,Tredyffrin,person,
EHC2,Tredyffrin Easttown History Club Members,,person,
EHC26,Tredyffrin-Easttown History Club Members,,person; Quarryville,
EHC27,George W. Hensel,,person,
EHC28,George W. Hensel with the Club Quarterly,,person,
EHC29,Tredyffrin Easttown History Club Members,,person,
EHC3,Tredyffrin Easttown History Club Members,Tredyffrin,person,
EHC30,S. Paul Teamer and Unknown Person,,person,
EHC31,Unknown Couple,,person,
EHC32,Four Unknown Ladies,,person,
EHC33,Tredyffrin-Easttown History Club Members,,person,
EHC34,Tredyffrin-Easttown History Club Members,,person,
EHC35,TE History Club at Crooked Chimney Picket Post,Tredyffrin,,
EHC36,History Club visit to Longwood Gardens,,Place,
EHC37,"Unveiling of Plaque, Stone Chimney Picket Post",Tredyffrin,,
EHC39,"Unveiling of Plaque, Stone Chimney Picket Post",Tredyffrin,,
EHC4,S. Paul Teamer at Sullivan's Bridge Memorial,,person,
EHC5,Tredyffrin Easttown History Club Members,,Place,
EHC6,Tredyffrin Easttown History Club Members,,person,
EHC7,Tredyffrin Easttown History Club Members,,person,
EHC8,Tredyffrin Easttown History Club Members,,person,
EHC9,Tredyffrin Easttown History Club Members,,person,
EHE01,Catharine Earle Schober (nee Mather) and Emlen Hutchinson Shober,,,donation:0
EHE02,Victor Charles Mayer and Catherine Earle Mayer,Easttown,,donation:0
ELI01,"Reading Room, Lancaster Pike & Waterloo Ave. Berwyn",Easttown,Service,
ELI02,Easttown Library and Township Building,Easttown,Service,
ELI03,Easttown Library and Township Building,Easttown,Service,
ELI04,Easttown Library and Township Building,Easttown,Service,
ELI05,Easttown Library and Township Building,Easttown,Service,
ELI06,Easttown Library and Township Building,Easttown,Service,
ELI07,Easttown Library,Easttown,Service,
ELI08,Easttown Library,Easttown,Service,
ELI23,Berwyn Hall and Library under demolition,Easttown,Service,
EPA01,Episcopal Academy,Easttown,,
EPH06,Edith Parker’s house,Tredyffrin,,
EPH07,Edith Parkers house,Tredyffrin,,
EPH08,Edith Parker’s house,Tredyffrin,,
EPH09,Edith Parker’s house,Easttown,View,
EPH1,"Edith Parker's House, Howellville",Tredyffrin,,
EPH10,Site of Edith Parker’s house,Tredyffrin,,
EPH11,Entrance to Edith Parker’s house,Tredyffrin,,
EPH12,Site of Edith Parker’s house,Tredyffrin,,
EPH13,Skating rink on site of Edith Parker’s house,Tredyffrin,,
EPH2,"Edith Parker's House, Howellville",Tredyffrin,,
EPH3,"Edith Parker's House, Howellville",Tredyffrin,,
EPH4,"Edith Parker's House, Howellville",Tredyffrin,,
EPH5,"Edith Parker's House, Howellville",Tredyffrin,,
ESS04,Easttown School,Easttown,,
EST01,Hilltop Park dedication,Easttown,Service,
EST02,Hilltop Park dedication,Easttown,Service,
EST03,Hilltop Park dedication,Easttown,Service,
EST04,Hilltop Park dedication,Easttown,Service,
ETS01,Easttown School,Easttown,,
ETS02,Easttown School,Easttown,,
ETS03,Easttown High School,Easttown,,
ETS04,Easttown School,Easttown,,
ETS05,"Easttown High School, Berwyn",Easttown,,
ETS06,"Bridge Avenue showing Easttown High School, Berwyn - 1905",Easttown,View,
ETS07,"Easttown High School, Berwyn",Easttown,,
ETS08,"Students of the Easttown High School, Berwyn, PA",Easttown,person,
ETS09,"May Pole Fete, Easttown School, Berwyn - 1904",Easttown,,
ETS10,"Cafeteria, Easttown School",Easttown,,
ETS11,Site of new Easttown School,Easttown,,
ETS12,Easttown School (colorized),Easttown,,
ETS13,"Grammar School, Berwyn",Easttown,,
ETS14,Easttown School Certificate,Easttown,School certificate,
EW01,Aerial view Northeast of the Battle of the Clouds park in East Whiteland,,View,
EW02,Aerial View of Malvern Retreat Center,,Place,
EW03,Route 202 north,,Road,
EW04,Intersection of routes 202 and 29,,View,
EW05,East Whiteland,,View,
EW06,East Whiteland,,View,
FAB01,"First Avenue, north side",Easttown,View,
FAB02,"First Avenue, north side",Easttown,View,
FAB03,"First Avenue, Berwyn",Easttown,Road,
FBB1,"First  Baptist Church, Berwyn",Easttown,,
FBB10,Rev. Wiley,Easttown,,
FBB11,"First Baptist Church, Waterloo and Berwyn Avenues, 1904",Easttown,,
FBB13,Former Berwyn Baptist Chapel,Tredyffrin,,
FBB14,Isolite Company,Easttown,,
FBB15,"First Baptist Church, Berwyn, PA",Easttown,,
FBB2,"First Baptist Church, Berwyn",Easttown,,
FBB3,Rev. Anderson,Easttown,,
FBB4,Rev. Booker,Easttown,,
FBB5,Rev. Cowee,Easttown,,
FBB6,Rev. Fryer,Easttown,,
FBB7,Rev. Hargrave,Easttown,,
FBB8,Rev. Read,Easttown,,
FBI01,First Blue Ball Inn,Tredyffrin,,
FCF01,"Fox Creek Farm, White Horse Road",Easttown,,
FFF1,Far Fields Farm,Tredyffrin,,
FFO01,Freedoms Foundation,Schuylkill,Service,
FHU01,"Blessing of the Hunt, St. Peters Great Valley",Tredyffrin,,
FHU02,"Blessing of the Hunt, St. Peters Great Valley",Tredyffrin,,
FHU04,"Blessing of the Hunt, St. Peters Great Valley",Tredyffrin,,
FHU05,"Blessing of the Hunt, St. Peters Great Valley",Tredyffrin,,
FHU06,"Blessing of the Hunt, St. Peters Great Valley",Tredyffrin,,
FHU07,"Blessing of the Hunt, St. Peters Great Valley",Tredyffrin,,
FHU08,"Blessing of the Hunt, St. Peters Great Valley",Tredyffrin,,
FHU09,Pickering Hunt,Tredyffrin,,
FHU10,Pickering Hunt,Tredyffrin,,
FHU11,Pickering Hunt,Tredyffrin,,
FHU12,Pickering Hunt,Tredyffrin,,
FHU13,Pickering Hunt,Tredyffrin,,
FHU14,Pickering Hunt,Tredyffrin,,
FHU15,Pickering Hunt,Tredyffrin,,
FHU16,Pickering Hunt,Tredyffrin,,
FLW01,"Fairlawn, Sugartown and Fairfield Roads",Easttown,,
FLW02,"Fairlawn, Sugartown and Fairfield Roads",Easttown,,
FLW03,"Fairlawn, Sugartown and Fairfield Roads",Easttown,,
FLW04,"Fairlawn, Sugartown and Fairfield Roads",Easttown,,
FLW05,"Fairlawn, Sugartown and Fairfield Roads",Easttown,,
FLW06,"Fairlawn, Sugartown and Fairfield Roads",Easttown,,
FLW07,"Fairlawn, Sugartown and Fairfield Roads",Easttown,,
FLW08,"Fairlawn, Sugartown and Fairfield Roads",Easttown,,
FM1,Threshing Outfit,,"Manor, Lancaster Co.",
FM4,Greenwood Farm,Tredyffrin,,
FPC01,"First Presbyterian Church, Paoli, 1949",Tredyffrin,,
FPC02,"First Presbyterian Church, Manse, 1949",Tredyffrin,,
FPC03,"Paoli Presbyterian Sunday School, built 1892",Tredyffrin,,
FPC28,Paoli Presbyterian Church,Tredyffrin,,
FPC29,Paoli Presbyterian Church,Tredyffrin,,
FPC30,Paoli Presbyterian Church,Tredyffrin,,
FPC31,Paoli Presbyterian Church,Tredyffrin,,
FPC32,"First Presbyterian Church, Paoli",Easttown,,
FPC33,Paoli Library Move,Tredyffrin,,
FPC34,Paoli Library Move,Tredyffrin,,
FPC35,Paoli Library Move,Tredyffrin,,
FPC36,Paoli Library Move,Tredyffrin,,
FPC37,Paoli Library Move,Tredyffrin,,
FPC38,Paoli Library Move,Tredyffrin,,
FPC39,Paoli Library Move,Tredyffrin,,
FPC40,Paoli Library Move,Tredyffrin,,
FPC41,Paoli Library Move,Tredyffrin,,
FPC42,Paoli Library Move,Tredyffrin,,
FPC43,Paoli Library Move,Tredyffrin,,
FPC44,Paoli Library Move,Tredyffrin,,
FPC45,Paoli Library Move,Tredyffrin,,
FPC46,Paoli Library Move,Tredyffrin,,
FPC47,Paoli Library Move,Tredyffrin,,
FPC48,Paoli Library Move,Tredyffrin,,
FPC49,Paoli Library Move,Tredyffrin,,
FPC50,Paoli Library Move,Tredyffrin,,
FPC51,Paoli Library Move,Tredyffrin,,
FPC52,Paoli Library Move,Tredyffrin,,
FPC53,Paoli Library Move,Tredyffrin,,
FPC54,Paoli Library Move,Tredyffrin,,
FPC55,Paoli Library Move,Tredyffrin,,
FPC56,Paoli Library Move,Tredyffrin,,
FPC57,Paoli Library Move,Tredyffrin,,
FPC58,Paoli Library Move,Tredyffrin,,
FPC59,Paoli Library Move,Tredyffrin,,
FPC60,Paoli Library Move,Tredyffrin,,
FPC61,Paoli Library Move,Tredyffrin,,
FPC62,Paoli Library Move,Tredyffrin,,
FPC63,Paoli Library Move,Tredyffrin,,
FPC64,Paoli Library Move,Tredyffrin,,
FPC65,Paoli Library Move,Tredyffrin,,
FPC66,Paoli Library Move,Tredyffrin,,
FPC67,Paoli Library Move,Tredyffrin,,
FPC68,Paoli Library Move,Tredyffrin,,
FRL05,Fritz Coalyard,Easttown,,
FRL06,View of Fritz Lumber from Lancaster Avenue looking east,Easttown,,
FRL07,Fritz Lumber,Easttown,,
FRL08,Fritz Lumber,Easttown,,
FRL09,Fritz Lumber,Easttown,,
FRL1,Fritz Lumber,Easttown,,
FRL10,Former Krider-Keystone Motors Bldg,Easttown,,
FRL11,Former Krider-Keystone Motors Bldg,Easttown,,
FRL12,Former Krider-Keystone Motors Bldg,Easttown,,
FRL13,Former Krider-Keystone Motors Bldg,Easttown,,
FRL14,Aerial Photograph of Berwyn,Easttown,Place,
FRL15,Aerial Photograph of Fritz Lumber site,Easttown,,
FRL16,Aerial Photograph of Fritz Lumber site,Easttown,,
FRL17,Fritz Lumber Buildings,Easttown,,
FRL18,Fritz Lumber Advertisement,Easttown,,
FRL19,Iron Gates at Fritz Lumber,Easttown,,
FRL2,Fritz Lumber,Easttown,,
FRL20,William Fritz and Family cleaning car,Easttown,,
FRL24,Fritz Lumber,Easttown,,
FRL27,Fritz Lumber staff,Easttown,,
FRL29,William Fritz at Fritz Lumber,Easttown,,
FRL3,Fritz Lumber,Easttown,,
FRL31,"William, Andy, & Howard Fritz",Easttown,,
FRL33,1930s Office Staff at Fritz Lumber,Easttown,,
FRL34,Boxfield Job at Fritz Lumber,Easttown,,
FRL35,Fritz Lumber,Easttown,,
FRL36,Sawhouse at Fritz Lumber,Easttown,,
FRL37,Fritz Lumber Office,Easttown,,
FRL38,Fritz Lumber Office,Easttown,,
FRL39,Fritz Lumber Office,Easttown,,
FRL4,Fritz Lumber,Easttown,,
FRL40,Bill Dickenson at Fritz Lumber,Easttown,,
FRL41,"William, Andy, & Howard Fritz",Easttown,,
FRL42,Automatic Coal Truck loader from c. 1900 at Fritz Lumber,Easttown,,
FRL43,Fritz Lumber Buildings,Easttown,,
FRL44,Fritz Lumber Buildings,Easttown,,
FRL45,Fritz Lumber Buildings,Easttown,,
FRL46,Fritz Lumber Buildings and Equipment,Easttown,,
FRL47,Coal Truck Loader at Fritz Lumber,Easttown,,
FRL48,Fire-damaged Building at Fritz Lumber,Easttown,,
FRL49,Fire-damaged Building at Fritz Lumber,Easttown,,
FRL50,Fire-damaged Building at Fritz Lumber,Easttown,,
FRL51,Fire-damaged Building at Fritz Lumber,Easttown,,
FRL52,Fire-damaged Building at Fritz Lumber,Easttown,,
FRL53,Fire-damaged Building at Fritz Lumber,Easttown,,
FRL54,Coal Handling Equipment at Fritz Lumber,Easttown,,
FRL55,Coal Truck Loader at Fritz Lumber,Easttown,,
FRL56,Fritz Lumber,Easttown,,
FW05,"Fort Washington, Easter Sunday, April 1915",,Place,
FW1,View from Fort Washington,Tredyffrin,View,
FXI01,"Former Fox Inn, Conestoga Road",Easttown,,
FXI02,"Former Fox Inn, Conestoga Road",Easttown,,
FXI03,"Fox Inn, rear view",Easttown,,
GBC1,Ground Breaking Ceremony,,View,
GBC10,Ground Breaking Ceremony,,View,
GBC11,Ground Breaking Ceremony,,View,
GBC12,Ground Breaking Ceremony,,View,
GBC13,Ground Breaking Ceremony,,View,
GBC14,Ground Breaking Ceremony,,View,
GBC2,Ground Breaking Ceremony,,View,
GBC3,Ground Breaking Ceremony,,View,
GBC4,Ground Breaking Ceremony,,View,
GBC5,Ground Breaking Ceremony,,View,
GBC6,Ground Breaking Ceremony,,View,
GBC7,Ground Breaking Ceremony,,View,
GBC8,Ground Breaking Ceremony,,View,
GBC9,Ground Breaking Ceremony,,View,
GBF01,"Paist Residence, Green Bank Farm",Easttown,,
GBF27,"Green Bank Farm, Newtown Road",Easttown,,
GBF28,"Green Bank Farm, Newtown Road",Easttown,,
GCR01,"Grey Craig, Weatherby Lane",Easttown,,
GCR02,"Grey Craig, Weatherby Lane",Easttown,,
GCR03,"Grey Craig, Weatherby Lane",Easttown,,
GCR04,"Grey Craig, Weatherby Lane",Easttown,,
GCR05,"Grey Craig, Weatherby Lane",Easttown,,
GCR06,"Grey Craig, Weatherby Lane",Easttown,,
GCR07,"Grey Craig, Weatherby Lane",Easttown,,
GCR08,"Grey Craig, Weatherby Lane",Easttown,,
GCR09,"Grey Craig, Weatherby Lane",Easttown,,
GCR10,"Grey Craig, Weatherby Lane",Easttown,,
GCR11,"Grey Craig, Weatherby Lane",Easttown,,
GFM01,"George Francis Moran, c. 1957",,person,
GFM02,Tom Nelson,,person,
GFM03,Tom Nelson,,person,
GFM04,Alice McCarnes,,person,
GFM05,"William Patrick Ruch, Captain, Pennsylvania State Police",,person,
GFM06,"Lean to, Scout Troop 1, Berwyn",,person,
GFM07,Kay Hanley,,person,
GFM08,Maria Moran,,person,
GFM09,"Dot Neiman, Helen Kugler, Bertha Neiman, Maria Moran, Ocean City NJ",,person,
GFM10,Walt Hanley,,person,
GFM12,"Mrs. Wilson, Tredyffrin Easttown High School Teacher",,person,
GFM13,Kay Hanley,,person,
GFM14,Bertha May Homan Neiman.  Later was a secretary at TE High School.,,person,
GFM15,"Chas. J.Moran, South Leopard Road",,person,
GFM16,"Chas. J. Moran as a student Phila. Textile School, c. 1922",,person,
GFM17,"Jim Noblit and George Moran, TE High School, c. 1927 - 28",,person,
GFM18,"Jack Easches, George Moran, and Jim Noblit",,person,
GFM19,"Ward McClees, George Moran",,person,
GFM20,Warden McClees in front of my model A Ford (1929 plate) - George Moran,,person,
GFM21,Otto Tavener,,person,
GFM22,Otto Tavener,,person,
GFM23,Otto Tavener,,person,
GFM24,"""Chick"" Peoples",,person,
GFM25,"""Chick"" Peoples",,person,
GFM26,"""Chick"" Peoples",,person,
GFM27,"""Chick"" Peoples",,person,
GFM28,Helen Smith.,,person,
GFM29,Anna Moran (George's sister) and Helen Bracken,,person,
GFM30,Helen Bracken,,person,
GFM31,Unknown person,,person,
GFM32,"TE High School Washington Trip, May 1913",,person,
GFM33,TE High School Boys,,person,
GFM34,TE High School Girls,,person,
GFM35,"Mr. Rull(?), TE High School",,person,
GFM36,Stay-at-homes,,person,
GFM37,Some Class!,Tredyffrin,person,
GFM38,"Fruit Hill, 1913",,person,
GFM39,TE High School class of 28 at Washington D.C.,,person,
GFM40,"TE High School,Class of 28 at Washington D.C.",,person,
GFM41,"TE High School Washington Trip, Mt. Vernon",,person,
GFM42,TE High School class of 28 Washington trip,,person,
GFM43,Bridal Gowns of the 19th Century,,person,
GHF01,John R. K. Scott house,Tredyffrin,,
GHF02,John R. K. Scott house,Tredyffrin,,
GHF03,John R. K. Scott house,Tredyffrin,,
GHF04,John R. K. Scott house,Tredyffrin,,
GHF05,John R. K. Scott house,Tredyffrin,,
GHF06,John R. K. Scott house,Tredyffrin,,
GHF07,Glenhardie Farms (John R. K. Scott estate),Tredyffrin,,
GHF08,Glenhardie Farms (John R. K. Scott estate),Tredyffrin,,
GHF09,Glenhardie Farms (John R. K. Scott estate),Tredyffrin,,
GHF10,Glenhardie Farms (John R. K. Scott estate),Tredyffrin,,
GHF11,Glenhardie Farms (John R. K. Scott estate),Tredyffrin,,
GHF12,Glenhardie Farms (John R. K. Scott estate),Tredyffrin,,
GHF13,Glenhardie Farms (John R. K. Scott estate),Tredyffrin,,
GHF14,Glenhardie Farms (John R. K. Scott estate),Tredyffrin,,
GHF15,Glenhardie Farms (John R. K. Scott estate),Tredyffrin,,
GHF16,Glenhardie Farms (John R. K. Scott estate),Tredyffrin,,
GHF17,Glenhardie Farms (John R. K. Scott estate),Tredyffrin,,
GHF18,Glenhardie Farms (John R. K. Scott estate),Tredyffrin,,
GHF19,Glenhardie Farms (John R. K. Scott estate),Tredyffrin,,
GHF20,Glenhardie Farms (John R. K. Scott estate),Tredyffrin,,
GHF21,Glenhardie Farms (John R. K. Scott estate),Tredyffrin,,
GHF22,Glenhardie Farms (John R. K. Scott estate),Tredyffrin,,
GHF23,Glenhardie Farms (John R. K. Scott estate),Tredyffrin,,
GHF24,Glenhardie Farms (John R. K. Scott estate),Tredyffrin,,
GHF25,Glenhardie Farms (John R. K. Scott estate),Tredyffrin,,
GHF26,Glenhardie Farms (John R. K. Scott estate),Tredyffrin,,
GHF27,Glenhardie Farms (John R. K. Scott estate),Tredyffrin,,
GHF28,Glenhardie Farms (John R. K. Scott estate),Tredyffrin,,
GHF29,Glenhardie Farms (John R. K. Scott estate),Tredyffrin,,
GHF30,Glenhardie Farms (John R. K. Scott estate),Tredyffrin,,
GHF31,Glenhardie Farms (John R. K. Scott estate),Tredyffrin,,
GHF32,Glenhardie Farms (John R. K. Scott estate),Tredyffrin,,
GHF33,Glenhardie Farms (John R. K. Scott estate),Tredyffrin,,
GHF34,Glenhardie Farms (John R. K. Scott estate),Tredyffrin,Bridge,
GHF35,Glenhardie Farms (John R. K. Scott estate),Tredyffrin,,
GHF36,Glenhardie Farms (John R. K. Scott estate),Tredyffrin,,
GHF37,Glenhardie Farms (John R. K. Scott estate),Tredyffrin,,
GHF38,Glenhardie Farms (John R. K. Scott estate),Tredyffrin,,
GHF39,Glenhardie Farms (John R. K. Scott estate),Tredyffrin,,
GHF40,Glenhardie Farms (John R. K. Scott estate),Tredyffrin,Bridge,
GHF41,Glenhardie Farms (John R. K. Scott estate),Tredyffrin,,
GHF42,Glenhardie Farms (John R. K. Scott estate),Tredyffrin,,
GHF43,Glenhardie Farms (John R. K. Scott estate),Tredyffrin,,
GHF44,Glenhardie Farms (John R. K. Scott estate),Tredyffrin,,
GHF45,Glenhardie Farms (John R. K. Scott estate),Tredyffrin,,
GHF46,"Apple Tree House, Glenhardie Farms",Tredyffrin,,
GHF47,"Barn, Glenhardie Farms",Tredyffrin,,
GHF48,"By-the-Creek, Glenhardie Farms",Tredyffrin,,
GHF49,"Dairy Barn, Glenhardie Farms",Tredyffrin,,
GHF50,"Donald House, Glenhardie Farms",Tredyffrin,,
GHF51,"East Watch, Glenhardie Farms",Tredyffrin,,
GHF52,"Entrance to Glenhardie Farms, next to Turnpike",Tredyffrin,View,
GHF53,Glenhardie Farms plan,Tredyffrin,View,
GHF54,"Garden House, Glenhardie Farms",Tredyffrin,,
GHF55,"Dairy Bar & Restuarant, Glenhardie Farms",Tredyffrin,,
GHF56,"Hilltop House, Glenhardie Farms",Tredyffrin,,
GHF57,"Magnolia House, Glenhardie Farms",Tredyffrin,,
GHF58,"Managers House, Glenhardie Farms",Tredyffrin,,
GHF59,"Mifflin House, Glenhardie Farms",Tredyffrin,,
GHF60,"Road Alignments, Glenhardie Farms",Tredyffrin,Road,
GHF61,"Sullivan’s Quarters, Glenhardie Farms",Tredyffrin,,
GHF62,"The Hedges, Glenhardie Farms",Tredyffrin,,
GHF63,"The Lindens, Glenhardie Farms",Tredyffrin,,
GHF64,"The Meadows, Glenhardie Farms",Tredyffrin,,
GHF65,"The Orchards, Glenhardie Farms",Tredyffrin,,
GHF66,"Weedon and DeKalb Houses, Glenhardie Farms",Tredyffrin,,
GHF67,"Weston Cottage, Glenhardie Farms",Tredyffrin,,
GJI06,Windmill Tea Room,Tredyffrin,,
GJI07,General Jackson Inn,Tredyffrin,,
GJI08,General Jackson Inn,Tredyffrin,,
GJI09,General Jackson Inn,Tredyffrin,,
GJI10,Windmill Tea Room,Tredyffrin,,
GJI2,Espenshade's Wayside Inn,Tredyffrin,,
GJI3,General Jackson Inn,Tredyffrin,,
GJI4,"Wind Mill Tea Room (General Jackson Inn), looking nothwest, Paoli",Tredyffrin,,
GJI5,"The General Jackson Inn near Mile Post 18, Paoli, 1888",Tredyffrin,,
GLH01,Golder-Langerhans House,Tredyffrin,,
GLH02,Golder-Langerhans House,Tredyffrin,,
GLH03,Golder-Langerhans House,Tredyffrin,,
GLH04,Golder-Langerhans House,Tredyffrin,,
GLS04,"Account Ledger, Glassley School",Easttown,,
GLS2,Glassley School,Easttown,,
GLS3,"Closeup of the Glassley School, June 1888",Easttown,,
GPI01,General Paoli Inn,Tredyffrin,,
GPI02,General Paoli Inn,Tredyffrin,,
GPI03,Paoli Inn looking NE - 1888,Tredyffrin,,
GPI04,"Paoli (Inn) from the west, 1888",Tredyffrin,,
GPI08,Banquet Room at the Paoli Inn,Tredyffrin,,
GPI09,General Paoli Inn,Tredyffrin,,
GPI10,General Paoli Inn,Tredyffrin,,
GPQ01,General Poor's Quarters,Tredyffrin,,
GPQ02,General Poor's Quarters,Tredyffrin,,
GPQ03,General Poor's Quarters,Tredyffrin,,
GPQ04,General Poor's Quarters,Tredyffrin,,
GPQ05,General Poor's Quarters,Tredyffrin,,
GRA01,"Gramond, Crestline Road",Tredyffrin,,
GRA02,"Gramond, Crestline Road",Tredyffrin,,
GRA03,"Gramond, Crestline Road",Tredyffrin,,
GRB01,Henry Garber’s Store,Easttown,,
GRB02,Garber Store Interior,Easttown,,
GRB03,Post office break-in (when it was being run by Henry Garber),Easttown,,
GRB04,"Elizabeth Garber, aged about 10, in front of Garber Store, about 1910",Easttown,,
GRB05,Henry O. Garber,Easttown,person,
GRB06,Henry Garber hunting,Easttown,person,
GRB09,Henry O. Garber,,person,
GRB11,Henry O. Garber group,,person,
GRB12,Henry O. Garber,,person,
GRB13,Henry O. Garber,,person,
GRB14,Henry O. Garber,,person,
GRB15,Henry O. Garber,,person,
GRB16,Henry O. & Mary Patton Garber,Easttown,person,
GRB17,Henry O. Garber,,person,
GRB18,"Hunting group at Camp Lamoka, Monroetown",,person,
GRB19,Henry Garber hunting,,person,
GRB20,"Hunting group at Camp Lamoka, Monroetown",,person,
GRB21,Member of Henry Garber hunting party,,person,
GRB22,Unknown person,,person,
GRB23,Unknown person,,person,
GRB24,"Hunting group at Camp Lamoka, Monroetown",,person,
GRB25,Mary Patton Garber,,person,
GRB26,Garber family,,person,
GRB27,Sarah Elizabeth Garber,,person,
GSC01,Gateway Shopping Center,Tredyffrin,,
GSC02,Gateway Shopping Center,Tredyffrin,,
GSC03,Gateway Shopping Center,Tredyffrin,,
GSC04,Gateway Shopping Center,Tredyffrin,,
GSC05,Gateway Shopping Center,Tredyffrin,,
GSC06,Gateway Shopping Center,Tredyffrin,,
GSC07,Gateway Shopping Center,Tredyffrin,,
GSC08,Gateway Shopping Center,Tredyffrin,,
GSC09,Gateway Shopping Center,Tredyffrin,,
GSC10,Gateway Shopping Center,Tredyffrin,,
GSC11,Gateway Shopping Center,Tredyffrin,,
GSC12,Gateway Shopping Center,Tredyffrin,,
GSC13,Gateway Shopping Center,Tredyffrin,,
GSC14,Gateway Shopping Center,Tredyffrin,,
GSC15,Gateway Shopping Center,Tredyffrin,,
GT02,Warner Residence,Malvern Borough,,
GT1,"Lancaster Avenue, Green Tree (Duffyn Mawr)",,View,
GVB1,Great Valley Baptist Church,Tredyffrin,,
GVB10,"Graveyard, Great Valley Baptist Church",Tredyffrin,,
GVB11,Great Valley Baptist Church,Tredyffrin,,
GVB2,Great Valley Baptist Church,Tredyffrin,,
GVB21,Great Valley Baptist Church,Tredyffrin,,
GVB22,Great Valley Baptist Church,Tredyffrin,,
GVB23,Great Valley Baptist Church sign,Tredyffrin,,
GVB24,Great Valley Baptist Church,Tredyffrin,,
GVB25,Great Valley Baptist Church Educational Building and Parsonage,Tredyffrin,,
GVB26,Great Valley Baptist Church Educational Building,Tredyffrin,,
GVB27,Rev. David Jones,Tredyffrin,,
GVB28,Great Valley Baptist Church,Tredyffrin,,
GVB29,Great Valley Baptist Church,Tredyffrin,,
GVB4,Great Valley Baptist Church,Tredyffrin,,
GVB5,Great Valley Baptist Church,Tredyffrin,,
GVB6,Great Valley Baptist Church,Tredyffrin,,
GVB7,Great Valley Baptist Church,Tredyffrin,,
GVB8,"Educational Building, Great Valley Baptist Church",Tredyffrin,,
GVB9,"Graveyard, Great Valley Baptist Church",Tredyffrin,,
GVH01,Great Valley House,Tredyffrin,,
GVM1,Great Valley Mill,Tredyffrin,,
GVM10,Great Valley Mill,Tredyffrin,,
GVM11,Great Valley Mill,Tredyffrin,,
GVM12,Great Valley Mill,Tredyffrin,,
GVM13,Great Valley Mill,Tredyffrin,,
GVM14,Great Valley Mill,Tredyffrin,,
GVM15,Great Valley Mill,Tredyffrin,,
GVM16,"Great Valley Mill Brochure, Page 1",Tredyffrin,,
GVM17,"Great Valley Mill Brochure, Page 2",Tredyffrin,,
GVM18,"Great Valley Mill Brochure, Page 3",Tredyffrin,,
GVM19,"Great Valley Mill Brochure, Page 4",Tredyffrin,,
GVM2,Great Valley Mill,Tredyffrin,,
GVM20,"Great Valley Mill Brochure, Page 5",Tredyffrin,,
GVM21,"Great Valley Mill Brochure, Page 6",Tredyffrin,,
GVM22,Great Valley Mill,Tredyffrin,,
GVM23,Great Valley Mill,Tredyffrin,,
GVM24,Great Valley Mill,Tredyffrin,,
GVM25,Great Valley Mill,Tredyffrin,,
GVM3,Sign at Great Valley Mill,Tredyffrin,,
GVM4,Owned and Consultants at Great Valley Mill,Tredyffrin,,
GVM5,Mrs. Richard Houghton with restoration partners at Great Valley Mill,Tredyffrin,,
GVM6,"John Campbell, waterwheel expert, outside Great Valley Mill",Tredyffrin,,
GVM7,Great Valley Mill,Tredyffrin,,
GVM8,Great Valley Mill,Tredyffrin,,
GVM9,Great Valley Mill,Tredyffrin,,
GVP08,Great Valley Presbyterian Church,Tredyffrin,,
GVP09,Great Valley Presbyterian Church,Tredyffrin,,
GVP1,Great Valley Presbyterian Church,Tredyffrin,,
GVP10,"Parsonage, Great Valley Presbyterian Church",Tredyffrin,,
GVP11,"Parsonage, Great Valley Presbyterian Church",Tredyffrin,,
GVP12,Great Valley Presbyterian Church,Tredyffrin,,
GVP13,Great Valley Presbyterian Church,Tredyffrin,,
GVP14,Great Valley Presbyterian Church,Tredyffrin,,
GVP15,Great Valley Presbyterian Church,Tredyffrin,,
GVP15b,Back of GVP15,Tredyffrin,,
GVP16,Great Valley Presbyterian Church,Tredyffrin,,
GVP18,Great Valley Presbyterian Church,Tredyffrin,,
GVP20,Great Valley Presbyterian Church,Tredyffrin,,
GVP21,Great Valley Presbyterian Church,Tredyffrin,,
GVP22,Great Valley Presbyterian Church,Tredyffrin,,
GVP23,Great Valley Presbyterian Church,Tredyffrin,,
GVP24,Great Valley Presbyterian Church,Tredyffrin,,
GVP25,Great Valley Presbyterian Church,Tredyffrin,,
GVP26,Great Valley Presbyterian Church,Tredyffrin,,
GVP27,Great Valley Presbyterian Church,Tredyffrin,,
GVP28,Great Valley Presbyterian Church,Tredyffrin,,
GVP29,Great Valley Presbyterian Church,Tredyffrin,,
GVP3,Great Valley Presbyterian Church,Tredyffrin,,
GVP4,Second Great Valley Presbyterian Church,Tredyffrin,,
GVP5,Great Valley Presbyterian Church,Tredyffrin,,
GWQ01,General Wayne’s Quarters,Tredyffrin,,
GWQ02,General Wayne’s Quarters (Joseph Walker house),Tredyffrin,,
GWQ04,General Wayne’s Quarters (Joseph Walker house),Tredyffrin,,
GWQ05,"General Wayne’s Quarters, Many Springs Farm",Tredyffrin,,
GWQ06,Wayne’s Quarters; Many Springs Farm (Joseph Walker house),Tredyffrin,,
GWQ07,Wayne’s Quarters,Tredyffrin,,
GWQ08,Wayne’s Quarters (Joseph Walker house),Tredyffrin,,
GWQ09,General Wayne’s Quarters,Tredyffrin,,
GWQ10,General Wayne’s Quarters,Tredyffrin,,
HAF01,"Hatton family, c. 1913",,person,
HAF02,"Havard Wayne Hatton, 1897 - 1918 (eldest son), died of the flu",,person,
HAF03,"Jervis Hatton, 1898 - 1919 (train accident c. 1918), second eldest son",,person,
HAF04,"Mrs. Susan B. Hatton and daughter Alvertia (Elsie) in the garden, c. 1915",,person,
HAF05,"Hatton family, c. 1905 at Kennett Square meeting",,person,
HAF06,"Susan Boggs Hatton, c. 1896",,person,
HAM01,Hammer Hollow Mill,Tredyffrin,,
HAM02,Hammer Hollow,Tredyffrin,Place,
HCF01,"Happy Creek Farm, Church Road",Easttown,,
HCF02,"Happy Creek Farm, Church Road",Easttown,,
HCF03,"Happy Creek Farm, Church Road",Easttown,,
HCF04,"Happy Creek Farm, Church Road",Easttown,,
HCF05,"Happy Creek Farm, Church Road",Easttown,,
HDW01,H. Drake Williams House,Tredyffrin,,
HDW02,H. Drake Williams House,Tredyffrin,,
HDW03,H. Drake Williams House,Tredyffrin,,
HDW04,H. Drake Williams House,Tredyffrin,,
HHO01,"Hillhouse, White Horse Road, built 1926",Easttown,,
HHO02,"Hillhouse, White Horse Road, built 1926",Easttown,,
HHO03,"Hillhouse, White Horse Road, built 1926",Easttown,,
HHO04,"Hillhouse, White Horse Road, built 1926",Easttown,,
HHO05,"Hillhouse, White Horse Road, built 1926",Easttown,,
HHO06,"Hillhouse, White Horse Road, built 1926",Easttown,,
HHO07,"Hillhouse, White Horse Road, built 1926",Easttown,,
HHR01,Fonzo’s Harbor House Restaurant demolition,Easttown,,
HHR03,Fonzo”s Harbor House Restaurant demolition,Easttown,,
HHR04,Fonzo’s Harbor House Restaurant demolition,Easttown,,
HHR05,Fonzo’s Harbor House Restaurant demolition,Easttown,,
HHR06,Fonzo’s Harbor House Restaurant demolition,Easttown,,
HHR07,Fonzo’s Harbor House Restaurant demolition,Easttown,,
HHR09,Fonzo’s Harbor House Restaurant demolition,Easttown,,
HHR10,Fonzo’s Harbor House Restaurant demolition,Easttown,,
HHR11,Fonzo’s Harbor House Restaurant demolition,Easttown,,
HHR12,Fonzo’s Harbor House Restaurant demolition,Easttown,,
HIC01,Hillcrest Estate,Tredyffrin,,
HIC02,Hillcrest,Tredyffrin,,
HIC03,Hillcrest,Tredyffrin,,
HIC04,Hillcrest,Tredyffrin,,
HIC05,Entrance to Hillcrest,Tredyffrin,,
HIC06,Hillcrest,Tredyffrin,,
HIC07,Hillcrest,Tredyffrin,,
HIC08,"Bair estate, Hillcrest",Tredyffrin,,
HIC09,Housing development on Hillcrest estate,Tredyffrin,,
HIC10,Hillcrest estate,Tredyffrin,,
HIC11,Hillcrest,Tredyffrin,,
HIC12,Entrance to Hillcrest estate,Tredyffrin,,
HIC13,"Pavement work, Hillcrest",Tredyffrin,,
HIC14,"Preparatory work for housing, Hillcrest",Tredyffrin,,
HIC15,New road into Hillcrest property,Tredyffrin,,
HIC16,Sewer lines into Hillcrest estate,Tredyffrin,,
HIC17,"House foundations, Hillcrest estate",Tredyffrin,,
HIC18,"Hillcrest, looking south",Tredyffrin,,
HIC19,Hillcrest,Tredyffrin,,
HIC20,Hillcrest,Tredyffrin,,
HIC21,"home of Ellwood Tunnel, Hillcrest",Tredyffrin,,
HIC22,"Original South Porch, Hillcrest",Tredyffrin,,
HIC23,"North and East sides, Hillcrest",Tredyffrin,,
HIC24,"North and West sides, Hillcrest",Tredyffrin,,
HIC25,"North side, Hillcrest",Tredyffrin,,
HIC26,"Porte Cochere, Hillcrest",Tredyffrin,,
HIC27,"South and West sides, Hillcrest",Tredyffrin,,
HIC28,"South Front, Hillcrest",Tredyffrin,,
HIC29,"Storage Hall, Third Floor, Hillcrest",Tredyffrin,,
HIC30,"Storage Hall, Third Floor, Hillcrest",Tredyffrin,,
HIC31,"Typical Bevelled Plate Glass Window, Hillcrest",Tredyffrin,,
HIC32,"Arched Window, Hillcrest",Tredyffrin,,
HIC33,"Bedroom, Second Floor, Hillcrest",Tredyffrin,,
HIC34,"Bedroom, Second Floor, Hillcrest",Tredyffrin,,
HIC35,"Dining Room, Southwest Corner, Hillcrest",Tredyffrin,,
HIC36,"Entrance, Hillcrest",Tredyffrin,,
HIC37,"Entrance, Hillcrest",Tredyffrin,,
HIC38,"Entrance Hall, Hillcrest",Tredyffrin,,
HIC39,"Fireplace, Dining Room, Hillcrest",Tredyffrin,,
HIC40,"Front Door, Hillcrest",Tredyffrin,,
HIC41,"Front Door, Hillcrest",Tredyffrin,,
HIC42,"Hillcrest, south front",Tredyffrin,,
HIC43,"Hillcrest, North and East sides",Tredyffrin,,
HIC44,"Hillcrest, Third Floor",Tredyffrin,,
HIC45,"Hillcrest, Third Floor",Tredyffrin,,
HIC46,"Hillcrest, North Side",Tredyffrin,,
HIC47,"Hillcrest, West side",Tredyffrin,,
HIC48,"Hillcrest, Third Floor",Tredyffrin,,
HIC49,"Hillcrest, West side",Tredyffrin,,
HIC50,"Hillcrest, North side",Tredyffrin,,
HIC51,Hillcrest,Easttown,,
HIG02,Higgins Bakery,Tredyffrin,,
HIG04,Higgins Bakery,Tredyffrin,,
HIG08,Higgins Bakery,Tredyffrin,,
HIG09,Higgins Bakery,Tredyffrin,,
HLC07,Hampton-Atlee-Erdman Cabin,Tredyffrin,,
HLC08-2590,"Heyburn Roye Log Cabin, 1989",Tredyffrin,,
HLC08-3596,Hampton-Atlee-Erdman Cabin,Tredyffrin,,
HLC09,"Heyburn Roye Log Cabin, 1990",Tredyffrin,,
HLC10,Reese Homestead,Tredyffrin,,
HLC11-3243,Reese Homestead,Tredyffrin,,
HLC11-6861,"Ice Storm at Heyburn Cabin, Long Lane, Berwyn",Tredyffrin,View,
HLC2,Neilly Log Cabin,Tredyffrin,,
HLC3,Atlee-Erdman Log Cabin,Tredyffrin,,
HLC4,Atlee-Erdman Log Cabin,Tredyffrin,,
HLC7,Reese homestead,Tredyffrin,,
HMH01,"Highway Mission, Howellville",Tredyffrin,,
HMH02,"Highway Mission, Howellville",Tredyffrin,,
HMH03,"Highway Mission, Howellville",Tredyffrin,,
HMS001,Hope Scott,Easttown,,donation:0
HMS002,Young Hope Montgomery,Easttown,,donation:0
HMS003,Hope Montgomery Scott at Devon Horse Show,Easttown,,donation:0
HMS004,Hope Montgomery Scott at Devon Horse Show,Easttown,,donation:0
HMS005,Hope Montgomery Scott at Devon Horse Show,Easttown,,donation:0
HMS006,Hope Montgomery Scott 80th birthday,Easttown,,donation:0
HMS007,Hope Montgomery Scott,Easttown,,donation:0
HOM01,Howellville Mill,Tredyffrin,,
HOS05,Howellville School,Tredyffrin,,
HOS06,Account Ledger - Howellville School,Tredyffrin,,
HOS1,Howellville School Parade,Tredyffrin,,
HOS2,Reunion at Howellville School,Tredyffrin,,
HOS3,Davis School at Howellville,Tredyffrin,,
HOT03,Howellville Tavern Barn,Tredyffrin,,
HOT04,Howellville Tavern Barn,Tredyffrin,,
HOT05,Howellville Inn,Tredyffrin,,
HOT1,Howellville Tavern,Tredyffrin,,
HOT2,The Second Howellville Inn,Tredyffrin,,
HOU1,Cathcart Home,Tredyffrin,,
HOU100,"Yerkes House, Berwyn and Main Streets.",Easttown,,
HOU101,"Kromer House, 22 Waterloo Road",Easttown,,
HOU102,"Kromer House, 22 Waterloo Road",Easttown,,
HOU103,"Apdyke house, Waterloo Road",Easttown,,
HOU104,Yerkes House,Easttown,,
HOU105,Yerkes House,Easttown,,
HOU106,Site of former Yerkes House,Easttown,,
HOU107,Rear view of Yerkes house,Easttown,,
HOU108,Travelgwyn,Easttown,,
HOU109,Travelgwyn,Easttown,,
HOU110,Travelgwyn,Easttown,,
HOU111,"Bernard House, Russell Road",Tredyffrin,,
HOU112,"Norman Acker house, from Warren Avenue, Berwyn",Easttown,,
HOU113,"Norman Acker house, from Old Lancaster Road",Easttown,,
HOU114,Hettinger Farm,Tredyffrin,,
HOU115,"House, 1085 Old Lancaster Road.",Tredyffrin,,
HOU116,Iddings House,Tredyffrin,,
HOU117,Iddings House,Tredyffrin,,
HOU118,"Valley View, Howellville Road",Tredyffrin,,
HOU119,"Esther Lewis House, Berwyn Baptist Road",Tredyffrin,,
HOU120,"Esther Lewis House, Berwyn Baptist Road",Tredyffrin,,
HOU122,Iddings house interior,Tredyffrin,,
HOU123,"John Acker House, Conestoga Road",Tredyffrin,,
HOU125,"61 Cassatt Avenue, Berwyn",Tredyffrin,,
HOU126,"61 Cassatt Avenue, Berwyn",Tredyffrin,,
HOU127,Barn at 61 Cassatt Avenue,Tredyffrin,,
HOU128,Barn at 61 Cassatt Avenue,Tredyffrin,,
HOU129,"New offices, Station and Kromer Avenues",Easttown,,
HOU130,"New offices, Station and Kromer Avenues",Easttown,,
HOU131,"New offices, Station and Kromer Avenues",Easttown,,
HOU132,"New offices, Station and Kromer Avenues",Easttown,,
HOU133,"New offices, Station and Kromer Avenues",Easttown,,
HOU134,"New offices, Station and Kromer Avenues",Easttown,,
HOU135,"New offices, Station and Kromer Avenues",Easttown,,
HOU136,"New offices, Station and Kromer Avenues",Easttown,,
HOU137,"New offices, Station and Kromer Avenues",Easttown,,
HOU138,"New offices, Station and Kromer Avenues",Easttown,,
HOU140,Aiken house,Easttown,,
HOU141,"House on Old Swedesford Road, Howellville",Tredyffrin,,
HOU142,"House on Swedesford Road, Howellville",Tredyffrin,,
HOU143,House at corner of Swedesford and Howellville Roads,Tredyffrin,,
HOU144,House at corner of Swedesford and Howellville Roads,Tredyffrin,,
HOU145,"Hosue, Main Street, Berwyn",Easttown,,
HOU146,"Hosue, Main Street, Berwyn",Easttown,,
HOU147,"House, Main Street, Berwyn",Easttown,,
HOU148,"House on Main Street, Berwyn",Easttown,,
HOU149,"345 Keller Road, Berwyn",Easttown,,
HOU150,"606 Kromer Avenue, Berwyn",Easttown,,
HOU151,"Nuzum house, Main Street, Berwyn",Easttown,,
HOU152,Former Gallagher Building,Easttown,,
HOU153,Dr. Thomas J. Aiken’s home,Easttown,,
HOU154,"Foundations, 112 Homestead Road, Devon - Strafford",Tredyffrin,,
HOU155,"Foundations, 112 Homestead Road, Devon - Strafford",Tredyffrin,,
HOU156,112 Homestead Road being built,Tredyffrin,,
HOU157,112 Homestead Road being built,Tredyffrin,,
HOU158,112 Homestead Road completed,Tredyffrin,,
HOU159,Hillstyde [sic] near Berwyn,Easttown,,
HOU160,Hilltop,Easttown,,
HOU161,Plan of Sunset Hills,Tredyffrin,,
HOU162,Plan of Sunset Hills,Tredyffrin,,
HOU165,Possibly Howard Walker farm,Tredyffrin,,
HOU167,Peter Burns house,Tredyffrin,,
HOU169,Mildred Bradley house,Tredyffrin,,
HOU170,Rumrill House,Tredyffrin,,
HOU172,Mcnamee house,Tredyffrin,,
HOU175,"Hillcrest, Conestoga Road",Tredyffrin,,
HOU176,Robinson - Welburn Lodge,Easttown,,
HOU178,"54 Waterloo Avenue, Berwyn",Easttown,,
HOU190,"54 Waterloo Avenue, Berwyn",Easttown,,
HOU191,"Harrison Estate, Waterloo Mills",Easttown,Place,
HOU196,Former Rumrill House,Tredyffrin,,
HOU198,Overfields,Easttown,,
HOU199,Hawthorne,Easttown,,
HOU201,"Martha Heiman House, Bridge Avenue",Easttown,,
HOU203,"Tobler House, Berwyn Avenue",Easttown,,
HOU204,"Tobler House, Berwyn Avenue",Easttown,,
HOU205,"Tobler House, Berwyn Avenue",Easttown,,
HOU206,"Tobler House, Berwyn Avenue",Easttown,,
HOU207,"Tobler House, Berwyn Avenue",Easttown,,
HOU208,"Eithercoe, Pugh Road",Tredyffrin,,
HOU210,Dr. R. B. Okies house,Tredyffrin,,
HOU211,Unknown House,Tredyffrin,,
HOU215,Unknown House,Easttown,,
HOU216,Travelgwyn,Easttown,,
HOU217,Travelgwyn,Easttown,,
HOU218,Travelgwyn,Easttown,,
HOU219,Unknown House,Easttown,,
HOU222,"Rear of 644 Lancaster Avenue, Berwyn",Easttown,,
HOU223,Maggie Lobb house,Easttown,,
HOU224,Maggie Lobb house,Easttown,,
HOU225,Back side of the Doyle and McDonald Landscape Company on Lakeside Ave Devon.,Easttown,,
HOU227,Barn at Travelgwyn,Easttown,,
HOU229,Berwyn Gingerbread,Easttown,,
HOU230,Former site of Eagle Hotel,Tredyffrin,,
HOU231,Travelgwyn,Easttown,,
HOU232,Rumrill Observatory,Tredyffrin,,
HOU235,Unknown House,Easttown,,
HOU236,Regina Mundi Priory before demolition,Easttown,,
HOU237,Regina Mundi Priory before demolition,Easttown,,
HOU238,Residence of William W. Hoopes,Tredyffrin,,
HOU239,Residence of George R. Sinnickson,Tredyffrin,,
HOU240,Maggie Lobb house,Easttown,,
HOU241,George Tobler house,Easttown,,
HOU242,Odd Fellows Hall,Easttown,,
HOU243,George Hutton house,Easttown,,
HOU244,Abraham Latch house,Easttown,,
HOU245,Rumrill Observatory,Tredyffrin,,
HOU246,Rumrill Observatory,Tredyffrin,,
HOU247,"Rumrill house, Conestoga Road",Tredyffrin,,
HOU248,Unknown House,Easttown,,
HOU249,"Office and Taxi stand on Lancaster Avenue, Berwyn (next to War Memorial)",Easttown,,
HOU25,Williams Farm,Tredyffrin,,
HOU250,Maggie Lobb house,Easttown,,
HOU251,"Houses on Lancaster Avenue, Berwyn",Easttown,,
HOU252,"Brick houses on corner of Aiken and Berwyn Avenues, Berwyn",Easttown,,
HOU253,Unknown Building,Easttown,,
HOU256,"E. B. McCarthy house, Devon",Easttown,,
HOU257,"F. H. Galloney house, Paoli",Tredyffrin,,
HOU258,"H. W. Biddle house, Paoli",Tredyffrin,,
HOU259,"J. Hampton Barnes house, Devon",Easttown,,
HOU26,Waynesborough,Easttown,,
HOU260,"Malcolm Lloyd house, Devon",Easttown,,
HOU261,"R. R. Benedict house, Devon",Easttown,,
HOU262,"T. Mellon Rogers house, Devon",Easttown,,donation:0
HOU263,Sugartown Mews,Tredyffrin,,
HOU266,LaFayette’s Quarters,Tredyffrin,,
HOU267,Watch Box from Centennial Exposition in Fairmount Park in 1876,Tredyffrin,,
HOU268,Watch Box from Centennial Exposition in Fairmount Park in 1876,Tredyffrin,,
HOU269,Possible building from Centennial Exposition in Fairmount Park in 1876,Tredyffrin,,
HOU270,"231 Berkley Road, Devon",Easttown,,
HOU271,"319 Chester Road, Devon",Easttown,,
HOU272,"Unknown House, Berwyn",Easttown,,
HOU273,"3 Colonial Dwellings, Devon",Easttown,,
HOU274,"Miss Dorothy E. Cadwalader, Chestnutwold Farm, Devon",Easttown,,
HOU275,"B. C. Fenwick house, Strafford",Tredyffrin,,
HOU277,"Mr. F. D. Dimmick house, Strafford",Tredyffrin,,
HOU278,"Harrison S. Hires house, Berwyn",Easttown,,
HOU279,"Harry Fried house, Strafford",Tredyffrin,,
HOU28,General Cornwallis' Quarters,Tredyffrin,,
HOU280,"G. B. Wheeler house, Devon",Easttown,,
HOU281,"Mr. John S. Bioren house, Devon",Easttown,,
HOU283,"Mrs. M. A. Aull, Snoqualmie, Devon",Tredyffrin,,
HOU3,Eliza Cathcart Home,Tredyffrin,,
HOU30,"Bodine House, Berwyn",Tredyffrin,,
HOU31,"Iddings house, North Berwyn",Tredyffrin,,
HOU32,Alchyadd,Easttown,,
HOU33,Cathcart Home,Tredyffrin,,
HOU34,Atlee Potters Spring House,Easttown,,
HOU35,"Grubb House, Berwyn",Easttown,,
HOU36,Empty Lot on Conestoga Road,Easttown,,
HOU37,New House on Conestoga Road,Easttown,,
HOU38,North Berwyn School,Tredyffrin,,
HOU4,"Rumrill Home, front view",Tredyffrin,,
HOU40,View from 759 Conestoga Road,Tredyffrin,View,
HOU42,"Francis House, Rhydlyn, Berwyn",Tredyffrin,,
HOU43,"Francis House, Rhydlyn, Berwyn",Tredyffrin,,
HOU44,"Odd Fellows' Hall, Berwyn",Easttown,,
HOU45,"P. W. Lobb Hall, Berwyn",Easttown,,
HOU46,P. W. Lobb home,Easttown,,
HOU47,"Presbyterian Hall, Berwyn",Easttown,,
HOU48,"Commercial Building, Lincoln Highway, Paoli",Tredyffrin,,
HOU5,"Rumrill Home, rear view",Tredyffrin,,
HOU51,Nant yr Ewig,Tredyffrin,,
HOU53,Latch driveway,Tredyffrin,,
HOU54,"Springhouse, 741 Contention Lane",Tredyffrin,,
HOU55,"Springhouse, Sugartown Road",Easttown,,
HOU6,Rehobeth,Tredyffrin,,
HOU62,Iddings House,Tredyffrin,,
HOU63,"Mr. C. Latch’s Home, Berwyn",Easttown,,
HOU64,"Aunt Emma Latch’s Home, Berwyn",Easttown,,
HOU65,Odd Fellows’ Hall,Easttown,,
HOU68,"Victorian house, northwest corner of Bair and Conestoga Roads",Tredyffrin,,
HOU69,"Victorian house, northwest corner of Bair and Conestoga Roads",Tredyffrin,,
HOU7,Knyphausen's Quarters,Tredyffrin,,
HOU70,"Victorian house, northwest corner of Bair and Conestoga Roads",Tredyffrin,,
HOU71,"Victorian house, northwest corner of Bair and Conestoga Roads",Tredyffrin,,
HOU78,Taylor House,Easttown,,
HOU79,Gamble House,Easttown,,
HOU8,General Howe's Headquarters,Tredyffrin,,
HOU80,Beaumont Farm and Cider Press,Easttown,,
HOU81,Leopard Post office,Easttown,,
HOU82,"Willowdale, Newtown Road",Easttown,,
HOU83,"House, Newtown Road",Easttown,,
HOU84,"House, Newtown Road",Easttown,,
HOU85,"House, Newtown Road",Easttown,,
HOU86,"Laywell Farm, Devon",Easttown,,
HOU87,"House, Waterloo Road",Easttown,,
HOU88,"House, Waterloo Road",Easttown,,
HOU91,Steen - Rumrill House,Tredyffrin,,
HOU92,"Steen -  Rumrill House, Conestoga Road",Tredyffrin,,
HOU93,site of George Washington Lewis house,Tredyffrin,,
HOU94,Site of George Washington Lewis house,Tredyffrin,,
HOU98,"Lobb-Honston house, Berwyn",Easttown,,
HOU99,"Englebert House, Ambleside Court",Easttown,,
HOW1,Howellville Road,Tredyffrin,View,
HOW10,"Mule Barn, Howellville",Tredyffrin,Place,
HOW11,"Shack, Howellvile",Tredyffrin,Place,
HOW12,Map of Howellville,Tredyffrin,Place,
HOW13,Swedesford Road,Tredyffrin,Place,
HOW14,Howellville,Tredyffrin,Place,
HOW15,Site of Howellville Tavern,Tredyffrin,Place,
HOW16,new Mill Road at Swedesford Road,Tredyffrin,Place,
HOW17,new Mill Road,Tredyffrin,Place,
HOW18,Howellville,Tredyffrin,Place,
HOW19,Howellville,Tredyffrin,Place,
HOW2,Howellville,Tredyffrin,View,
HOW20,Howellville,Tredyffrin,Place,
HOW21,Howellville,Tredyffrin,Place,
HOW22,Painting of Howellville village,Tredyffrin,View,
HOW23,Howellville Village,Tredyffrin,View,
HOW24,Howellville Road in Village,Tredyffrin,View,
HOW25,Howellville Road in Village; looking east,Tredyffrin,View,
HOW26,Howellville Road in Village,Tredyffrin,View,
HOW27,Howellville,Tredyffrin,View,
HOW28,"Old Swedesford Road, Howellville",Tredyffrin,View,
HOW29,Swedesford Road looking east,Tredyffrin,View,
HOW3,Bear Hill Road at Howellville,Tredyffrin,,
HOW30,Swedesford Road l0oking east to Howellville Road,Tredyffrin,View,
HOW31,"Howellville Road and route 202, 1967",Tredyffrin,View,
HOW32,"Howellville Road and route 202, looking north",Tredyffrin,View,
HOW33,Howellville and Swedesford Roads looking north,Tredyffrin,View,
HOW34,Bear Hill Road at Howellville,Tredyffrin,,
HOW35,New Swedesford Road,Tredyffrin,View,
HOW36,Painting of Howellville,Tredyffrin,View,
HOW37,Swedesford Road looking north,Tredyffrin,View,
HOW38,Swedesford Road,Tredyffrin,View,
HOW39,Old Swedesford Road,Tredyffrin,View,
HOW4,Howellville Clean-up,Tredyffrin,Place,
HOW40,Old Swedesford Road,Tredyffrin,View,
HOW41,Swedesford Road and site of Howellville Quarry,Tredyffrin,View,
HOW42,Old Swedesford Road,Tredyffrin,View,
HOW43,Swedesford Road,Tredyffrin,View,
HOW44,Swedesford Road,Tredyffrin,View,
HOW5,Howellville Clean-up,Tredyffrin,Place,
HOW6,Howellville Clean-up,Tredyffrin,Place,
HOW7,Howellville Clean-up,Tredyffrin,Place,
HOW8,"House & Mule Barn, Howellville",Tredyffrin,Place,
HOW9,"House on Swedesford Road, Howellvile",Tredyffrin,Place,
HQ07,Howellville Quarry,Tredyffrin,,
HQ08,Howellville Quarry,Tredyffrin,,
HQ09,Howellville Quarry,Tredyffrin,,
HQ1,"Crushers, Howellville Quarry",Tredyffrin,,
HQ10,"Johnson Quarry, Howellville",Tredyffrin,,
HQ2,Howellville Quarry,Tredyffrin,,
HQ3,Buildings at Howellville Quarry,Tredyffrin,,
HQ4,Howellville Quarry being drained,Tredyffrin,,
HQ5,"Dyer Quarry, Howellville",Tredyffrin,,
HQ6,"Dyer Quarry, Howellville",Tredyffrin,,
HRB01,"Howellville and Old Lancaster Roads, Berwyn",Tredyffrin,View,
HRB02,"Howellville Road, Berwyn",Tredyffrin,View,
HRB03,"Howellville Road, Berwyn",Tredyffrin,View,
HRB04,"Howellville Road, Berwyn",Tredyffrin,View,
HRB05,"Howellville Road, Berwyn",Tredyffrin,View,
HSH01,D. Haven Scott House,Tredyffrin,,
HSH02,D. Haven Scott House,Tredyffrin,,
HSH03,D. Haven Scott House,Tredyffrin,,
HSH04,D. Haven Scott House,Tredyffrin,,
HSH05,D. Haven Scott House,Tredyffrin,,
HSH06,D. Haven Scott House,Tredyffrin,,
HSH07,D. Haven Scott House,Tredyffrin,,
HSQ01,Generals Howe & Scott's Quarters,Tredyffrin,,
HSQ02,Howe’s Quarters,Tredyffrin,,
HSQ03,General Howe’s Quarters,Tredyffrin,,
HSQ04,Howe’s and Scott’s Quarters,Tredyffrin,,
HSQ05,Jones Barn,Tredyffrin,,
HSQ06,Jones Barn,Tredyffrin,,
HSQ07,Jones Barn,Tredyffrin,,
HSQ08,Jones Barn,Tredyffrin,,
HSQ09,Jones Barn,Tredyffrin,,
HSQ12,Jones Barn,Tredyffrin,,
HSS03,Hillside School,Tredyffrin,,
HSS04,Hillside School,Tredyffrin,,
IHF01,Ivy Hollow Farm Tenant House,Tredyffrin,,
IHF02,Ivy Hollow Farm Tenant House,Tredyffrin,,
IHF03,Ivy Hollow Farm Tenant House,Tredyffrin,,
IHF04,Ivy Hollow Farm Tenant House,Tredyffrin,,
IHF05,Ivy Hollow Farm Tenant House,Tredyffrin,,
IHF06,Ivy Hollow Farm Tenant House,Tredyffrin,,
IHF07,Ivy Hollow Farm Tenant House,Tredyffrin,,
IHF08,Ivy Hollow Farm Tenant House,Tredyffrin,,
IT1,Ruins of Paoli Inn,Tredyffrin,,
IT16,An Afternoon at the Horse Show,Easttown,,donation:0
IT2,Windmill Tea Rooms,Tredyffrin,,
IT5,Howellville Inns,Tredyffrin,,
IT6,Devon Inn,Easttown,,
JBH03,James Beattie House,Tredyffrin,,
JBH04,James Beattie House,Tredyffrin,,
JBH05,James Beattie House,Tredyffrin,,
JBH07,James Beattie House,Tredyffrin,,
JBH08,James Beattie House,Tredyffrin,,
JBH09,James Beattie House,Tredyffrin,,
JBH10,James Beattie House,Tredyffrin,,
JBH11,James Beattie House,Tredyffrin,,
JBH12,James Beattie House,Tredyffrin,,
JBH6,James Beattie House,Tredyffrin,,
JDH01,Jesse Dice House,Tredyffrin,,
JDH02,Jesse Dice House,Tredyffrin,,
JDH03,Jesse Dice House,Tredyffrin,,
JDH04,Jesse Dice House,Tredyffrin,,
JDH05,Jesse Dice House,Tredyffrin,,
JDH06,Jesse Dice House,Tredyffrin,,
JDH07,Jesse Dice House,Tredyffrin,,
JDH08,Jesse Dice House,Tredyffrin,,
JDH09,Jesse Dice House,Tredyffrin,,
JRB01,Jones - Richards Barn,Tredyffrin,,
JRB02,Jones - Richards Barn,Tredyffrin,,
JRB03,Jones - Richards Barn,Tredyffrin,,
JRH01,"John Reese house, 638 Conestoga Road",Tredyffrin,,
JRH02,John Reese house,Tredyffrin,,
JRH04,John Reese (aka Sagebeer) House,Tredyffrin,,
JSH01,Julius Sachse house.,Easttown,,
JSH02,Julius Sachse house,Easttown,,
JSH03,Julius Sachse house,Easttown,,
JSH04,Julius Sachse house,Easttown,,
JWH02,James White House,Schuylkill,,
JWH02b,Back of JWH02,Schuylkill,,
JWH1,James White House,Schuylkill,,
JWV01,Ground-breaking ceremony for new Suburban Housing Development in Berwyn,Easttown,,
KCB1,Knox Covered Bridge,Tredyffrin,,
KCB10,Knox Covered Bridge,Tredyffrin,Place,
KCB11,Knox Covered Bridge,Tredyffrin,Place,
KCB12,Knox Covered Bridge,Tredyffrin,Place,
KCB13,Knox Covered Bridge damage,Tredyffrin,Place,
KCB14,Knox Covered Bridge,Tredyffrin,Road,
KCB15,Knox Covered Bridge 2006 damage - siding and clearance sign,Tredyffrin,Place,
KCB16,Knox Covered Bridge 2006 damage - Damaged Beam,Tredyffrin,Place,
KCB17,Knox Covered Bridge 2006 damage - Damaged Bridge,Tredyffrin,Place,
KCB18,Knox Covered Bridge 2006 damage - Temporary repairs,Tredyffrin,Place,
KCB19,"Knox Covered Bridge, 1940",Tredyffrin,Place,
KCB2,Knox Covered Bridge & Boathouse,Tredyffrin,,
KCB20,"Knox Covered Bridge, 1940",Tredyffrin,Place,
KCB21,Knox Covered Bridge,Tredyffrin,Place,
KCB22,Knox Covered Bridge,Tredyffrin,Place,
KCB23,"Damaged Knox Covered Bridge, 1967",Tredyffrin,Place,
KCB24,"Knox Covered Bridge, looking south",Tredyffrin,Place,
KCB25,Knox Covered Bridge,Tredyffrin,Place,
KCB26,Knox Covered Bridge,Tredyffrin,Place,
KCB27,Knox Covered Bridge,Tredyffrin,Place,
KCB28,Knox Covered Bridge,Tredyffrin,Place,
KCB29,Knox Covered Bridge - view looking north,Tredyffrin,Place,
KCB3,Knox Covered Bridge & Valley Creek,Tredyffrin,,
KCB30,Knox Covered Bridge - view looking north,Tredyffrin,Place,
KCB31,Knox Covered Bridge - view looking north,Tredyffrin,Place,
KCB32,Knox Covered Bridge,Tredyffrin,Road,
KCB33,Knox Covered Bridge under repair,Tredyffrin,Road,
KCB34,Knox Covered Bridge under repair,Tredyffrin,Road,
KCB35,Knox Covered Bridge under repair,Tredyffrin,Road,
KCB36,Knox Covered Bridge,Tredyffrin,Road,
KCB37,Knox Covered Bridge,Tredyffrin,Road,
KCB38,Knox Covered Bridge,Tredyffrin,Road,
KCB38b,Back of KCB38,Tredyffrin,Road,
KCB39,Knox Covered Bridge,Tredyffrin,Road,
KCB39b,Back of KCB39,Tredyffrin,Road,
KCB4,Knox Covered bridge,Tredyffrin,Place,
KCB40,Knox Covered Bridge,Tredyffrin,Road,
KCB40b,Back of KCB40,Tredyffrin,Road,
KCB41,Knox Covered Bridge,Tredyffrin,Road,
KCB41b,Back of KCB41,Tredyffrin,Road,
KCB42,Knox Covered Bridge,Tredyffrin,Road,
KCB42b,Back of KCB42,Tredyffrin,Road,
KCB43,Knox’s Covered Bridge,Tredyffrin,Road,
KCB44,Knox Covered Bridge,Tredyffrin,Road,
KCB46,Knox Covered Bridge,Tredyffrin,Road,
KCB47,Knox Covered Bridge,Tredyffrin,Road,
KCB48,Knox Covered Bridge,Tredyffrin,Road,
KCB49,Knox Covered Bridge,Tredyffrin,Road,
KCB5,Old Covered Bridge,Tredyffrin,Place,
KCB50,Knox Covered Bridge,Tredyffrin,Road,
KCB52,Knox Covered Bridge,Tredyffrin,Road,
KCB53,Knox Covered Bridge,Tredyffrin,Road,
KCB54,Knox Covered Bridge,Tredyffrin,Road,
KCB55,Knox Covered Bridge,Tredyffrin,Road,
KCB56,Knox Covered Bridge,Tredyffrin,Road,
KCB57,Knox Covered Bridge,Tredyffrin,Road,
KCB58,Knox Covered Bridge,Tredyffrin,Road,
KCB59,Knox Covered Bridge,Tredyffrin,Road,
KCB6,Knox Covered Bridge,,Place,
KCB60,Knox Covered Bridge,Tredyffrin,Road,
KCB61,Knox Covered Bridge,Tredyffrin,Road,
KCB62,Knox Covered Bridge damaged by tree,Tredyffrin,Bridges,
KCB63,Knox Covered Bridge damaged by tree,Tredyffrin,Bridges,
KCB7,Knox Covered Bridge,Tredyffrin,Place,
KCB8,Damaged Knox Covered Bridge,Tredyffrin,Place,
KCB9,Knox Covered Bridge,Tredyffrin,Place,
KCW01,Berwyn Carriage Works,Easttown,,
KCW02,"Berwyn Carriage Works after fire, 1924",Easttown,,
KCW03,"Berwyn Carriage Works, run by Krider family, at Owen McClure’s",Easttown,,
KEE01,"Keen residence, West Valley Road",Tredyffrin,,
KEL01,"Kelso, Sugartown Road",Easttown,,
KEL02,"Building at Kelso, Berwyn-Paoli Road",Easttown,,
KEL03,"Carriage House, Kelso, Berwyn-Paoli Road",Easttown,,
KLS01,"Kromer Livery Stables, Lancaster Pike, Berwyn, 1888",Easttown,,
KNO01,General Knox’s Quarters - rear view,Tredyffrin,,
KNO02,General Knox’s Quarters - front view 1945,Tredyffrin,,
KNO04,General Knox’s Quarters,Tredyffrin,,
KNO05,General Knox’s Quarters marker,Tredyffrin,,
KNO06,Knox’s Quarters,Tredyffrin,,
KNO07,Knox’s Quarters,Tredyffrin,,
KNO08,Knox’s Quarters,Tredyffrin,,
KNQ01,General Knyphausen's Quarters,Tredyffrin,,
KNQ02,"Barn, General Knyphausen's Quarters",Tredyffrin,,
KNQ03,General Knyphausen's Quarters,Tredyffrin,,
KNQ04,General Knyphausen's Quarters,Tredyffrin,,
KNQ06,Knyphausen & Woodford's Quarters,Tredyffrin,,
KNQ07,Knyphausen & Woodford's Quarters,Tredyffrin,,
KNQ08,General Knyphuasen's Quarters,Tredyffrin,,
KNQ09,Woodford’s Quarters,Tredyffrin,,
KOP04,"King of Prussia Road, Radnor",,Road,
KRH01,Keller Road houses,Tredyffrin,,
KRH02,Keller Road houses,Tredyffrin,,
KRH03,Keller Road houses,Tredyffrin,,
KRH05,Keller Road houses,Tredyffrin,,
KRH06,Keller Road houses,Tredyffrin,,
KRH07,Keller Road houses,Tredyffrin,,
KRH08,Keller Road houses,Tredyffrin,,
KRH09,Keller Road houses,Tredyffrin,,
KRH10,Keller Road houses,Tredyffrin,,
KRH11,Keller Road houses,Tredyffrin,,
KRH12,Keller Road houses,Tredyffrin,,
KRH13,Keller Road houses,Tredyffrin,,
KRI01,Frank and George(?) Krider,,person,
KRI02,Frank Krider,,person,
KRI03,Cart,Easttown,,
KRI04,Memorial Card to Frank K. Krider,,person,
KRI05,Krider / Jones family photograph,,person,
KRI06,Krider / Jones family photograph,,person,
KRI07,Krider / Jones family photograph,,person,
KRI08,Krider / Jones family photograph,Easttown,person,
KRI09,Howard Jones,,person,
KRI10,Frank K. Krider,,person,
KRI11,Lizzie Jones,,person,
KRI12,Charles P. Jones,,person,
KRL04,Keller Road houses,Tredyffrin,,
LAB1,"Lancaster Avenue, Berwyn",Easttown,View,
LAB10,"Lancaster Pike toll gate, Berwyn, 1887",Easttown,Road,
LAB100,"Clean Up, Lancaster Avenue, Berwyn",Easttown,Service,
LAB101,"Clean Up, Lancaster Avenue, Berwyn",Easttown,Service,
LAB102,"Clean Up, Lancaster Avenue, Berwyn",Easttown,Service,
LAB103,"Clean Up, Lancaster Avenue, Berwyn",Easttown,Service,
LAB104,"Clean Up, Lancaster Avenue, Berwyn",Easttown,Service,
LAB11,"Lancaster Pike at the Lower Bridge, Berwyn,",Easttown,View,
LAB12,"Lancaster Pike - Bridge Avenue and Paoli Road, Berwyn",Easttown,View,
LAB13,"Paoli Road, Berwyn",Tredyffrin,View,
LAB14,"Paoli Road, Berwyn",Tredyffrin,View,
LAB15,"Paoli Road, Berwyn",Tredyffrin,View,
LAB16,"Paoli Road, Berwyn",Tredyffrin,View,
LAB17,"Lancaster Avenue, Berwyn",Tredyffrin,,
LAB18,"Lancaster Avenue, Berwyn",,Road,
LAB19,"Lancaster Avenue, Berwyn",,Place,
LAB2,Lancaster Pike looking west - Berwyn,Easttown,View,
LAB20,"Lancaster Avenue, Berwyn",,Place,
LAB21,"Lancaster Avenue, Berwyn",Easttown,View,
LAB22,"Lancaster Avenue, Berwyn",Easttown,View,
LAB23,"Lancaster Avenue, Berwyn",Easttown,View,
LAB24,"Lancaster Avenue, Berwyn",Easttown,View,
LAB25,"Shops, Lancaster Avenue, Berwyn",Easttown,,
LAB26,"US Post Office and Marrellas, Lancaster Avenue, Berwyn",Easttown,,
LAB27,"US Post office being remodelled, Lancaster Avenue, Berwyn",Easttown,,
LAB28,"Upper Main Line Bank, Lancaster Avenue, Berwyn",Easttown,,
LAB29,"Businesses, Lancaster Avenue, Berwyn",Easttown,,
LAB3,"Post Office & Bank, Berwyn, 1908-09",Easttown,,
LAB30,"Businesses, Lancaster Avenue, Berwyn",Easttown,,
LAB31,"Businesses, Lancaster Avenue, Berwyn",Easttown,,
LAB32,Lincoln Highway looking west,Easttown,View,
LAB33,"Lancaster Avenue, Berwyn",Easttown,View,
LAB34,Lancaster Avenue stores,Easttown,,
LAB35,"Lancaster Avenue, Berwyn",Easttown,Place,
LAB36,"Lancaster Avenue, Berwyn",Easttown,Place,
LAB37,"Lancaster Avenue, Berwyn",Easttown,Place,
LAB38,"Lancaster Avenue, Berwyn",Easttown,Place,
LAB39,"Lancaster Avenue, Berwyn",Easttown,Place,
LAB4,"Scene from Upper Bridge, Berwyn, looking NE, 1914",Easttown,View,
LAB40,"Lancaster Avenue, Berwyn",Easttown,Place,
LAB41,"Lancaster Avenue, Berwyn",Easttown,Place,
LAB42,"Lancaster Avenue, Berwyn",Easttown,Place,
LAB43,"Lancaster Avenue, Berwyn",Easttown,Place,
LAB44,"Lancaster Avenue, Berwyn",Easttown,Place,
LAB45,"Lancaster Avenue, Berwyn",Easttown,Place,
LAB46,"Lancaster Avenue, Berwyn",Easttown,Place,
LAB47,"Lancaster Avenue, Berwyn",Easttown,Place,
LAB48,"Lancaster Avenue, Berwyn",Easttown,Place,
LAB49,"Lancaster Avenue, Berwyn",Easttown,Place,
LAB5,Lancaster Pike looking east from Post Office,Easttown,View,
LAB50,"Lancaster Avenue, Berwyn",Easttown,Place,
LAB51,"Lancaster Avenue, Berwyn",Easttown,Place,
LAB52,"Lancaster Avenue, Berwyn",Easttown,Place,
LAB53,"Lancaster Avenue, Berwyn",Easttown,Place,
LAB54,"Lancaster Avenue, Berwyn",Easttown,Place,
LAB55,"Lancaster Avenue, Berwyn",Easttown,Place,
LAB56,"Lancaster Avenue, Berwyn",Easttown,Place,
LAB57,"Snowy, winter view, looking east on Lancaster Avenue, Berwyn",Easttown,View,
LAB58,"Lancaster Avenue, Berwyn",Easttown,,
LAB59,"Lancaster Avenue, Berwyn",Easttown,,
LAB6,"Lancaster Avenue Business District, Berwyn c. early 1960s",Easttown,Place,
LAB60,"Lancaster Avenue, Berwyn",Easttown,,
LAB61,"Lancaster Avenue, Berwyn",Easttown,,
LAB62,"Lancaster Avenue, Berwyn",Easttown,,
LAB63,"Lancaster Avenue, Berwyn",Easttown,,
LAB64,"Bronze Building, Lancaster Avenue, Berwyn",Easttown,,
LAB65,"Lancaster Avenue, Berwyn",Easttown,,
LAB67,"Corner of Lancaster and Bridge, Berwyn",Easttown,Place,
LAB68,"Corner of Lancaster and Bridge, Berwyn",Easttown,Place,
LAB69,"Corner of Lancaster and Bridge, Berwyn",Easttown,Place,
LAB7,"Lancaster Pike and Main Avenue, Berwyn, looking east",Easttown,View,
LAB70,"Lancaster Avenue, Berwyn",Easttown,Road,
LAB71,"Berwyn Shopping Center, Lancaster Avenue",Easttown,Road,
LAB72,"Lancaster Avenue, Berwyn",Easttown,Road,
LAB73,"Lancaster Avenue, Berwyn",Easttown,Road,
LAB74,"Lancaster Avenue, Berwyn",Easttown,Road,
LAB75,"Lancaster Avenue and Conestoga Road, Strafford",Easttown,Road,
LAB76,"Lancaster Avenue, Strafford",Easttown,Road,
LAB77,"Lancaster Avenue, Strafford",Easttown,,
LAB79,"Rostok Corporation, Lancaster Avenue, Berwyn",Easttown,,
LAB8,A View on Lancaster Pike above Berwyn Station,Easttown,View,
LAB80,"Lancaster Avenue, Berwyn",Easttown,Road,
LAB81,"Lancaster Avenue, Berwyn",Easttown,,
LAB82,"Lancaster Avenue, Berwyn",Easttown,,
LAB83,"Unknown Building, Lancaster Avenue, Berwyn",Easttown,Road,
LAB84,"Lancaster Avenue, south from Upper Berwyn Bridge",Easttown,View,
LAB85,"Lancaster Avenue, Berwyn",Easttown,View,
LAB86,"Lancaster Avenue, Berwyn",Easttown,View,
LAB87,Closing of Cassatt Road bridge,Easttown,View,
LAB88,St Jude’s Thrift Shop,Easttown,Service,
LAB89,"Berwyn - Lancaster and Cassatt Avenues, snow scene looking east",Easttown,Place,
LAB9,"Lancaster Avenue, Berwyn",Easttown,View,
LAB90,"Berwyn - Lancaster and Cassatt Avenues, snow scene looking west",Easttown,Place,
LAB91,"Clean Up, Lancaster Avenue, Berwyn",Easttown,Service,
LAB92,"Clean Up, Lancaster Avenue, Berwyn",Easttown,Service,
LAB93,"Clean Up, Lancaster Avenue, Berwyn",Easttown,Service,
LAB94,"Clean Up, Lancaster Avenue, Berwyn",Easttown,Service,
LAB95,"Clean Up, Lancaster Avenue, Berwyn",Easttown,Service,
LAB96,"Clean Up, Lancaster Avenue, Berwyn",Easttown,Service,
LAB97,"Clean Up, Lancaster Avenue, Berwyn",Easttown,Service,
LAB98,"Clean Up, Lancaster Avenue, Berwyn",Easttown,Service,
LAB99,"Clean Up, Lancaster Avenue, Berwyn",Easttown,Service,
LAD01,Langdale,Easttown,,
LAD02,Langdale,Easttown,,
LAD03,Langdale,Easttown,,
LAD04,Langdale,Easttown,,
LAD05,Langdale,Easttown,,
LAF05,General Lafayette's Quarters,Tredyffrin,,
LAF06,General Lafayette's Quarters,Tredyffrin,,
LAF07,General LaFayette's Quarters,Tredyffrin,,
LAF08,General LaFayette's Quarters,Tredyffrin,,
LAF09,Valley Creek near LaFayettes Quarters,Tredyffrin,View,
LAF1,Lafayette's Quarters,Tredyffrin,,
LAF10,General Lafayette's Quarters,Tredyffrin,,
LAF11,General Lafayette's Quarters,Tredyffrin,,
LAF12,Lafayette’s Quarters,Tredyffrin,,
LAF13,Lafayette’s Quarters,Tredyffrin,,
LAF14,Lafayette’s Quarters,Tredyffrin,,
LAF14b,Back of LAF14,Tredyffrin,,
LAF15,LaFayette’s Quarters,Tredyffrin,,
LAQ16,LaFayette’s Quarters,Tredyffrin,,
LAQ17,LaFayette’s Quarters,Tredyffrin,,
LAQ18,LaFayette’s Quarters,Tredyffrin,,
LAS1,Allen Latshaw,,person,
LAS10,Latshaw School in winter,Easttown,,
LAS11,Museum at Latshaw School,Easttown,,
LAS12,Museum at Latshaw School,Easttown,,
LAS13,"Music Room, Latshaw School",Easttown,,
LAS14,Reception Hall at Latshaw School,Easttown,,
LAS15,Reception Room at Latshaw School,Easttown,,
LAS16,"Shelves in Schoolroom, Latshaw School",Easttown,,
LAS17,"The Maples from the playgrounds, Latshaw School",Easttown,,
LAS18,"View towards Southwest, Latshaw School",Easttown,,
LAS19,"Workshop, Latshaw School",Easttown,,
LAS2,Assistants at the Latshaw School,,person,
LAS20,"Garden, Latshaw School",Easttown,,
LAS21,"Hillside, Latshaw School",Easttown,,
LAS22,"off on a ride, Latshaw School",Easttown,,
LAS23,"Playground, Latshaw School",Easttown,,
LAS24,"Shell collection, Latshaw School",Easttown,,
LAS25,"Tennis Court, Latshaw School",Easttown,,
LAS26,The Maples,Easttown,,
LAS27,The Maples,Easttown,,
LAS28,The Maples,Easttown,,
LAS29,The Maples,Easttown,,
LAS3,Bedroom at the Latshaw School,Easttown,,
LAS30,The Maples,Easttown,,
LAS31,The Maples,Easttown,,
LAS32,The Maples,Easttown,,
LAS33,The Maples,Easttown,,
LAS34,Leopard Road from The Maples,Easttown,,
LAS35,Leopard Road from The Maples,Easttown,,
LAS36,The Maples,Easttown,,
LAS37,The Maples,Easttown,,
LAS4,Bedroom at the Latshaw School,Easttown,,
LAS5,Entrance to the Latshaw School,Easttown,,
LAS6,Library at Latshaw School,Easttown,,
LAS7,Lunch Room at Latshaw School,Easttown,,
LAS8,Main Dining Room at Latshaw School,Easttown,,
LAS9,Main Porch at Latshaw School,Easttown,,
LAT06,Lamb Tavern,Easttown,,
LAT1,The Lamb Tavern (Roughwood),Easttown,,
LAT2,The Lamb Tavern (Roughwood),Easttown,,
LAT3,The Barn at Roughwood (Lamb Tavern),Tredyffrin,,
LAT4,The Barn at Roughwood (Lamb Tavern),Tredyffrin,,
LAT5,Lamb Tavern (Roughwood),Easttown,,
LBQ01,Lee-Bradford Quarters,Tredyffrin,,
LBQ02,Lee-Bradford Headquarters,Tredyffrin,,
LCH01,Abraham S. Latch,Tredyffrin,person,
LCH02,Abraham Stearne Latch & ladies,Tredyffrin,person,
LCH03,Abraham Stearne Latch in rose garden,Tredyffrin,person,
LCH04,"Abraham Stearne Latch house, Howe & Scott's Quarters",Tredyffrin,,
LCH05,Jeanette Latch,Tredyffrin,person,
LCH06,Josephine Sellars Latch,,person,
LCH07,Josephine Sellars Latch,,person,
LCH08,Josephine Sellars Latch,,person,
LCH09,Latch family,Tredyffrin,person,
LCH10,Latch family,Tredyffrin,person,
LCH11,Unidentified Group,,person,
LCH12,Unidentified Person,,person,
LCH13,W. C. & A. S. Latch with horses,,person,
LCH14,William Clavius Latch,,person,
LCH15,William Clavius Latch & colt,,person,
LCH16,William Clavius Latch & horse,Tredyffrin,person,
LCH17,William Clavius Latch,,person,
LCP1,British Encampment in Tredyffrin,Tredyffrin,,
LEA01,"Rowland Lea residence, Waterloo Road",Easttown,,
LEA02,"Rowland Lea residence, Waterloo Road",Easttown,,
LEB01,"Springhouse, Le Boutillier Road",Tredyffrin,,
LEB02,"Springhouse, Le Boutillier Road",Tredyffrin,,
LEI01,Leopard Inn,Easttown,,
LEO01,"Springhouse, Leopard Road",Easttown,,
LEO02,410 Leopard Road,Easttown,,
LES01,Leopard School,Easttown,,
LES02,Leopard School,Easttown,,
LES03,Leopard School plaque,Easttown,,
LGW01,"Langwell, Church Road",Easttown,,
LGW02,"Langwell, Church Road",Easttown,,
LGW03,"Langwell, Church Road",Easttown,,
LGW04,"Langwell, Church Road",Easttown,,
LGW05,"Langwell, Church Road",Easttown,,
LGW06,"Langwell, Church Road",Easttown,,
LGW07,"Langwell, Church Road",Easttown,,
LH01,"“A Ramble in the Chester Valley”, c. 1908",,View,
LH04,Playing in the snow,,View,
LH05,Snow scene,,View,
LH06,Snow scene,,View,
LH07,Unknown View,,View,
LH08,Unknown view,,View,
LH09,Unknown view,,View,
LJD01,La Jonquille,Tredyffrin,,
LJD02,La Jonquille,Tredyffrin,,
LJD03,La Jonquille,Tredyffrin,,
LJD04,La Jonquille,Tredyffrin,,
LJD05,La Jonquille,Tredyffrin,,
LJD06,La Jonquille,Tredyffrin,,
LJD07,La Jonquille,Tredyffrin,,
LJD08,La Jonquille,Tredyffrin,,
LJD10,La Jonquille,Tredyffrin,,
LJD11,La Jonquille,Tredyffrin,,
LJD12,La Jonquille,Tredyffrin,,
LJD13,La Jonquille,Tredyffrin,,
LOH02,Prentice Lobb’s home “Montebello”,Easttown,,
LOH03,Montebello (Lobb house),Easttown,,
LPF01,Listopada Farm,Tredyffrin,,
LPF02,Listopada Farm,Tredyffrin,,
LPF03,Listopada Farm,Tredyffrin,,
LPF04,Listopada Farm,Tredyffrin,,
LPF05,Listopada Farm,Tredyffrin,,
LPF06,Listopada Farm,Tredyffrin,,
LPF07,Listopada Farm,Tredyffrin,,
LPF08,Listopada Farm,Tredyffrin,,
LPF09,Listopada Farm,Tredyffrin,,
LPF10,Listopada Farm,Tredyffrin,,
LTP01,Lancaster Turnpike Milestone 16,Easttown,Road,
LTP02,"Milestone 15, Lancaster Turnpike",Easttown,Road,
MAB01,"Looking south on Main Avenue, Berwyn",Easttown,View,
MAB02,"Main Avenue, Berwyn",Easttown,Road,
MAB03,"Main Avenue, Berwyn",Easttown,Road,
MAB04,"Main Avenue, Berwyn",Easttown,Road,
MAB05,"Main Avenue, Berwyn",Easttown,Road,
MAB06,"Main Avenue, Berwyn",Easttown,,
MAL12,"King Street, Malvern",,View,
MAL15,Malvern underpass,,Road,
MAL16,"Malvern, route 30",,Road,
MAL24,Malvern Library,,Place,
MAL25,Malvern Library,,Place,
MAL26,Auditorium Malvern Monday Club,Tredyffrin,Place,
MAL27,"King Street, Malvern",,View,
MAL39,"Casey’s Restaurant, Malvern",,View,
MAL9,Malvern View,,View,
MAN01,Unknown Person,,person,
MAN02,Unidentified Street Scene,,View,
MAN03,Unknown Person,,person,
MAN04,Unknown Person,,person,
MAN05,Unknown Person,,person,
MAN06,Dorothy Reed,,person,
MAN07,Unidentified place,,Place,
MAN08,Back of photo MAN07,,Place,
MAN09,Unknown Person,,person,
MAN10,Unidentified place,,Place,
MAN11,William Mansley,,person,
MAN12,Unknown Person,,person,
MAN13,William Mansley,,person,
MAN14,William Mansley,,person,
MAN15,Unidentified Person,,person,
MAN16,Back of MAN15,,person,
MAN17,Unknown group,,person,
MAN18,William Mansley,,person,
MAN19,Unknown Child,,person,
MAN20,Unknown group,,person,
MAN21,Unidentified Group,,person,
MAN22,William Mansley,,person,
MAN23,Unidentified Group,,person,
MAN24,William Mansley,,person,
MAN25,Unidentified Group,,person,
MAN26,William Mansley,,person,
MAN27,William Mansley,,person,
MAN28,William Mansley,,person,
MAN29,Back of MAN28,,person,
MAN30,William Mansley,,person,
MAN31,Back of MAN30,,person,
MAN32,William Mansley,,person,
MAN33,William Mansley,,person,
MAN34,William Mansley,,person,
MAN36,William Mansley,,person,
MAN37,William Mansley,,person,
MAN38,William Mansley,,person,
MAN39,Unidentified Group,,person,
MAN40,William Mansley,,person,
MAN41,William Mansley,,person,
MAP01,Mannering,Easttown,,
MAP02,Mannering,Easttown,,
MAP03,Stables at Mannering,Easttown,,
MAP04,New Barn at Mannering,Easttown,,
MAR03,"Memorial Arch, Valley Forge NHP",,View,
MAR08,Memorial Arch,Tredyffrin,,
MAR09,Memorial Arch,Tredyffrin,,
MAR1,Memorial Arch,,Place,
MAR10,Memorial Arch,Tredyffrin,,
MAR2,Memorial Arch,,Place,
MAX1,Maxwell's Quarters - Back door,Tredyffrin,,
MAX10,Maxwell's Quarters - Swimming Pool looking north,Tredyffrin,,
MAX11,Maxwell's Quarters - Swimming Pool looking south,Tredyffrin,,
MAX12,Maxwell's Quarters,Tredyffrin,,
MAX13,Maxwell's Quarters,Tredyffrin,,
MAX14,Philander Knox Estate - General Stock Stables,Tredyffrin,,
MAX15,Philander Knox Estate - Swimming Pool & Bath-house,Tredyffrin,,
MAX16,Philander Knox Estate - Greenhouse & Strawberry-bed,Tredyffrin,,
MAX17,Philander Knox Estate - Private stable for blooded horses,Tredyffrin,,
MAX18,"Philander Knox estate- Noteil, the pride of the Knox Stables",Tredyffrin,,
MAX19,General Maxwell's Quarters,Tredyffrin,,
MAX2,Maxwell's Quarters - Back Room,Tredyffrin,,
MAX20,Maxwells Quarters,Tredyffrin,,
MAX21,Foot Bridge over Valley Creek (Philander Knox estate),Tredyffrin,,
MAX22,Foot Bridge over Valley Creek (Philander Knox estate),Tredyffrin,,
MAX23,Philander Knox house,Tredyffrin,,
MAX3,Maxwell's Quarters - Dining Room,Tredyffrin,,
MAX4,Maxwell's Quarters - View of Front,Tredyffrin,,
MAX5,Maxwell's Quarters - Library,Tredyffrin,,
MAX6,Maxwell's Quarters - Library,Tredyffrin,,
MAX7,Maxwell's Quarters - Reflecting Pool & Back View,Tredyffrin,,
MAX8,Maxwell's Quarters - Senator Knox & Knox Covered Bridge,Tredyffrin,,
MAX9,Maxwell's Quarters - Stairs,Tredyffrin,,
MAZ07,Mazie Hall house,Tredyffrin,,
MAZ08,Mazie Hall house,Tredyffrin,,
MAZ09,Mazie Hall house,Tredyffrin,,
MAZ1,Mazie Hall - 100 years old,,person,
MAZ2,Mazie Hall - Amazing,,person,
MAZ3,Mazie Hall - College,,person,
MAZ4,Mazie Hall - early days,,person,
MAZ5,Mazie Hall - later days,,person,
MAZ6,Mazie Hall - 1924 Year Book,,person,
MC04,"Memorial Stone, Valley Forge NHP(?)",,View,
MEB01,Meadowbrook,Tredyffrin,,
MEB02,Meadowbrook,Tredyffrin,,
MEC01,J. Howard Mecke residence,Tredyffrin,,
MEC02,J. Howard Mecke residence,Tredyffrin,,
MEI01,Meineke Muflers,Easttown,,
MEN03,Diamond Rock Mennonite Cemetery,Tredyffrin,,
MEN04,Diamond Rock Mennonite Cemetery,Tredyffrin,,
MEN05,Diamond Rock Mennonite Cemetery,Tredyffrin,,
MEN06,Diamond Rock Mennonite Cemetery,Tredyffrin,,
MEN07,Diamond Rock Mennonite Cemetery,Tredyffrin,,
MEN08,Diamond Rock Mennonite Cemetery,Tredyffrin,,
MEN09,Diamond Rock Mennonite Cemetery,Tredyffrin,,
MEN10,Diamond Rock Mennonite Cemetery,Tredyffrin,,
MEN11,Rear of Mennonite Church near Diamond Rock,Tredyffrin,,
MEP03,Paoli Methodist Church,Tredyffrin,,
MEP04,Paoli Methodist Church,Tredyffrin,,
MF01,"Aerial vertical image of Paoli, date unknown",Tredyffrin,,
MF02,"Interior Matthews showroom shot, Jim Matthews in 1903 model A.",Tredyffrin,,
MF03,"Looking SW, Matthews showroom w/ Lincoln, Ford and Fordson …",Tredyffrin,,
MF05,Walter Matthews home and gardens at Cedar Hollow & Paoli Pike (Wistar Rd),Tredyffrin,,
MF06,Original Walter T Matthews Motor Car shop in Paoli,Tredyffrin,,
MF07,Walter T Matthews Motor Car shop in 1918 during WWI,Tredyffrin,,
MF08,"Walter T Matthews, and his Ford dealership, in the summer of 1934",Tredyffrin,,
MF09,Original Walter T Matthews Motor Car shop from the Lincoln Highway,Tredyffrin,,
MF10,Matthews Ford with their Lincoln towtruck,Tredyffrin,,
MF11,"Interior of Walter T Matthews Lincoln, Ford, Fordson dealership",Tredyffrin,,
MF12,"Looking NW, Matthews Ford as seen across Rte. 122",Tredyffrin,,
MF13,Matthews Ford lower level showroom in the late ‘20s,Tredyffrin,,
MF14,Looking W down Lincoln Highway Matthews Ford and Lincoln,Tredyffrin,,
MF15,"Looking W, Matthews Ford from Point w/ original Matthews motor car bldg., 1920s",Tredyffrin,,
MF17,"Truck test ramp across Greenwood Ave on the Lincoln Highway, with Paoli rail yard behind.",Tredyffrin,,
MF18,"Walter T Matthews, and his Ford dealership, in the summer of 1934",Tredyffrin,,
MF19,The “Point” at Lancaster and Paoli pikes that became the Matthews Ford dealership,Tredyffrin,,
MF20,"Original Walter T Matthews Motor Car shop in Paoli, undated",Tredyffrin,,
MF21,"Looking north across Lincoln Hwy at Ford Tractor Fair, November 1924",Tredyffrin,,
MF23,"Interior of Matthews Ford, with Fordson display, looking Northwest at Lincoln Highway.",Tredyffrin,,
MF24,Eight Fordson tractors in PRR Paoli railyard sometime before 1934,Tredyffrin,,
MF25,"Matthews Fordson Tractor Shop adjacent to PRR mainline, Paoli",Tredyffrin,,
MF26,"Paoli Truck & Tractor Exhibit, November 1924, looking north across Lincoln Highway",Tredyffrin,,
MF27,"Looking north at Paoli railyard during lumber yard fire, July 29, 1932",Tredyffrin,,
MF28,"Looking north at Paoli railyard during lumber yard conflagration July 29, 1932",Tredyffrin,,
MF29,"Looking north at Paoli railyard during lumber yard conflagration July 29, 1932",Tredyffrin,,
MF30,"Looking north at Paoli railyard during lumber yard conflagration July 29, 1932",Tredyffrin,,
MF31,"Looking N at Paoli railyard during lumber yard conflagration July 29, 1932",Tredyffrin,,
MF32,"North of Lincoln Hwy, Paoli, July 18, 1932",Tredyffrin,,
MF33,"North of Lincoln Hwy, Paoli, July 18, 1932",Tredyffrin,,
MF34,"North of Lincoln Hwy, Paoli, July 18, 1932",Tredyffrin,,
MF35,"North of Lincoln Hwy, Paoli, July 18, 1932",Tredyffrin,,
MF36,"Paoli Truck & Tractor Exhibit, looking north across Lincoln Highway",Tredyffrin,,
MF37,"A Ford chassis display north of Lincoln Highway near Greenwood Ave, Paoli.",Tredyffrin,,
MF38,"Matthews display at Main Line Airport, looking north from Swedesford Rd, date unknown",Tredyffrin,,
MF46,Vance Moody Groceries truck parked in front of Walter T. Matthews home,Tredyffrin,,
MF47,Clifton & Hamilton tow truck parked south of PRR Paoli switch tower,Tredyffrin,,
MF48,East Whiteland school bus waits beside the Paoli Elementary School on E. Central Ave.,Tredyffrin,,
MF50,East Whiteland school bus waits beside the Paoli Elementary School on E. Central Ave.,Tredyffrin,,
MF51,"Benjamin C. Betner Container truck of Devon, photographed in Paoli facing PRR railyard",Tredyffrin,,
MF58,Firetruck in front of Matthews Ford,Tredyffrin,,
MF59,Matthews Ford’s Gulf Gas Station,Tredyffrin,,
MF60,Matthews Ford employees at Gulf Station,Tredyffrin,,
MF61,Matthews Ford Showroom,Tredyffrin,,
MGI01,Billie Holliday,,person,
MGI02,Count Bassie advertisement,,person,
MGI03,The Swing Queens,,person,
MIH03,Mifflin House,Tredyffrin,,
MIH04,Mifflin House,Tredyffrin,,
MIH05,Mifflin House,Tredyffrin,,
MIH06,Mifflin House,Tredyffrin,,
MIH07,Mifflin House,Tredyffrin,,
MIH08,Mifflin House,Tredyffrin,,
MIH09,Mifflin House,Tredyffrin,,
MIH1,Mifflin House,Tredyffrin,,
MIH10,Mifflin House,Tredyffrin,,
MIH11,Mifflin House,Tredyffrin,,
MIH12,Mifflin House,Tredyffrin,,
MIH13,Mifflin House,Tredyffrin,,
MIH2,Mifflin House,Tredyffrin,,
MJR1,Mount Joy from Valley Forge Road (route 252),Tredyffrin,View,
MJR2,Mount Joy from Valley Forge Road (route 252),Tredyffrin,View,
MJT04,"Observation Tower, Valley Forge",,Service,
MJT04b,Back of MJT04,,Service,
MJT05,"Observation Tower, Valley Forge",,Service,
MJT05b,Back of MJT05,,Service,
MJT06,Mt. Joy Observation Tower,,Service,
MJT07,Mount Joy Observation Tower,,View,
MJT2,"VF Observation Tower, 75’ high",,View,
MLA09,Mainline Apartments under construction,Tredyffrin,,
MLA1,Main Line Apartments,Easttown,,
MLA10,Mainline Apartments under construction,Tredyffrin,,
MLA11,Mainline Apartments under construction,Tredyffrin,,
MLA12,Mainline Apartments under construction,Tredyffrin,,
MLA13,Mainline Apartments under construction,Tredyffrin,,
MLA14,Mainline Apartments under construction,Tredyffrin,,
MLA15,Mainline Apartments under construction,Tredyffrin,,
MLA16,Mainline Apartments under construction,Tredyffrin,,
MLA17,Mainline Apartments under construction,Tredyffrin,,
MLA18,Mainline Apartments under construction,Tredyffrin,,
MLA19,Mainline Apartments under construction,Tredyffrin,,
MLA2,Main Line Apartments,Easttown,,
MLA20,Mainline Apartments under construction,Tredyffrin,,
MLA21,Mainline Apartments under construction,Tredyffrin,,
MLA22,Mainline Apartments under construction,Tredyffrin,,
MLA23,Mainline Apartments under construction,Tredyffrin,,
MLA24,Mainline Apartments under construction,Tredyffrin,,
MLA25,Mainline Apartments under construction,Tredyffrin,,
MLA26,Mainline Apartments under construction,Tredyffrin,,
MLA27,Site of Mainline Apartments,Tredyffrin,,
MLA28,Site of Mainline Apartments,Tredyffrin,,
MLA29,Site of Mainline Apartments,Tredyffrin,,
MLA3,Main Line Apartments,Tredyffrin,,
MLA30,Site of Mainline Apartments,Tredyffrin,,
MLA4,Main Line Apartments,Tredyffrin,,
MLA5,Main Line Apartments,Tredyffrin,,
MLA6,Main Line Apartments,Tredyffrin,,
MLA7,Main Line Apartments,Tredyffrin,,
MLA8,Main Line Apartments,Tredyffrin,,
MLP1,Paoli Station,Tredyffrin,,
MLP10,"Superintendent's Office, Paoli",Tredyffrin,,
MLP100,Paoli - looking west from station,Tredyffrin,,
MLP101,Paoli - looking west,Tredyffrin,,
MLP11,Pennsylvania Railroad Paoli Car Shop Employees,Tredyffrin,,
MLP12,Paoli Station,Tredyffrin,,
MLP13,"Derailment, Paoli",Tredyffrin,,
MLP14,"Derailment, Paoli",Tredyffrin,,
MLP15,"Derailment, Paoli",Tredyffrin,,
MLP16,"Derailment, Paoli",Tredyffrin,,
MLP17,"Derailment, Paoli",Tredyffrin,,
MLP18,"Derailment, Paoli",Tredyffrin,,
MLP19,"Derailment, Paoli",Tredyffrin,,
MLP2,Paoli Station,Tredyffrin,,
MLP20,"Derailment, Paoli",Tredyffrin,,
MLP21,"Derailment, Paoli",Tredyffrin,,
MLP22,"Derailment, Paoli",Tredyffrin,,
MLP23,"Derailment, Paoli",Tredyffrin,,
MLP24,"Derailment, Paoli",Tredyffrin,,
MLP25,"Derailment, Paoli",Tredyffrin,,
MLP26,Paoli Tower derailment,Tredyffrin,,
MLP27,Paoli Tower derailment,Tredyffrin,,
MLP28,Paoli Tower derailment,Tredyffrin,,
MLP29,Paoli Tower derailment,Tredyffrin,,
MLP3,Paoli Station,Tredyffrin,,
MLP30,Paoli Tower derailment,Tredyffrin,,
MLP31,Paoli Tower derailment,Tredyffrin,,
MLP32,Paoli Tower derailment,Tredyffrin,,
MLP33,Paoli Tower derailment,Tredyffrin,,
MLP34,Paoli Tower derailment,Tredyffrin,,
MLP35,Paoli Tower derailment,Tredyffrin,,
MLP36,Westbound Freight Train at Paoli,Tredyffrin,,
MLP37,Former Paoli Railyards,Tredyffrin,,
MLP38,Former Paoli Railyards,Tredyffrin,,
MLP39,"Pennsylvania Railroad Bridge, Paoli",Tredyffrin,,
MLP4,Paoli Station,Tredyffrin,,
MLP40,Paoli Station,Tredyffrin,,
MLP41,Paoli Station,Tredyffrin,,
MLP42,Protest against PCB Contamination at Paoli railyard,Tredyffrin,Service,
MLP43,Protest against PCB Contamination at Paoli railyard,Tredyffrin,Service,
MLP44,Protest against PCB Contamination at Paoli railyard,Tredyffrin,Service,
MLP45,Protest against PCB Contamination  at Paoli railyard,Tredyffrin,Service,
MLP46,Protest against PCB Contamination at Paoli railyard,Tredyffrin,Service,
MLP47,Protest against PCB Contamination at Paoli railyard,Tredyffrin,Service,
MLP48,Protest against PCB Contamination at Paoli railyard,Tredyffrin,Service,
MLP49,Protest against PCB Contamination at Paoli railyard,Tredyffrin,Service,
MLP5,"Cut Under, Paoli",Tredyffrin,,
MLP50,Protest against PCB Contamination at Paoli railyard,Tredyffrin,Service,
MLP51,Protest against PCB Contamination at Paoli railyard,Tredyffrin,Service,
MLP52,Protest against PCB Contamination at Paoli railyard,Tredyffrin,Service,
MLP53,Protest against PCB Contamination at Paoli railyard,Tredyffrin,Service,
MLP54,Protest against PCB Contamination at Paoli railyard,Tredyffrin,Service,
MLP55,Protest against PCB Contamination at Paoli railyard,Tredyffrin,Service,
MLP56,Protest against PCB Contamination at Paoli railyard,Tredyffrin,Service,
MLP59,Protest against PCB Contamination at Paoli railyard,Tredyffrin,Service,
MLP6,"Canal Collector’s Office, Lancaster Pike & Valley Roads, Paoli, 1888",Tredyffrin,,
MLP61,Protest against PCB Contamination at Paoli railyard,Tredyffrin,Service,
MLP62,Protest against PCB Contamination at Paoli railyard,Tredyffrin,Service,
MLP63,Protest against PCB Contamination at Paoli railyard,Tredyffrin,Service,
MLP64,Protest against PCB Contamination at Paoli railyard,Tredyffrin,Service,
MLP65,Protest against PCB Contamination at Paoli railyard,Tredyffrin,Service,
MLP66,Protest against PCB Contamination at Paoli railyard,Tredyffrin,Service,
MLP67,Protest against PCB Contamination at Paoli railyard,Tredyffrin,Service,
MLP68,Protest against PCB Contamination at Paoli railyard,Tredyffrin,Service,
MLP69,Protest against PCB Contamination at Paoli railyard,Tredyffrin,Service,
MLP7,North side of Paoli Station,Tredyffrin,,
MLP70,Protest against PCB Contamination at Paoli railyard,Tredyffrin,Service,
MLP71,Protest against PCB Contamination at Paoli railyard,Tredyffrin,Service,
MLP72,Protest against PCB Contamination at Paoli railyard,Tredyffrin,Service,
MLP73,Protest against PCB Contamination at Paoli railyard,Tredyffrin,Service,
MLP74,Paoli Railyard,Tredyffrin,,
MLP75,Paoli Railyard,Tredyffrin,,
MLP76,Paoli Railyard,Tredyffrin,,
MLP77,Paoli Railyard,Tredyffrin,,
MLP78,Paoli Railyard,Tredyffrin,,
MLP79,Paoli Railyard,Tredyffrin,,
MLP8,View of Paoli Rail Yard,Tredyffrin,,
MLP80,Paoli Railyard,Tredyffrin,,
MLP81,Paoli Railyard,Tredyffrin,,
MLP82,Paoli Railyard,Tredyffrin,,
MLP83,Paoli Railyard,Tredyffrin,,
MLP84,Paoli Railyard,Tredyffrin,,
MLP85,Paoli Railyard,Tredyffrin,,
MLP86,Paoli Railyard,Tredyffrin,,
MLP87,Paoli Railyard,Tredyffrin,,
MLP88,Paoli Railyard,Tredyffrin,,
MLP89,Paoli Railyard,Tredyffrin,,
MLP9,View from Paoli Station,Tredyffrin,,
MLP90,Paoli Railyard,Tredyffrin,,
MLP91,Paoli Railyard,Tredyffrin,,
MLP92,Paoli Railyard,Tredyffrin,,
MLP93,Paoli Railyard,Tredyffrin,,
MLP94,Paoli Railyard,Tredyffrin,,
MLP95,Paoli Railyard,Tredyffrin,,
MLP96,Paoli Railyard,Tredyffrin,,
MLP97,Paoli Railyard,Tredyffrin,,
MLP98,Paoli - looking east from station,Tredyffrin,,
MLP99,Paoli Substation,Tredyffrin,,
MLT02,"Map of British Encampment, September 1777",Tredyffrin,,
MM01,Old Mount Misery Parking Lot,Tredyffrin,,
MM02,Old Mount Misery Parking Lot,Tredyffrin,,
MOH01,Mowbrey House,Tredyffrin,,
MOH02,Mowbrey House,Tredyffrin,,
MOH03,Mowbrey House,Tredyffrin,,
MOH04,Mowbrey House,Tredyffrin,,
MOH05,Mowbrey House,Tredyffrin,,
MOH06,Mowbrey House,Tredyffrin,,
MOH07,Mowbrey House,Tredyffrin,,
MOH08,Mowbrey House,Tredyffrin,,
MOH09,Mowbrey House,Tredyffrin,,
MOH10,Mowbrey House,Tredyffrin,,
MOH11,Mowbrey House,Tredyffrin,,
MPS03,Mount Pleasant School,Tredyffrin,,
MRY01,Morris Ray and automobile,,person,
MRY02,Family in Yosemite National Park,,person,
MS11,Pennokla Farm,Tredyffrin,,
MS12,Pennokla Farm,Tredyffrin,,
MS14,Pennokla Farm,Tredyffrin,,
MS15,Pennokla Farm,Tredyffrin,,
MS16,Pennokla Farm,Tredyffrin,,
MSP1,Many Springs Farm,Tredyffrin,,
MZC04,Mount Zion Church,Tredyffrin,,
MZC05,Mount Zion AME Church,Tredyffrin,,
MZC06,Mount Zion Church,Tredyffrin,,
NBS10,"North Berwyn School, 1925",Tredyffrin,,
NBS11,North Berwyn School,Tredyffrin,,
NBS12,North Berwyn School,Tredyffrin,,
NBS13,North Berwyn School,Tredyffrin,,
NBS2,North Berwyn Public School,Tredyffrin,,
NBS3,North Berwyn Public School,Tredyffrin,,
NBS4,North Berwyn Public School,Tredyffrin,,
NBS5,North Berwyn Public School,Tredyffrin,,
NBS6,North Berwyn Public School,Tredyffrin,,
NBS7,North Berwyn Public School,Tredyffrin,,
NBS8,Old North Berwyn School,Tredyffrin,,
NBS9,North Berwyn Public School,Tredyffrin,,
NCE1,Baptist (Valley Forge) Road south of New Centerville,Tredyffrin,View,
NCE10,Baptist Road looking north,Tredyffrin,Road,
NCE11,Baptist Road looking north,Tredyffrin,Road,
NCE12,Devon State Road,,Place,
NCE13,Stone Chimney Picket sign,Tredyffrin,,
NCE14,Motor Court,Tredyffrin,,
NCE14b,Back of NCE14,Tredyffrin,,
NCE15,"Swedesford Road, New Centerville",Tredyffrin,,
NCE16,"Swedesford Road, New Centerville",Tredyffrin,,
NCE17,"Swedesford Road, New Centerville",Tredyffrin,,
NCE18,"Swedesford Road, New Centerville",Tredyffrin,,
NCE19,"Swedesford Road, New Centerville",Tredyffrin,,
NCE2,"Clarence Roberts standing at the location of the Stone Chimney Picket Post, New Centerville.",Tredyffrin,View,
NCE20,Valley Forge Motel,Tredyffrin,,
NCE3,"Clarence Roberts standing at the location of the Stone Chimney Picket Post, New Centerville.",Tredyffrin,person,
NCE4,"Clarence Roberts standing at the location of the Stone Chimney Picket Post, New Centerville",Tredyffrin,View,
NCE8,Valley Forge Road,Tredyffrin,View,
NCE9,Old Forge Crossing,Tredyffrin,Place,
NCH01,Crossroads Tavern Demolition,Tredyffrin,,
NCH02,Crossroads Tavern Demolition,Tredyffrin,,
NCH03,Crossroads Tavern Demolition,Tredyffrin,,
NCH04,Crossroads Tavern Demolition,Tredyffrin,,
NCH05,Crossroads Tavern Demolition,Tredyffrin,,
NCH06,Crossroads Tavern Demolition,Tredyffrin,,
ND1,"Valley Forge Road, Devon",,View,
NEE03,"Site of New Eagle Elementary School, Pugh Road",Tredyffrin,,
NEE04,"Site of New Eagle Elementary School, Pugh Road",Tredyffrin,,
NEE05,Site of New Eagle Elementary School,Tredyffrin,,
NEE06,Site of New Eagle Elementary School,Tredyffrin,,
NEE07,Site of New Eagle Elementary School,Tredyffrin,,
NEE1,New Eagle Elementary School,Tredyffrin,,
NEE2,New Eagle Elementary School,Tredyffrin,,
NEU01,"John Newhaus and wife, Grubb Road, Malvern",,person,
NEU02,"John Neuhaus in uniform, WWI",,person,
NGB05,Non-gran Bronze Company,Easttown,,
NGB06,Non-gran Bronze Company,Easttown,,
NGB07,Non-gran Bronze Company,Easttown,,
NGB08,Bronze Building,Easttown,,
NGB09,Aerial Photo of Non-Gran Bronze Company Building,Easttown,,
NGB1,Non-Gran Bronze Factory,Tredyffrin,,
NGB10,Non-gran Bronze Company Building,Easttown,,
NGB2,The Bronze Building,Easttown,,
NGB3,"Bronze Works, Berwyn",Easttown,,
NGB4,"Bronze Works, Berwyn",Easttown,,
NLC04,Neilly Log Cabin,Tredyffrin,,
NLC05,Neilly Log Cabin,Tredyffrin,,
NLC06,Neilly Log Cabin,Tredyffrin,,
NLC07,Neilly Log Cabin,Tredyffrin,,
NLC1,Neilly Log Cabin,Tredyffrin,,
NLC2,Neilly Cabin,Tredyffrin,,
NLC3,Neilly Log Cabin,Tredyffrin,,
NVR02,"Springhouse, 55 North Valley Road",Tredyffrin,,
NVR03,"Springhouse, 55 North Valley Road",Tredyffrin,,
NVR04,"Springhouse, Great Valley Mill",Tredyffrin,,
NVR05,"Building, Great Valley Mill",Tredyffrin,,
NVR06,"Springhouse, 55 North Valley Road",Tredyffrin,,
NVR07,North Valley Road and route 202,Tredyffrin,Road,
NVR08,North Valley Road and route 202,Tredyffrin,Road,
NVR09,"North Valley Road, Paoli",Tredyffrin,View,
NVR10,"North Valley Road, Paoli",Tredyffrin,View,
NVR11,"North Valley Road, Paoli",Tredyffrin,View,
NWH01,Newhall,Easttown,person,
NWH02,Newhall,Easttown,person,
NWH03,Newhall.,Easttown,person,
NWH04,Newhall.,Easttown,person,
NWH05,Newhall Home southwest view.,Easttown,,
NWH06,"Newhall home, front west.",Easttown,,
NWH07,Newhall Hall.,,e,
NWH08,Newhall Library.,Easttown,,
NWH09,Newhall Dining Room.,Easttown,,
NWH10,Newhall Stable.,Easttown,,
NWH11,Newhall Garden.,Easttown,,
NWH12,Newhall.,Easttown,,
NWH13,Newhall.,Easttown,,
NWH14,Newhall.,Easttown,,
NWH15,Newhall.,Easttown,,
NWH16,Newhall.,Easttown,,
NWH17,Newhall.,Easttown,,
NWH18,Newhall.,Easttown,,
NWH19,Newhall.,Easttown,,
NWH20,Newhall.,Easttown,,
NWH21,Newhall.,Easttown,,
NWH22,Newhall.,Easttown,,
NWH23,Newhall.,Easttown,,
NWH24,Newhall.,Easttown,,
NWH25,Newhall.,Easttown,,
NWH26,Newhall.,Easttown,,
NWH27,Newhall,Easttown,,
NWH28,Newhall,Easttown,,
NWH29,Newhall,Easttown,,
NWH30,Newhall.,Easttown,,
NWH31,Newhall.,Easttown,,
NWH32,Newhall.,Easttown,,
NWH33,Newhall.,Easttown,,
NWH34,Newhall.,Easttown,,
NWH35,Newhall.,Easttown,,
NWH36,Newhall.,Easttown,,
NWH37,Newhall.,Easttown,,
NWH38,Newhall.,Easttown,,
NWH39,Newhall.,Easttown,,
NWH40,Newhall.,Easttown,,
NWH41,Newhall.,Easttown,,
NWH42,Newhall.,Easttown,,
NWH43,Newhall.,Easttown,,
NWH44,Newhall.,Easttown,,
NWH45,Newhall.,Easttown,,
NWH46,Newhall.,Easttown,,
NWH47,Newhall.,Easttown,,
NWH48,Newhall.,Easttown,,
NWH49,Newhall.,Easttown,,
NWH50,Newhall.,Easttown,,
NWH51,Newhall.,Easttown,person,
NWH52,Newhall.,Easttown,,
NWH53,Newhall.,Easttown,,
NWH54,Newhall.,Easttown,,
NWH55,Newhall.,Easttown,,
NWH56,Newhall.,Easttown,,
NWH57,Newhall.,Easttown,,
NWH58,Newhall.,Easttown,,
NWH59,Newhall.,Easttown,,
NWT01,"Building, 810 Newtown Road",Easttown,,
NWT02,"Springhouse, across from 810 Newtown Road",Easttown,,
OAK1,"Oak Knoll, Daylesford",Tredyffrin,,
OAK10,"Oak Knoll, Daylesford",Tredyffrin,,
OAK11,"Oak Knoll, Daylesford",Tredyffrin,,
OAK12,"Oak Knoll, Daylesford",Tredyffrin,,
OAK13,"Oak Knoll, Daylesford",Tredyffrin,,
OAK14,"Oak Knoll, Daylesford",Tredyffrin,,
OAK15,"Oak Knoll, Daylesford",Tredyffrin,,
OAK16,"Oak Knoll, Daylesford",Tredyffrin,,
OAK17,Oak Knoll ruins,Tredyffrin,,
OAK18,Oak Knoll ruins,Tredyffrin,,
OAK19,Oak Knoll ruins,Tredyffrin,,
OAK2,"Oak Knoll, Daylesford",Tredyffrin,,
OAK20,Oak Knoll ruins,Tredyffrin,,
OAK3,"Oak Knoll, Daylesford",Tredyffrin,,
OAK4,"Oak Knoll, Daylesford",Tredyffrin,,
OAK5,"Oak Knoll, Daylesford",Tredyffrin,,
OAK6,"Oak Knoll, Daylesford",Tredyffrin,,
OAK7,"Oak Knoll, Daylesford",Tredyffrin,,
OAK8,"Oak Knoll, Daylesford",Tredyffrin,,
OAK9,"Oak Knoll, Daylesford",Tredyffrin,,
OAL01,"Oatlands, Waterloo Road",Easttown,,
OAL02,"Oatlands, Waterloo Road",Easttown,,
OAL03,"Oatlands, Waterloo Road",Easttown,,
OAL04,"Oatlands, Waterloo Road",Easttown,,
OAL05,"Oatlands, Waterloo Road",Easttown,,
OEH01,Okie Estate houses,Tredyffrin,,
OEH02,Okie Estate houses,Tredyffrin,,
OEH03,Okie Estate houses,Tredyffrin,,
OEH04,Okie Estate houses,Tredyffrin,,
OEH05,Okie Estate houses,Tredyffrin,,
OEH06,Okie Estate houses,Tredyffrin,,
OEH07,Okie Estate houses,Tredyffrin,,
OEH08,Okie Estate houses,Tredyffrin,,
OEH09,Okie Estate houses,Tredyffrin,,
OEH10,Okie Estate houses,Tredyffrin,,
OEH11,Okie Estate houses,Tredyffrin,,
OEH12,Okie Estate houses,Tredyffrin,,
OEH13,Okie house,Tredyffrin,,
OES03,"Interior of Old Eagle School, after restoration, prior to 1900",Tredyffrin,,
OES05,Old Eagle School,Tredyffrin,,
OES06,Old Eagle School,Tredyffrin,,
OES07,Old Eagle School,Tredyffrin,,
OES08,Old Eagle School,Tredyffrin,,
OES09,Old Eagle School,Tredyffrin,,
OES1,Old Eagle School,Tredyffrin,,
OES10,Account Ledger - Old Eagle School,Tredyffrin,,
OES11,Old Eagle School,Tredyffrin,,
OES12,Old Eagle School,Tredyffrin,,
OES13,Old Eagle School,Tredyffrin,,
OES14,Old Eagle School,Tredyffrin,,
OES15,Old Eagle School,Tredyffrin,,
OES2,Old Eagle School,Tredyffrin,,
OGD01,Ogden School,Easttown,,
OGD02,Ogden School plaque,Easttown,,
OGD03,Ogden School,Easttown,,
OGD04,Ogden School,Easttown,,
OGD05,Ogden School,Easttown,,
OGD06,Ogden School,Easttown,,
OGD07,Ogden School,Easttown,,
OGD08,Letter re Ogden Schoolhouse,Easttown,,
OGD09,Conversion of Ogden Schoolhouse to private home,Easttown,,
OGD10,Ogden School as a private residence,Easttown,,
OGD11,Ogden School as a private residence,Easttown,,
OGD12,Ogden School being converted to a private residence,Easttown,,
OGD13,Letter concerning the history of the Ogden Schhol as a private residence,Easttown,,
OGD14,Ogden School with teacher and pupils,Easttown,,
OGD15,Detail of photograph of Ogden School teacher and pupils,Easttown,,
OGD16,Old Bathtub in Ogden Schoolhouse,Easttown,,
OGD17,Ogden Schoolhouse as a private residence,Easttown,,
OGD18,Ogden Schoolhouse as a private residence,Easttown,,
OGD19,Ogden Schoolhouse as a private residence,Easttown,,
OGQ7,Mifflin’s Quarters,Tredyffrin,,
OLA09,"Hanging Rock, Gulph Road",,Road,
OLA10,Monument at Gulph Mills,,Road,
OLA100,"Rosedale Avenue,  West Chester",,Road,
OLA100b,Back of OLA100,,Road,
OLA107,"West Market Street, West Chester",,Road,
OLA107b,Back of OLA107,,Road,
OLA109,"French Creek Falls, St. Peters",,Place,
OLA109b,Back of OLA109,,Place,
OLA113,"West Market Street, West Chester",,Road,
OLA113b,Back of OLA113,,Road,
OLA115,West Chester in 1842,,Place,
OLA115b,Back of OLA115,,Place,
OLA116,Chester County Hospital,,Service,
OLA116b,Back of OLA116,,Service,
OLA117,"Chester County Courthouse, West Chester",,Service,
OLA117b,Back of OLA117,,Service,
OLA118,"Toll Gate, Lancaster Turnpike, near Downingtown",,Road,
OLA118b,Back of OLA118,,Road,
OLA119,Schuylkill at Perkiomen Junction,,Place,
OLA119b,Back of OLA119,,Place,
OLA126,Route 100 north,,Road,
OLA127,"Public Library, Downingtown",,Service,
OLA128,"Toll House, Glen Loch",,Road,
OLA129,Stone Bridge across East Brandywine Creek,,Road,
OLA131,"Falls of the Brandywine, near West Chester",,Place,
OLA132,Birthplace marker for Thomas Buchanon Read,,person,
OLA133,"Toll House Gate, St Davids",,Road,
OLA143,"View down the gorge, Malvern",,View,
OLA146,"Center Square, Lancaster",,Place,
OLA147,Eastern approach to Conestoga Bridge,,Road,
OLA148,"Courthouse, Lancaster",,Service,
OLA149,"Founders Hall, Haverford College",,Service,
OLA155,Witmer’s Bridge,,Road,
OLA164,Gap Village,,View,
OLA166,"Rolling Country, Lancaster County",,View,
OLA168,"City Hall, Lancaster",,Service,
OLA170,John Williamson Nevin memorial,,person,
OLA174,Overhanging Rock. Gulph Mills,,Place,
OLA175,"Toll House, Glen Loch",,Road,
OLA182,St. Peters Village,,Place,
OLA182b,Back of OLA182,,Place,
OLA183,St. Peters Village,,Place,
OLA183b,Back of OLA183,,Place,
OLA184,St. Peters Village,,Place,
OLA184b,Back of OLA184,,Place,
OLA185,St. Peters Village,,Place,
OLA185b,Back of OLA185,,Place,
OLA186,St. Peters Village,,Place,
OLA186b,Back of OLA186,,Place,
OLA187,St. Peters Village,,Place,
OLA187b,Back of OLA187,,Place,
OLA188,St. Peters Village,,Place,
OLA188b,Back of OLA188,,Place,
OLA189,Birchrunville,,Place,
OLA189b,Back of OLA189,,Place,
OLA190,Birchrunville,,Place,
OLA190b,Back of OLA190,,Place,
OLA192,Birchrunville - Old Mill and Summer Scene,,Place,
OLA192b,Back of OLA192,,Place,
OLA193,"Creamery, Hall and Store, Birchrunville",,Place,
OLA193b,Back of OLA193,,Place,
OLA20,King of Prussia Road,,Place,
OLA208b,Back of OLA208,,Service,
OLA209,Old Country Store Museum,,Service,
OLA209b,Back of OLA209,,Service,
OLA21,King of Prussia Road,,Place,
OLA210,Old Country Store Museum,,Service,
OLA210b,Back of OLA210,,Service,
OLA211,Old Toy Display in Country Store Museum,,Service,
OLA211b,Back of OLA211,,Service,
OLA212,Old Country Store Museum,,Service,
OLA212b,Back of OLA212,,Service,
OLA227,"Unknown View, labelled as Valley Forge, but no known location",,View,
OLA228,"Miss Flossie Evans, Wissahickon Drive",,View,
OLA229,Toll Gate between Gardenville and Point Pleasant,,Road,
OLA231,Trip with Banson and Mr. Riley to Wissahickon,,View,
OLA232,Wissahickon in summer / Valley Green,,View,
OLA25,"Roberts Homestead, King of Prussia Road",,Place,
OLA26,"Roberts Homestead, King of Prussia Road",,Place,
OLA27,"Berwyn, Wales",,Place,
OLA28,Wye Oak at Maryland State Park,,Place,
OLA33,"Grubb Road, Willistown",,View,
OLA38,King of Prussia Road,,Place,
OLA39,King of Prussia Road,,Place,
OLA5,Valley Forge General Hospital looking northwest,Charlestown,,
OLA59,Indian Head Rock,,View,
OLA60,Perkiomen Creek,,View,
OLA61,Perkiomen Bridge,,View,
OLA62,Keiser’s Mill,,View,
OLA63,"Penn R.R. Bridge on the Perkiomen near Oaks, PA",,View,
OLA64,"Mill Grove, Audubon House",Audubon,View,
OLA65,Chestnut Tree,,View,
OLA66,Covered Bridge,,Road,
OLA67,Covered Bridge,,Road,
OLA71,Tyler Arboretum,,Place,
OLA73,Tyler Arboretum,,Place,
OLA74,Tyler Arboretum,,Place,
OLA75,Tyler Arboretum,,Place,
OLA97b,Back of OLA97,,,donation:0
OPA1,Main Line Airport,,View,
OPA28,Mainline / Paoli Airport - Tom Skilton,,Mainline Airport,
OPA29,"Mainline Airport, summer of 1940",,Mainline Airport,
OPA30,Morris and Devaney with PhtRyanSTA,,Mainline Airport,
OPA31,Morris practices pylon turns,,Mainline Airport,
OPA32,North American BT9,,Mainline Airport,
OPA33,"Ryan SCA, Mainline Airport",,Ryan SCA,
OPA9,Main Line Airport,,View,
ORG04,"Movie, Paoli Girl Scouts",,Service,
ORG3,Strafford Fife & Drum Corps,,Service,
PA1,"Anna Thomas, Ladies Taylor",Tredyffrin,,
PA10,Carriage,Tredyffrin,,
PA100,Paoli Parade,Tredyffrin,,
PA101,Paoli Parade,Tredyffrin,,
PA102,Paoli Parade,Tredyffrin,,
PA103,Paoli Parade,Tredyffrin,,
PA104,Paoli Parade,Tredyffrin,,
PA105,Paoli Parade,Tredyffrin,,
PA106,Paoli Parade,Tredyffrin,,
PA107,Paoli Parade,Tredyffrin,,
PA108,Paoli Parade,Tredyffrin,,
PA109,Paoli Parade,Tredyffrin,,
PA11,Paoli Diner,Tredyffrin,,
PA110,Paoli Parade,Tredyffrin,,
PA111,Paoli Parade,Tredyffrin,,
PA112,Paoli Parade,Tredyffrin,,
PA113,Paoli Parade,Tredyffrin,,
PA114,Paoli Parade,Tredyffrin,,
PA115,Paoli Parade,Tredyffrin,,
PA116,Paoli Parade,Tredyffrin,,
PA117,Paoli Parade,Tredyffrin,,
PA118,Paoli Parade,Tredyffrin,,
PA119,Paoli Parade,Tredyffrin,,
PA12,Paoli Firehouse,Tredyffrin,Services,
PA120,Paoli Parade - Paoli Fire Company,Tredyffrin,,
PA121,Paoli Parade,Tredyffrin,,
PA122,Paoli Parade,Tredyffrin,,
PA123,Paoli Parade- Malvern Fire Company,Tredyffrin,,
PA124,Paoli Parade - Malvern Fire Company,Tredyffrin,,
PA125,Paoli Parade,Tredyffrin,,
PA126,Paoli Parade,Tredyffrin,,
PA127,Traffic Accident Routes 30 and 252,Tredyffrin,Road,
PA128,Traffic Accident routes 30 and 252,Tredyffrin,Road,
PA129,Traffic Accident routes 30 and 252,Tredyffrin,,
PA13,Five of the 'Seven Stars' Houses,Tredyffrin,,
PA130,Traffic Accident routes 30 and 252,Tredyffrin,Road,
PA131,Traffic Accident routes 30 and 252,Tredyffrin,Road,
PA132,Traffic Accident routes 30 and 252,Tredyffrin,Road,
PA133,Traffic Accident routes 30 and 252,Tredyffrin,Road,
PA134,Traffic Accident routes 30 and 252,Tredyffrin,Road,
PA135,Traffic Accident routes 30 and 252,Tredyffrin,Road,
PA136,Traffic Accident routes 30 and 252,Tredyffrin,Road,
PA137,Traffic Accident routes 30 and 252,Tredyffrin,Road,
PA138,"Lancaster Avenue, Paoli",Tredyffrin,View,
PA139,"Lancaster Avenue, Paoli",Tredyffrin,View,
PA14,"Lincoln Highway, Paoli",Tredyffrin,View,
PA140,"Lancaster Avenue, Paoli",Tredyffrin,View,
PA141,"Lancaster Avenue, Paoli",Tredyffrin,View,
PA142,"Lancaster and S. Valley Road, Paoli",Tredyffrin,View,
PA144,"Lancaster and S. Valley Road, Paoli",Tredyffrin,View,
PA146,"Lancaster and S. Valley Road, Paoli",Tredyffrin,View,
PA148,"Builders Yard, Paoli",Tredyffrin,,
PA149,"Builders Yard, Paoli",Tredyffrin,,
PA15,Supplee Hardware Store,Tredyffrin,,
PA150,"Builders Yard, Paoli",Tredyffrin,,
PA151,House Fire near Paoli,Tredyffrin,,
PA153,House Fire near Paoli,Tredyffrin,,
PA154,House Fire near Paoli,Tredyffrin,,
PA155,House Fire near Paoli,Tredyffrin,,
PA156,House Fire near Paoli,Tredyffrin,,
PA157,House Fire near Paoli,Tredyffrin,,
PA158,House Fire near Paoli,Tredyffrin,,
PA159,House Fire near Paoli,Tredyffrin,,
PA16,William's Store,Easttown,,
PA160,House Fire near Paoli,Tredyffrin,,
PA161,House Fire near Paoli,Tredyffrin,,
PA162,House Fire near Paoli,Tredyffrin,,
PA163,House Fire near Paoli,Tredyffrin,,
PA164,House Fire near Paoli,Tredyffrin,,
PA166,House Fire near Paoli,Tredyffrin,,
PA167,House Fire near Paoli,Tredyffrin,,
PA168,House Fire near Paoli,Tredyffrin,,
PA169,House Fire near Paoli,Tredyffrin,,
PA17,George Williams in his drug store,Tredyffrin,,
PA170,House Fire near Paoli,Tredyffrin,,
PA171,House Fire near Paoli,Tredyffrin,,
PA172,House Fire near Paoli,Tredyffrin,,
PA173,Paoli - looking towards 30 and 252 junction,Tredyffrin,View,
PA174,"Lancaster Avenue, Paoli",Tredyffrin,View,
PA175,Construction of Paoli Library building,Tredyffrin,Service,
PA177,Construction of Paoli Library building,Tredyffrin,Service,
PA179,Construction of Paoli Library building,Tredyffrin,Service,
PA18,George Clemmans Paoli Hardware Store certificate,,Place,
PA181,"Lancaster Avenue, Paoli",Tredyffrin,View,
PA182,Paoli Building site,Tredyffrin,View,
PA183,Paoli Building site,Tredyffrin,View,
PA184,"South Valley Road, Paoli looking north",Tredyffrin,Road,
PA185,"South Valley Road, Paoli looking north",Tredyffrin,Road,
PA187,Paoli News Agency,Tredyffrin,Paoli,
PA188,Front of Paoli Hardware Store,Tredyffrin,Paoli,
PA189,Paoli Hardware Store - Greg and Steve,Tredyffrin,Paoli Hardware Store,
PA190,Paoli Hardware Store - everything must go,Tredyffrin,Paoli Hardware Store,
PA191,Paoli Hardware Store - all sales final,Tredyffrin,Paoli Hardware Store,
PA192,Paoli Hardware Store - 1946 Painting,Tredyffrin,Paoli Hardware Store,
PA193,Paoli Hardware Store - Greg,Tredyffrin,Paoli Hardware Store,
PA194,Paoli Station Parking Area,Tredyffrin,,
PA195,Paoli Plaza,Tredyffrin,Paoli,
PA196,Paoli Station Parking Area and Lancaster Avenue,Tredyffrin,Paoli,
PA197,Paoli Plaza,Tredyffrin,Paoli,
PA198,Paoli Station area,Tredyffrin,Paoli,
PA199,Paoli Plaza,Tredyffrin,Paoli,
PA2,Paoli Hardware Store,Tredyffrin,,
PA200,Paoli Station Parking Area,Tredyffrin,Paoli,
PA201,Paoli Plaza,Tredyffrin,Paoli,
PA202,"Photographers, Lancaster Avenue, Paoli",Tredyffrin,Paoli,
PA203,"Cleared site, Photographer",Tredyffrin,Paoli,
PA204,Lancaster Pike in Paoli looking west,Tredyffrin,Lancaster Pike,
PA23,Pasquale Paoli Day,Tredyffrin,person,
PA24,"North Valley Road, Paoli",Tredyffrin,View,
PA25,View of Paoli,Tredyffrin,View,
PA26,Giantonio Real Estate,Tredyffrin,,
PA27,Paoli Fire House,Tredyffrin,View,
PA28,"Paoli (Inn) Blacksmith & Wheelwright shop, west of Inn, 1888",Tredyffrin,Place,
PA29,"Valley Road, Paoli",Tredyffrin,Road,
PA3,Paoli Hardware Store,Tredyffrin,,
PA30,Aerial Photograph of Paoli,,View,
PA31,"Route 252, Paoli",,Road,
PA32,"Lancaster Avenue and North Valley Road, Paoli",Tredyffrin,View,
PA33,Paoli Fire Company,Tredyffrin,Service,
PA34,Aerial Photograph of Paoli looking east,Tredyffrin,Place,
PA35,"Lancaster Avenue, Paoli looking east",Tredyffrin,View,
PA36,Toll Gate House,Tredyffrin,Road,
PA37,Paoli Industrial School,Tredyffrin,,
PA37b,Back of PA37,Tredyffrin,,
PA38,Breaking ground for Girard Bank building,Tredyffrin,,
PA39,Valley Road and route 30 with Wedge Building,Tredyffrin,View,
PA4,Windmill Tea Room,Tredyffrin,,
PA40,Distributing water in Paoli after Hurricane Agnus,Tredyffrin,Service,
PA41,Distributing water in Paoli Shopping Center after Hurricane Agnus,Tredyffrin,Service,
PA42,Fire at Charlie Brown restaurant in Paoli,Tredyffrin,,
PA43,Fire at Charlie Brown restaurant in Paoli,Tredyffrin,,
PA44,Fire at Charlie Brown restaurant in Paoli,Tredyffrin,,
PA45,Fire at Charlie Brown restaurant in Paoli,Tredyffrin,,
PA46,Fire at Charlie Brown restaurant in Paoli,Tredyffrin,,
PA47,Fire at Charlie Brown restaurant in Paoli,Tredyffrin,,
PA48,Fire at Charlie Brown restaurant in Paoli,Tredyffrin,,
PA49,Paoli Hardware Center,Tredyffrin,,
PA50,Fire at Paoli Shopping Center,Tredyffrin,,
PA51,Paoli Hardware Center,Tredyffrin,,
PA52,Paoli Fire Company,Tredyffrin,Service,
PA53,"Site of 1972 Derailment, Paoli",Tredyffrin,View,
PA54,Central Penn Bank extension,Tredyffrin,Service,
PA55,Lancaster Avenue in Paoli around 1935,Tredyffrin,Place,
PA56,Paoli Fire Department,,Service,
PA57,"Lovers Lane, Paoli",Tredyffrin,Road,
PA58,Prominent fork of Roads,Tredyffrin,Road,
PA59,Paoli War Memorial dedication,Tredyffrin,,
PA60,Paoli War Memorial dedication,Tredyffrin,,
PA61,Paoli War Memorial dedication,Tredyffrin,,
PA62,Paoli War Memorial dedication,Tredyffrin,,
PA63,Richard Nixon campaign rally at the old Paoli Shopping Center,Tredyffrin,person,
PA64,Richard Nixon campaign rally at the old Paoli Shopping Center,Tredyffrin,Place,
PA65,Richard Nixon campaign rally at the old Paoli Shopping Center,Tredyffrin,Place,
PA66,Richard Nixon campaign rally at the old Paoli Shopping Center,Tredyffrin,Place,
PA67,Richard Nixon campaign rally at the old Paoli Shopping Center,Tredyffrin,Place,
PA68,Richard Nixon campaign rally at the old Paoli Shopping Center,Tredyffrin,Place,
PA69,Richard Nixon campaign rally at the old Paoli Shopping Center,Tredyffrin,Place,
PA7,"Lincoln Highway, Paoli",Tredyffrin,View,
PA70,Richard Nixon campaign rally at the old Paoli Shopping Center,Tredyffrin,Place,
PA71,Paoli Parade - Radnor Fire Company,Tredyffrin,,
PA72,Paoli Parade - Goshen Fire Company,Tredyffrin,,
PA73,Paoli Parade - East Whiteland Township Volunteer Fire Association,Tredyffrin,,
PA74,Paoli Parade - East Whiteland Township Volunteer Fire Association,Tredyffrin,,
PA75,Paoli Parade,Tredyffrin,,
PA76,Paoli Parade,Tredyffrin,,
PA77,Paoli Parade,Tredyffrin,,
PA78,Paoli Parade,Tredyffrin,,
PA79,Paoli Parade,Tredyffrin,,
PA8,Paoli Buckboard,Tredyffrin,person,
PA80,Paoli Parade - King of Prussia Fire Company,Tredyffrin,,
PA81,Paoli Parade,Tredyffrin,,
PA82,"Paoli Parade - Kook Hill, North Hills, PA",Tredyffrin,,
PA83,Paoli Parade,Tredyffrin,,
PA84,Paoli Parade,Tredyffrin,,
PA85,"Paoli Parade - Good Will Fire Company #2, West Chester",Tredyffrin,,
PA86,Paoli Parade,Tredyffrin,,
PA87,Paoli Parade,Tredyffrin,,
PA88,"Paoli Parade- Swedesburg Volunteer Fire Company, Upper Merion Township",Tredyffrin,,
PA89,Paoli Parade,Tredyffrin,,
PA90,Paoli Parade,Tredyffrin,,
PA91,Paoli Parade,Tredyffrin,,
PA92,Paoli Parade - Flame Busters,Tredyffrin,,
PA93,Paoli Parade,Tredyffrin,,
PA94,Paoli Parade,Tredyffrin,,
PA95,Paoli Parade- Balloon Seller,Tredyffrin,,
PA96,Paoli Parade - Balloon Seller,Tredyffrin,,
PA97,Paoli Parade,Tredyffrin,,
PA98,Paoli Parade,Tredyffrin,,
PA99,Paoli Parade,Tredyffrin,,
PAC01,"Rear of Paoli Corner, routes 30 & 252",Tredyffrin,,
PAC02,"Rear of Paoli Corner, routes 30 & 252",Tredyffrin,,
PAC03,"Front of Paoli Corner, routes 30 & 252",Tredyffrin,,
PAC04,"Rear of Paoli Corner, routes 30 & 252",Tredyffrin,,
PAC05,"Rear of Paoli Corner, routes 30 & 252",Tredyffrin,,
PAE01,"Farmhouse, Patterson Estate, Devon",Easttown,,
PAE02,"Patterson Estate, Devon",Easttown,,
PAE03,"Patterson Estate, Devon",Easttown,,
PAS07,Paoli School,Tredyffrin,,
PAS1,Paoli School,Tredyffrin,,
PAS11,"Grammar School, Paoli",Tredyffrin,,
PAS12,Paoli School,Tredyffrin,,
PAS12b,Back of PAS12,Tredyffrin,,
PAS2,Paoli School,Tredyffrin,,
PAS5,Paoli Grammar School,Tredyffrin,,
PAS6,Paoli High School,Tredyffrin,,
PCK02,Philander Knox and wife disembraking ship in Honolulu,,person,
PCK1,Philander Knox,,person,
PCS01,Paoli Coal and Supply,Tredyffrin,,
PCS02,Paoli Coal and Supply,Tredyffrin,,
PEO1,Edwina & George W. Clemmans,,person,
PEO10,Dr. James Aiken and his daughter Daisy,Easttown,person,
PEO100,Unknown Person,,person,
PEO101,Unknown Group Portrait,,person,
PEO102,Unknown Group Portrait,,person,
PEO103,Unknown Person,,person,
PEO104,Unknown Person,,person,
PEO105,Brigadier-General Anthony Wayne,,person,
PEO106,Brigadier-General Chas Scott,,person,
PEO107,Brigadier-General Count Louis Duportail,,person,
PEO108,Brigadier-General Daniel Morgan,,person,
PEO109,Brigadier-General Enoch Poor,,person,
PEO11,Unknown Portrait,,person,
PEO110,Brigadier-General George Weedon,,person,
PEO111,Brigadier-General Henry Knox,,person,
PEO112,Brigadier-General James M. Varnum,,person,
PEO113,Brigadier-General Jed Huntingdon,,person,
PEO115,Brigadier-General Lachlan McIntosh,,person,
PEO116,Brigadier-General Peter Muhlenberg,,person,
PEO117,Brigadier-General William Smallwood,,person,
PEO118,General George Washington,,person,
PEO119,Lieutenant Colonel Alexander Hamilton,,person,
PEO12,Unknown Portrait,,person,
PEO120,Major General Anthony St. Clair,,person,
PEO121,Major General Frederick William von Steuben,,person,
PEO122,Major General Frederick William von Steuben,,person,
PEO123,Major General Lord Stirling,,person,
PEO124,Major General Nathaniel Greene,,person,
PEO125,Valley Forge Commissioners,,person,
PEO126,Brigadier General John Glover,,person,
PEO127,Lieutenant John Trumbull,,person,
PEO128,George Washington Statue,,person,
PEO129,General Nathaneal Greene,,person,
PEO13,Women in Welsh Costume,,person,
PEO130,George Washington,,person,
PEO131,"Pupils, Easttown Public School, Berwyn",Easttown,,
PEO132,Julius Sachse,,person,
PEO133,Bob Goshorn,,person,
PEO134,Franklin Burns,,person,
PEO135,Franklin Burns at Hawk Mountain,,person,
PEO14,Unknown Person,,person,
PEO141,Isaac M. Anderson,Charlestown,person,
PEO142,Isaac M. Anderson family,,person,
PEO143,Sally Nelson,,person,
PEO145,May-Sevcik,Tredyffrin,person,
PEO146,William Keeley Acker Gravestone,Tredyffrin,Gravestone,
PEO147,Studebaker event,Tredyffrin,Studebaker event,
PEO148,Studebaker event,Tredyffrin,Studebaker event,
PEO149,Studebaker event,Tredyffrin,Studebaker event,
PEO15,Unidentified Group,,person,
PEO150,Studebaker event,Tredyffrin,Studebaker event,
PEO151,Studebaker event,Tredyffrin,Studebaker event,
PEO152,Mary McHenry engraving,,Mary McHenry,
PEO153,Mary McHenry,,Mary McHenry,
PEO153B,Back of PEO153,,Mary McHenry,
PEO16,D. Bernard Stout of Cabbagetown,,person,
PEO17,Robert and Lilly Pyle,,person,
PEO18,Simon Matko Horstick,,person,
PEO19,Mr. & Mrs. Curwen and Helen Weller,,person,
PEO2,George W. Clemmans,,person,
PEO21,David Kaufman & William M. Coates House,Easttown,person,
PEO22,Major & Surgeon George G. Groff,,person,
PEO23,Hattie Dewees,Easttown,person,
PEO24,Unidentified Person,,person,
PEO25,Unidentified Person,,person,
PEO26,"Jean Stineman, artist",,person,
PEO27,"Jean Stineman, artist",,person,
PEO28,"James J. Nugent, Tredyffrin Township",,person,
PEO29,Unknown group,,person,
PEO3,Fannie Heyburn & Grandson,Tredyffrin,person,
PEO30,Ruth Lareaux & Dorothy Reed,,person,
PEO31,Scout Troup. leader Franklin Wandless,,person,
PEO32,Unidentified family,,person,
PEO33,Bob Nye,,person,
PEO34,Eilene Cheney,,person,
PEO35,Jim Lawson,,person,
PEO36,Joe Diamond,,person,
PEO37,Russell B. Spencer,,person,
PEO38,Ruth Baldwin,,person,
PEO39,Stanley Lunde,,person,
PEO40,Ted Meyers,,person,
PEO41,Vincent F. Hembrook,,person,
PEO42,Unknown Person,,person,
PEO43,Unidentified Group,,person,
PEO44,Unidentified Group,,person,
PEO45,Unidentified Group,,person,
PEO46,Galusha Pennypacker,,person,
PEO47,"Sister Lillian Jackson’s Birthday Party at Berwyn, PA",Easttown,,
PEO48,Unknown Person,,person,
PEO49,Davis Family,,person,
PEO5,Grace Sharp,,person,
PEO50,Baptist Brotherhood Baseball Team,,Sports,
PEO52,Unknown woman and baby,,person,
PEO53,Unknown person,,person,
PEO54,Women in Moore Electric truck,,person,
PEO55,Unknown woman,,person,
PEO56,Rev. William T. and Mrs. Vandener,,person,
PEO57,Michead Edeesase (- maybe) as Betsy Ross,,person,
PEO58,Baptist Brotherhood Baseball Team,,person,
PEO59,Manus McMonagle,,person,
PEO6,Six People,Tredyffrin,person,
PEO60,Simon Matko Horstick,,person,
PEO61,Stroh family,,person,
PEO62,Mrs. Dudley Kneass and Mrs. John Salvaggio,Tredyffrin,person,
PEO63,H Hawkings and J H Kain,Easttown,person,
PEO64,Rod Broadbelt,,person,
PEO65,Rod Broadbelt,Tredyffrin,person,
PEO66,Oliver Bair,Tredyffrin,person,
PEO67,Mary Bair,Tredyffrin,person,
PEO68,Franklin Burns,,person,
PEO69,Tredyffrin Township Municipal Authority,Tredyffrin,Service,
PEO7,Six People,,person,
PEO70,Paoli Business Association,Tredyffrin,,
PEO71,"James Kennedy, chairman of Tredyffrin Supervisors",Tredyffrin,Service,
PEO72,Dick Schultz,Tredyffrin,Service,
PEO74,Paoli - Berwyn Little League Derby Winners,Tredyffrin,Sports,
PEO75,Paoli - Berwyn Little League Derby Winners,Tredyffrin,Sports,
PEO76,Paoli - Berwyn Little League Derby Winners,Tredyffrin,Sports,
PEO77,Paoli Lions Club,Tredyffrin,,
PEO78,Herb Fry and Skip Eichner,Easttown,Place,
PEO79,Ximena Wells Burns,,person,
PEO8,Emily Patterson & Florence Glissen,Tredyffrin,person,
PEO80,Burns Family,,person,
PEO81,School Children at North Berwyn School,Tredyffrin,,
PEO82,Easttown School pupils,Easttown,,
PEO83,Easttown Public School pupils,Easttown,,
PEO84,North Berwyn School pupils,Tredyffrin,,
PEO85,"North Berwyn School pupils & Miss Emma Williams, teacher",Tredyffrin,,
PEO86,Paoli Grammar School class of 1919,Tredyffrin,,
PEO87,Presbyterian School pupils,Tredyffrin,,
PEO88,"Tredyffrin Easttown High School Womens Basketball Team, 1932",Tredyffrin,,
PEO89,"Tredyffrin Easttown High School Football Team, 1911",Tredyffrin,,
PEO9,Emily Patterson & Florence Glissen,Tredyffrin,person,
PEO90,"Tredyffrin Easttown High School Football Team, 1915",Tredyffrin,,
PEO91,Presbyterian School pupils,Tredyffrin,,
PEO92,"Graduating Class of Easttown Public High School, June 7, 1900",Easttown,,
PEO93,"Easttown School first grade, 1915",Easttown,,
PEO94,"Easttown School, pupils and staff, 1890",Easttown,,
PEO95,Paoli School pupils and teachers,Tredyffrin,,
PEO96,Paoli Grammar School,Tredyffrin,,
PEO97,Mary Jane Aiken Wells,,person,
PEO98,Unknown Person,,person,
PEO99,Unknown Person,,person,
PEO99b,Back of PEO99,,person,
PFC01,1949 Paoli Fire Company 40th anniversary parade,Tredyffrin,,
PFC02,1949 Paoli Fire Company 40th anniversary parade,Tredyffrin,,
PFC03,1949 Paoli Fire Company 40th anniversary parade,Tredyffrin,,
PFC04,1949 Paoli Fire Company 40th anniversary parade,Tredyffrin,,
PFC05,1949 Paoli Fire Company 40th anniversary parade,Tredyffrin,,
PFC06,1949 Paoli Fire Company 40th anniversary parade,Tredyffrin,,
PFC07,1949 Paoli Fire Company 40th anniversary parade,Tredyffrin,,
PFC08,1949 Paoli Fire Company 40th anniversary parade,Tredyffrin,,
PFC09,1949 Paoli Fire Company 40th anniversary parade,Tredyffrin,,
PFC10,1949 Paoli Fire Company 40th anniversary parade,Tredyffrin,,
PFC11,1949 Paoli Fire Company 40th anniversary parade,Tredyffrin,,
PFC12,1949 Paoli Fire Company 40th anniversary parade,Tredyffrin,,
PFC13,1949 Paoli Fire Company 40th anniversary parade,Tredyffrin,,
PFC14,1949 Paoli Fire Company 40th anniversary parade,Tredyffrin,,
PFC15,1949 Paoli Fire Company 40th anniversary parade,Tredyffrin,,
PFC16,1949 Paoli Fire Company 40th anniversary parade,Tredyffrin,,
PFC17,1949 Paoli Fire Company 40th anniversary parade,Tredyffrin,,
PFC18,1949 Paoli Fire Company 40th anniversary parade,Tredyffrin,,
PFC19,1949 Paoli Fire Company 40th anniversary parade,Tredyffrin,,
PFC20,1949 Paoli Fire Company 40th anniversary parade,Tredyffrin,,
PFC21,1949 Paoli Fire Company 40th anniversary parade,Tredyffrin,,
PFC22,1949 Paoli Fire Company 40th anniversary parade,Tredyffrin,,
PFC23,1949 Paoli Fire Company 40th anniversary parade,Tredyffrin,,
PFC24,1949 Paoli Fire Company 40th anniversary parade,Tredyffrin,,
PFC25,1949 Paoli Fire Company 40th anniversary parade,Tredyffrin,,
PFC26,1949 Paoli Fire Company 40th anniversary parade,Tredyffrin,,
PFC27,1949 Paoli Fire Company 40th anniversary parade,Tredyffrin,,
PFD001,"Devon Horse Show, 1899 with the Devon Inn in the background",Easttown,,
PFD002,"Devon Horse Show, 1899",Easttown,,
PFD003,"Devon Horse Show, 1899",Easttown,,
PFD004,"Devon Horse Show, 1899, with the Devon Inn in the background",Easttown,,
PFD005,"Devon Horse Show, 1899",Easttown,,
PFD006,"Devon Horse Show, 1899, with the Devon Inn in the background",Easttown,,
PFD007,"Devon Horse Show, 1899",Easttown,,
PHE01,Tom & Ann Phelan,Tredyffrin,person,
PHE02,Phelan residence,Tredyffrin,,
PHE03,Merie Patricia Phelan as May Queen,Tredyffrin,person,
PHE04,Thomas Phelan,Tredyffrin,person,
PHO03,Valley Forge General Hospital,Schuylkill,,
PHO03b,Back of PHO03,Schuylkill,,
PHO1,"Soldier's Monument, Phoenixville",,Place,
PLH01,Peter Latch Barn,Easttown,,
PLH02,Peter Latch House,Easttown,,
PLH03,Peter Latch House,Easttown,,
PLH04,Peter Latch House,Easttown,,
PLI01,Paoli Library,Tredyffrin,Service,
PLI03,Old library building seen from the back of the bank.,Tredyffrin,Service,
POF01,Potter Farm,Easttown,,
POF02,Potter Farm and Leopard Road,Easttown,View,
POF03,"Potter Farm, 22 Leopard Road",Easttown,,
POF04,"Potter House, Leopard Road",Easttown,,
POK08,"Silo, PennOkla Farm",Tredyffrin,,
POK09,"Building, PennOkla Farm",Tredyffrin,,
POK1,Pennokla Farm Tenant House,Tredyffrin,,
POK10,"Building, PennOkla Farm",Tredyffrin,,
POK11,"Tenant House, Pennokla Farm",Tredyffrin,,
POK12,"Tenant house, Pennokla Farm",Tredyffrin,,
POK13,Pennokla Farm,Tredyffrin,Pennokla Farm,
POK14,Pennokla Farm,Tredyffrin,Pennokla Farm,
POK2,Pennokla Farm Building,Tredyffrin,,
POK3,Pennokla Farmhouse,Tredyffrin,,
POK4,Pennokla Farmhouse,Tredyffrin,,
POK5,Pennokla Farmhouse,Tredyffrin,,
POK6,Pennokla Farmhouse,Tredyffrin,,
POK7,Pennokla Farmhouse,Tredyffrin,,
POQ01,General Potter's Quarters,Tredyffrin,,
POQ02,General Potter's Quarters,Tredyffrin,,
POQ03,General Potter's Quarters interior,Tredyffrin,,
POS01,Patriotic Order of the Sons of America (POSA) Building,Tredyffrin,,
POS02,Patriotic Order of the Sons of America (POSA) Building,Tredyffrin,,
POS07,"Patriotic Order, Sons of America Building",Schuylkill,,
PP09,"Paoli Post Office, September 1 1929 to June 20 1955",Tredyffrin,,
PP1,Paoli Post Office,Tredyffrin,,
PP10,Paoli Post Office,Tredyffrin,,
PP11,Paoli Post Office,Tredyffrin,,
PP12,Paoli Railroad Station,Tredyffrin,,
PP13,Paoli Railroad Station,Tredyffrin,,
PP14,Paoli Railroad Station,Tredyffrin,,
PP15,Paoli Post Office,Tredyffrin,,
PP16,Paoli Post Office,Tredyffrin,,
PP17,Paoli Post Office,Tredyffrin,,
PP18,Paoli Post Office,Tredyffrin,,
PP19,Paoli Post Office,Tredyffrin,,
PP2,Paoli Post Office,Tredyffrin,,
PP20,Paoli Post Office,Tredyffrin,,
PP21,Paoli Post Office,Tredyffrin,,
PP22,Paoli Post Office,Tredyffrin,,
PP23,Paoli Post Office,Tredyffrin,,
PP24,Paoli Post Office,Tredyffrin,,
PP25,Paoli Post Office,Tredyffrin,,
PP26,Paoli Post Office,Tredyffrin,,
PP27,Paoli Post Office,Tredyffrin,,
PP28,Paoli Post Office,Tredyffrin,,
PP29,Paoli Post Office,Tredyffrin,,
PP30,Paoli Post Office,Tredyffrin,,
PP31,Paoli Post Office,Tredyffrin,,
PP32,Paoli Post Office,Tredyffrin,,
PP33,"Paoli Post Office, Robert E. Pattinson and Eleanor C. Brennan in foreground.  Anna J. Clift, William J. Worth, and Ada M. Wise behind the counter.",Tredyffrin,,
PP34,"Art Labar, Paoli Post Office",Tredyffrin,,
PP35,"Ada Wise, Bill Worth, Anne Clift, Paoli Post Office",Tredyffrin,,
PP36,"Louis Riddolongo, Paoli Post Office",Tredyffrin,,
PP37,"R. Rapp, Andy Anderson, Paoli Post Office",Tredyffrin,,
PP38,"W. Standot, Les O’Brien, Bill Morris, Paoli Post Office",Tredyffrin,,
PP39,"Jerry Hunlock, Dom Maroh, John Zacarrli, Paoli Post Office",Tredyffrin,,
PP4,Paoli Post Office,Tredyffrin,,
PP40,"Joe Falcore, Paoli Post Office",Tredyffrin,,
PP41,Paoli Post Office,Tredyffrin,,
PP42,Paoli Post Office,Tredyffrin,,
PP43,Paoli Post Office,Tredyffrin,,
PP44,"Mrs Brennan and husband (State Trooper), Paoli Post Office",Tredyffrin,,
PP45,"On the left, Jackson Anderson Wilson, jr., Paoli Post Office",Tredyffrin,,
PP46,"Party for Eleanor C. Brennan, State Senator Robert Casey on her left, Paoli Post Office",Tredyffrin,,
PP47,Paoli Post Office,Tredyffrin,,
PP48,Paoli Post Office,Tredyffrin,,
PP49,Paoli Post Office,Tredyffrin,,
PP50,Paoli Post Office,Tredyffrin,,
PP51,Paoli Post Office,Tredyffrin,,
PP52,Paoli Post Office,Tredyffrin,,
PP53,Paoli Post Office,Tredyffrin,,
PP54,Paoli Post Office,Tredyffrin,,
PP55,Paoli Post Office,Tredyffrin,,
PP56,Paoli Post Office,Tredyffrin,,
PP57,"Anthony Di Fronzo, successor Postmaster to Eleanor C. Brennan, Paoli Post Office",Tredyffrin,,
PP58,Paoli Post Office,Tredyffrin,,
PP59,Paoli Post Office,Tredyffrin,,
PP7,"John D. Burns, Paoli Postmaster",,person,
PP8,"Emily Shinton, Paoli Postmistress",,person,
PPO1,"Route 30 West, Paoli",Tredyffrin,View,
PPO10,Paoli Grammar School,Tredyffrin,,
PPO11,Tredyffrin Township Grammar School,Tredyffrin,,
PPO12,Paoli Inn,Tredyffrin,,
PPO13,Great Valley Mill,Tredyffrin,,
PPO14,Windmill Tea Room (interior),Tredyffrin,,
PPO15,Windmill Tea Room,Tredyffrin,,
PPO16,"Reading Election Returns, Paoli Inn, 1832",Tredyffrin,,
PPO17,Great Valley Creek & Great Valley Mill dam,Tredyffrin,Place,
PPO18,"Pennsylvania Railroad Car Shops, Paoli",Tredyffrin,,
PPO19,Paoli Station,Tredyffrin,,
PPO2,Lincoln Highway. Paoli,Tredyffrin,,
PPO3,"Lincoln Highway, Paoli",Tredyffrin,,
PPO4,"Lincoln Highway, Paoli",Tredyffrin,,
PPO5,Paoli Station,Tredyffrin,,
PPO6,Paoli Car Shops,Tredyffrin,,
PPO7,Paoli Station,Tredyffrin,,
PPO8,Paoli Railyards,Tredyffrin,,
PPO9,Paoli High School,Tredyffrin,,
PSH03,Account Ledger- Presbyterian School,Tredyffrin,,
PSH1,Presbyterian Schoolhouse,Tredyffrin,,
PSH2,Presbyterian School,Tredyffrin,,
PTE01,Paul Teamer,,person,
PTP01,"Schuylkill Interchange, Pennsylvania Turnpike",,Road,
PTP01b,Back of PTP01,,Road,
PTP02,King of Prussia Interchange,,Road,
PTP02b,Back of PTP02,,Road,
PTP04,"Valley Forge Toll Gate, PA Turnpike",,Road,
PUQ01,General Pulaski's Quarters - Brookmead Farm,Tredyffrin,,
PUQ02,General Pulaski's Quarters - Brookmead Farm,Tredyffrin,,
PUQ03,Brookmead Farm,Tredyffrin,,
PUQ04,Brookmead Farm,Tredyffrin,,
PUQ05,Barn at Brookmead Farm,Tredyffrin,,
PUQ06,Pulaski’s Quarters,Tredyffrin,,
PUR01,"Springhouse, Pugh Road",Tredyffrin,,
PUR02,"Springhouse, Avonwood Farm, Pugh Road",Tredyffrin,,
PUR03,"Springhouse, 453 Pugh Road",Tredyffrin,,
PUR04,"Springhouse, 453 Pugh Road",Tredyffrin,,
PUR05,"Springhouse, Avonwood Farm, Pugh Road",Tredyffrin,,
PVF1,State Park Employees,,person,
PW05,"Pennsylvania & Western, Strafford Station",Tredyffrin,,
PW1,Car in Strafford Philadelphia & Western Station,Tredyffrin,,
PW2,Car in Strafford Philadelphia & Western Station,Tredyffrin,,
PWF01,Pauling-Wedge Farm,Tredyffrin,,
PWF02,Pauling-Wedge Farm,Tredyffrin,,
PWF03,Pauling-Wedge Farm,Tredyffrin,,
PWF04,Pauling-Wedge Farm,Tredyffrin,,
PWF05,Pauling-Wedge Farm,Tredyffrin,,
PWF06,Pauling-Wedge Farm,Tredyffrin,,
PWF07,Pauling-Wedge Farm,Tredyffrin,,
PWF08,Pauling-Wedge Farm,Tredyffrin,,
PWF09,Pauling-Wedge Farm,Tredyffrin,,
PWF10,Pauling-Wedge Farm,Tredyffrin,,
PWF11,Pauling-Wedge Farm,Tredyffrin,,
PWF12,Pauling-Wedge Farm,Tredyffrin,,
PWF13,Pauling-Wedge Farm,Tredyffrin,,
PWF14,Pauling-Wedge Farm,Tredyffrin,,
PWF15,Pauling-Wedge Farm,Tredyffrin,,
PWF16,Pauling-Wedge Farm,Tredyffrin,,
PWI01,"Percy Wilson residence, Waterloo Road",Easttown,,
PWI02,"Percy Wilson residence, Waterloo Road",Easttown,,
PYL01,Sarah Elizabeth Garber Pyle,,person,
PYL02,Sarah Elizabeth Garber Pyle,,person,
PYL03,Sarah Elizabeth Garber Pyle,,person,
PYL04,Elizabeth Pyle holding daughter Katherine (born 1936),Easttown,person,
PYL05,"Henry, Bob and Catherine Pyle",Easttown,person,
PYL06,Elizabeth Garber Pyle at 34 Bridge Avenue,Easttown,person,
PYL07,Elizabeth Pyle at 42 Bridge Avenue,Easttown,person,
PYL08,Elizabeth Pyle at 42 Bridge Avenue,Easttown,person,
PYL09,Abram Pyle,,person,
PYL10,"Elizabeth, Abram, and Henry Pyle",,person,
PYL11,Abram Pyle,,person,
PYL12,Elizabeth & Abram Pyle,,person,
PYL13,Abram & Henry Pyle,Easttown,person,
PYL14,Frederick Grove Pyle,,person,
PYL15,Abram holding Henry “Zeke” Pyle,,person,
PYL16,Abram Pyle,,person,
PYL17,Henry Grove “Zeke” Pyle,,person,
PYL18,Henry Grove Zeke and June Rudderow Pyle,,person,
PYL19,Henry Grove Zeke and June Rudderow Pyle,Easttown,person,
PYL20,Henry Grove “Zeke” Pyle,Easttown,person,
PYL21,Henry Grove “Zeke” Pyle,,person,
PYL22,Henry Grove “Zeke” Pyle,,person,
PYL23,"Henry, Robert, and Sarah Elizabeth Garber Pyle",Easttown,person,
PYL24,Henry Grove “Zeke” and June Rudderow Pyle,Easttown,person,
PYL25,"Pyle garage, 43 Bridge Avenue",Easttown,person,
Q01,Cedar Hollow Quarry,Tredyffrin,,
Q02,Cedar Hollow Quarry,Tredyffrin,,
Q03,Warner Quarry,Tredyffrin,,
Q04,"Serpentine Quarry, Devon",Easttown,,
QTC01,Quaker Trailer Company -Display Room,Easttown,Quaker Trailer Company,
QTC02,Quaker Trailer Company -Display Room with Driveway,Easttown,Quaker Trailer Company,
QTC03,Quaker Trailer Company - Office,Easttown,Quaker Trailer Company,
QTC04,"Quaker Trailer, Quaker Trailer Company",Easttown,Quaker Trailer Company,
QTC05,Quaker Trailer Company Display Room,Easttown,Quaker Trailer Company,
QTC06,Quaker Trailer Company,Easttown,Quaker Trailer Company,
QTC07,"Quaker Trailer, Quaker Trailer Company",Easttown,Quaker Trailer Company,
QTC08,Quaker Trailer with Possible Robert M. Rakestraw,Easttown,Quaker Trailer Company,
RAD07,King of Prussia Road,,Road,
RAD08,King of Prussia Road,,Road,
RAD09,Matson Ford Road,,Road,
RAD10,Radnor view - along King of Prussia Road,,View,
RAD2,Radnor township view,,View,
RAD3,"King of Prussia Road, Radnor",,View,
RAD4,"Matson Ford Road, Radnor",,View,
RAD5,"King of Prussia Road, Radnor",,View,
RAD6,Lancaster Turnpike thru Radnor 1806,,Place,
RAI1,Paoli Station,Tredyffrin,,
RBE1,Berwyn Station,Easttown,,
RBE10,View of tracks from Berwyn Station Bridge looking west,Easttown,,
RBE11,"Lancaster Pike & Switch Tower, Berwyn,",Easttown,,
RBE12,"Pennsylvania Railroad station in Berwyn, Summer 1888",Easttown,,
RBE13,"Berwyn Station Pennsylvania Railroad, 1904",Easttown,,
RBE14,Portrait of Joe Bloomer and Willie Bradley at Berwyn Station - 1904,Easttown,,
RBE15,Berwyn,Easttown,View,
RBE16,Berwyn Station Pennsylvania Railroad,Easttown,,
RBE18,"Railroad, Berwyn from Cassatt Avenue bridge",Easttown,,
RBE19,"Railroad, Berwyn",Easttown,,
RBE20,"Railroad Overpass, Berwyn",Easttown,,
RBE21,Berwyn Railroad Station,Easttown,,
RBE22,Berwyn Station,Easttown,,
RBE23,Berwyn Station,Easttown,,
RBE24,Trim on Berwyn Station,Easttown,,
RBE25,Berwyn Station,Easttown,,
RBE26,Berwyn Station,Easttown,,
RBE27,Berwyn Station,Easttown,,
RBE28,Berwyn Station,Easttown,,
RBE29,Berwyn Station,Easttown,,
RBE30,Berwyn Station,Easttown,,
RBE31,Berwyn Station,Easttown,,
RBE32,Berwyn Station,Easttown,,
RBE33,"Coal Elevator, Berwyn",Easttown,,
RBE34,Berwyn Station,Easttown,,
RBE35,Railroad views at Berwyn,Easttown,,
RBE36,Railroad views at Berwyn,Easttown,,
RBE38,Railroad views at Berwyn,Easttown,,
RBE4,"View from railroad bridge, Berwyn",Easttown,,
RBE42,Railroad views at Berwyn,Easttown,,
RBE43,Railroad views at Berwyn,Easttown,,
RBE44,Railroad views at Berwyn,Easttown,,
RBE45,Railroad views at Berwyn,Easttown,,
RBE46,View of tracks from Berwyn Station Bridge looking west,Tredyffrin,,
RBE47,"Lancaster Turnpike and Switch Tower, Berwyn, PA",Easttown,,
RBE48,"Penna. Depot, Berwyn, PA",Easttown,,
RBE49,A view looking east from Berwyn Station Bridge,Easttown,Berwyn,
RBE5,"View from railroad bridge, Berwyn",Tredyffrin,,
RBE50,View of the 8-30 train leaving Berwyn,Easttown,Berwyn,
RBE51,MP-54s approaches WB into Berwyn,Easttown,Berwyn,
RBE6,Berwyn station,Easttown,,
RBE7,Berwyn Station,Tredyffrin,,
RBE8,Berwyn Station,Easttown,,
RBE9,Staff at Berwyn Station,Easttown,person,
RCA1,Cassatt Avenue,Easttown,View,
RCR05,"Red Cross Building, Berwyn",Easttown,Service,
RCR06,"Renovations of the Red Cross Building, Berwyn",Easttown,Service,
RCR07,"Renovations of the Red Cross Building, Berwyn",Easttown,Service,
RCR08,American Red Cross -  Paoli / Wayne Branch,,Service,
RCR1,Red Cross,,Service,
RCR2,Red Cross Building,,Service,
RCR3,"Paoli Red Cross, Berwyn",Easttown,Service,
RDE02,Devon Station Baggage Room,Easttown,,
RDE03,Devon Station,Easttown,,
RDE04,Devon Station,Easttown,,
RDE05,Devon Station,Easttown,,
RDE06,Devon Train Station,Easttown,,
RDE07,Devon Station,Easttown,,
RDE1,Devon Station,Easttown,,
RDE10,Devon Station,Easttown,,
RDE11,Devon Station,Easttown,,
RDE12,Devon Station,Easttown,,
RDE14,Devon Station,Easttown,,
RDE15,Devon Station,Easttown,,
RDE16,"Devon Station, PA",Easttown,,
RDE17,Railroad Crash near Devon Station,Easttown,Devon,
RDS03,"Milestone 27, Lancaster Turnpike",,Road,
RDS04,"Milestone 28, Lancaster Turnpike",,Road,
RDS05,Route 202 looking west from Swedesford Road,,Road,
RDS06,Conestoga Wagon,,Road,
RDS06b,Back of RDS06,,Road,
RDS07,"Valley Forge interchange, Pennsylvania Turnpike. Same as PTP03",,Road,
RDS07b,Back of RDS07,,Road,
RES01,"Account Ledger, Reeseville School",Tredyffrin,,
RF20,Janet Brownlie Robertson Gerow,,person,
RHP01,Robert Holmes Page Tenant House,Tredyffrin,,
RHP02,Robert Holmes Page Tenant House,Tredyffrin,,
RHP03,Robert Holmes Page Tenant House,Tredyffrin,,
RHP04,Robert Holmes Page Tenant House,Tredyffrin,,
RHP05,Robert Holmes Page Tenant House,Tredyffrin,,
RHP06,Robert Holmes Page Tenant House,Tredyffrin,,
RHY01,"Rhydlyn, Berwyn - 1908",Easttown,,
RHY02,"Francis House, Rhydlyn, Berwyn",Easttown,,
RHY03,"Francis House, Rhydlyn, Berwyn",Easttown,,
RHY04,"Francis House, Rhydlyn, Berwyn",Easttown,,
RHY05,"Francis House, Rhydlyn, Berwyn",Easttown,,
RHY06,"Francis House, Rhydlyn, Berwyn",Easttown,,
RHY07,"Francis House, Rhydlyn, Berwyn",Easttown,,
RHY08,"Francis House, Rhydlyn, Berwyn",Easttown,,
RHY09,Rhydlyn,Easttown,,
RHY10,Rhydlyn,Easttown,,
RIH01,Richardson Home,Tredyffrin,Service,
RIH02,Richardson House,Tredyffrin,,
RML10,Devon Station,Easttown,,
RML11,new Daylesford Stattion,Tredyffrin,,
RML15,Paoli Train Station,Tredyffrin,,
RML19,"Silverliner II consist of the Paoli Local arrives in Paoli station, May 13, 1972.",Tredyffrin,,
RML2,Railroad crew in Paoli,Tredyffrin,,
RML20,"MP54 consist of the Paoli Local arrives in Paoli station, May 13, 1972.",Tredyffrin,,
RML21,"MP54 consist of the Paoli Local arrives in Paoli station, May 13, 1972.",Tredyffrin,,
RML22,Strafford Station,Tredyffrin,,
RML23,Strafford Station,Tredyffrin,,
RML24,Strafford Station,Tredyffrin,,
RML25,Penn Central freight,Tredyffrin,,
RML26,Strafford Station,Tredyffrin,,
RML27,Train at Daylesford,Tredyffrin,,
RML28,Daylesford Station,Tredyffrin,,
RML30,Strafford Station,Tredyffrin,,
RML31,Valley Forge Road bridge,Tredyffrin,,
RML32,Potential Site of Eagle Station,Tredyffrin,,
RML33,Potential Site of Eagle Station,Tredyffrin,,
RML35,Penn Central passenger train passes Paoli,Tredyffrin,,
RML36,Passenger train near Paoli,Tredyffrin,,
RML37,Daylesford Station,Tredyffrin,,
RML38,Strafford train station,Tredyffrin,,
RML39,Strafford train station,Tredyffrin,,
RML4,PRR Train,Easttown,,
RML40,"Devault Station, PRR",,Devault,
RML5,Train Crash at Paoli Station,Tredyffrin,,
RML6,Train Crash at Paoli Station,Tredyffrin,,
RML7,Wrecked Engine,Tredyffrin,,
RML8,Paoli Railyard,Tredyffrin,,
RON01,Group at TE High School,Tredyffrin,person,
RON02,Mr. Roney,,person,
ROR08,Roller Rink,,Place,
ROR09,Roller Rink,,Place,
ROR1,Roller Rink,Tredyffrin,,
ROR10,Roller Rink,,Place,
ROR11,Roller Rink,,Place,
ROR12,Roller Rink,,Place,
ROR13,Roller Rink,,Place,
ROR14,Roller Rink,,Place,
ROR15,Roller Rink,,Place,
ROR16,Roller Rink,,Place,
ROR17,Roller Rink,,Place,
ROR18,Roller Rink,,Place,
ROR19,Roller Rink,,Place,
ROR2,Roller Rink,Tredyffrin,,
ROR20,Roller Rink,,Place,
ROR21,Roller Rink,,Place,
ROR3,Roller Rink,Tredyffrin,Place,
ROR4,Roller Rink,Tredyffrin,,
ROR5,Roller Rink,Tredyffrin,,
ROR6,Roller Rink,Tredyffrin,,
ROR7,Roller Rink,Tredyffrin,,
RWG01,R. Wellington Grant House,Tredyffrin,,
RWG02,R. Wellington Grant House,Tredyffrin,,
RWG03,R. Wellington Grant House,Tredyffrin,,
RWL01,Robinson-Welburn Lodge,,building,
SAC03,Salem Church,Tredyffrin,,
SAC04,Salem Church,Tredyffrin,,
SAC05,Salem Church,Tredyffrin,,
SAC06,Salem Church,Tredyffrin,,
SAC07,Salem Church,Tredyffrin,,
SAC08,Salem Church,Tredyffrin,,
SAC09,Salem Church,Tredyffrin,,
SAC1,Salem Church graveyard,Tredyffrin,,
SAC10,Salem Church Parsonage,Tredyffrin,,
SAC11,Salem Church Parsonage,Tredyffrin,,
SAC12,Salem Church Parsonage,Tredyffrin,,
SAC13,Salem Church Parsonage,Tredyffrin,,
SAC14,Salem Church Parsonage,Tredyffrin,,
SAC15,Salem Church Cemetery,Tredyffrin,,
SAC16,Salem Church Cemetery,Tredyffrin,,
SAC17,Salem Church Cemetery,Tredyffrin,,
SAC18,Salem Church,Tredyffrin,,
SAC2,Salem ME Church,Tredyffrin,,
SAL03,"West Building, Salem School, c. early 1990s",Tredyffrin,,
SAL04,Salem School,Tredyffrin,,
SAL05,Salem School,Tredyffrin,,
SAL06,Salem School,Tredyffrin,,
SAL07,Salem School,Tredyffrin,,
SAL08,Salem School,Tredyffrin,,
SAL09,Salem School,Tredyffrin,,
SAL1,"Grades 1, 2, and 3 Salem School, 1940",Tredyffrin,,
SAL10,Salem School,Tredyffrin,,
SAL13,Salem School,Tredyffrin,,
SAL14,Salem School,Tredyffrin,,
SAM02,Unknown Pond Location,,View,
SAM03,Unknown Pond Location,,View,
SAM1,Boating on Unknown Mill Pond,,Place,
SBB05,Second Blue Ball Inn,Tredyffrin,,
SBB06,Second Blue Ball Inn,Tredyffrin,,
SBB07,Second Blue Ball Inn,Tredyffrin,,
SBB08,Second Blue Ball Inn,Tredyffrin,,
SBB09,Second Blue Ball Inn,Tredyffrin,,
SBB1,Blue Ball Inn,Tredyffrin,,
SBB10,Second Blue Ball Tavern,Tredyffrin,,
SBB11,Blue Ball Inn sign,Tredyffrin,,
SBB2,Blue Ball Inn,Tredyffrin,,
SBB3,Second Blue Ball Inn,Tredyffrin,,
SBB4,Second Blue Ball Inn,Tredyffrin,,
SBC01,"Wanda Stanber, hostess, at lunch party",,People,
SBC02,Wanda Stanber(?) lunch party,,People,
SBC03,Wanda Stanber(?) lunch party,,People,
SBC04,Jean Dinwoodie at Wanda Stanber(?) lunch party,,People,
SBC05,Wanda Stanber(?) lunch party,,People,
SBC07,Wanda Stanber(?) lunch party,,People,
SBC08,Wanda Stanber(?) lunch party,,People,
SBC09,Wanda Stanber(?) lunch party,,People,
SBC10,Wanda Stanber in Chandri at lunch party,,People,
SBC11,Wanda Stanber in Chandri at lunch party,,People,
SBC12,Wanda Stanber(?) lunch party,,People,
SCH1,Easttown School,Easttown,,
SCH11,"Conestoga Senior High School, Berwyn",Tredyffrin,,
SCH12,T-E High School Main Entrance,Tredyffrin,,
SCH13,Unknown School Class,,person,
SCH14,Unknown School Class,,person,
SCH16,Unidentified Tredyffrin-Easttown High School Football Team,Tredyffrin,,
SCH2,Tredyffrin-Easttown Joint High School,Tredyffrin,,
SCH20,Berwyn Primary School,Easttown,,
SCH21,Educational Services Center,Easttown,,
SCH22,Class at Easttown Grammar School,Easttown,,
SCH23,Class at Easttown Grammar School,Easttown,,
SCH3,"Easttown School Annex, 1914 - 1932",Easttown,,
SCH5,"Eagle School, 1788 - 1872",Tredyffrin,,
SCH7,"Carr School, 1832 - 1869",Tredyffrin,,
SCP01,Rededication of Stone Chimney Picket plaque,Tredyffrin,Place,
SCP02,Rededication of Stone Chimney Picket plaque,Tredyffrin,Place,
SCP03,Rededication of Stone Chimney Picket plaque,Tredyffrin,Place,
SCP04,Rededication of Stone Chimney Picket plaque,Tredyffrin,Place,
SCT01,Pickering Creek Farm,Schuylkill,,
SCU05,"Schuylkill River, Conshohocken",,Place,
SCU05b,Back of SCU05,,Place,
SCU06,"Schuylkill, Valley Forge",Schuylkill,Place,
SCU06b,Back of SCU06,,Place,
SCU08,Schuylkill River,,View,
SCU09,"Stereoscopic View of Schuylkill and Reading railroad at Valley Forge

Stereocard",,View,
SCU10,"Catfish Island, Schuylkill aerial view",Schuylkill,,
SCU11,Schuylkill and Catfish Island,Schuylkill,,
SCU12,"Whistle Point Marker, VFNHP",Schuylkill,,
SCU13,"Whistle Point Marker, VFNHP",Schuylkill,,
SCU14,"Mile Markers, Schuylkill River",Schuylkill,,
SCU15,"Abutments, Schuylkill River",Schuylkill,,
SCU16,"Abutments, Schuylkill River",Schuylkill,,
SCU17,"Abutments, Schuylkill River",Schuylkill,,
SCU18,"Abutments, Schuylkill River",Schuylkill,,
SCU19,"Creek, Schuylkill River",Schuylkill,,
SCU20,Schuylkill River Embankment,Schuylkill,,
SCU21,"Embankment, Schuylkill River, VFNHP",Schuylkill,,
SCU22,"Embankment, Schuylkill River",Schuylkill,,
SCU23,"Mile Markers, Schuylkill Division, PRR",Schuylkill,,
SCU3,Site of Sullivan's Bridge,,Place,
SCU4,"Site of Sullivan’s Bridge, Valley Forge",,View,
SEI02,License Application for Eagle Hotel,Tredyffrin,,
SES01,Strafford Consolidated School,Tredyffrin,,
SES02,Memorial Boulder at Strafford Elementary School,Tredyffrin,,
SHA01,Hawthorne front view,Easttown,,
SHA02,Unknown Stone Bridge over river,,View,
SHA03,Unknown Body of water and surrounding farm home area,,View,
SHA04,Unknown Waterfall over stone,,View,
SHA05,Unknown Fountain,,View,
SHA06,Unknown Building,,View,
SHA07,Unknown Buildings,,View,
SHA08,Unknown Body of water and bridge,,View,
SHA09,Unknown Body of water and surrounding countryside,,View,
SHA10,Hawthorne Buildings,,View,
SHA11,Hawthorne Barn,Easttown,View,
SHA12,Hawthorne entry drive,Easttown,,
SHA13,Hawthorne front living room,Easttown,,
SHA14,Hawthorne front view,Easttown,,
SHA15,Hawthorne pool,Easttown,,
SHA16,Hawthorne Spring House,Easttown,,
SHA17,Hawthorne stairway,Easttown,,
SHA18,Hawthorne view from house,Easttown,View,
SHA19,"Joseph W. Sharp, Sr.",Easttown,person,
SHA20,Stone Bridge at Hawthorne,Easttown,Place,
SHA21,Twin Oaks at Hawthorne,Easttown,Place,
SHA22,"Hen house, Hawthorne, Leopard Road",Easttown,,
SHA24,"Hawthorne, Leopard Road",Easttown,,
SHA25,Twin Oaks at Hawthorne,Easttown,,
SHA26,Twin Oaks at Hawthorne,Easttown,,
SHF01,"Shank Farm, J. H. Mecke Jr. residence",Tredyffrin,,
SHF02,"Shank Farm, J. H. Mecke Jr. residence",Tredyffrin,,
SHF03,"Shank Farm, J. H. Mecke Jr. residence",Tredyffrin,,
SHF04,"Shank Farm, J. H. Mecke Jr. residence",Tredyffrin,,
SHF05,"Swedesford Road near Shank Farm, J. H. Mecke Jr. residence",Tredyffrin,,
SHF06,"Shank Farm, J. H. Mecke Jr. residence",Tredyffrin,,
SHF07,"Shank Farm, J. H. Mecke Jr. residence",Tredyffrin,,
SHF08,"Shank Farm, J. H. Mecke Jr. residence",Tredyffrin,,
SHF09,"Residence of J. Howard Mecke, Strafford jr.",Tredyffrin,,
SHF10,Stable and paddock at residence of J. Howard Mecke jr.,Tredyffrin,,
SHF11,"J. Howard Mecke jr. house, Strafford",Tredyffrin,,
SHT01,Springhouse Tavern,Easttown,,
SHT02,Springhouse Tavern site,Easttown,,
SHT03,Springhouse Tavern,Easttown,,
SHT04,Springhouse Tavern,Easttown,,
SHT05,Former Springhouse Inn,Easttown,,
SHT06,Former Springhouse Tavern,Easttown,,
SHT07,Springhouse Engineering,Easttown,,
SHT08,Springhouse Inn,Easttown,,
SHT09,Springhouse Tavern,Easttown,,
SIJ01,Site of St. Isaac Joques church,Tredyffrin,,
SIJ02,St. Isaac Joques rectory,Tredyffrin,,
SIJ03,St. Isaac Joques rectory,Tredyffrin,,
SIJ04,St. Isaac Joques rectory,Tredyffrin,,
SIJ05,St. Isaac Joques rectory,Tredyffrin,,
SIJ06,St. Isaac Joques church,Tredyffrin,,
SIJ07,St. Isaac Joques church,Tredyffrin,,
SIJ08,St. Isaac Joques church,Tredyffrin,,
SIJ09,St. Isaac Joques church,Tredyffrin,,
SJM01,St. Joseph Mission Chapel,Tredyffrin,,
SJM02,St. Joseph Mission Chapel,Tredyffrin,,
SJM03,St. Joseph Mission Chapel,Tredyffrin,,
SJM04,St. Joseph Mission Chapel,Tredyffrin,,
SJM05,St. Joseph Mission Chapel,Tredyffrin,,
SJM06,St. Joseph Mission Chapel,Tredyffrin,,
SJM07,St. Joseph Mission Chapel,Tredyffrin,,
SJM08,St. Joseph Mission Chapel,Tredyffrin,,
SJM09,St. Joseph Mission Chapel,Tredyffrin,,
SJM10,St. Joseph Mission Chapel,Tredyffrin,,
SJM11,"Fire at St. Joseph Mission, Cedar Hollow",Tredyffrin,,
SJM12,"Fire at St. Joseph Mission, Cedar Hollow",Tredyffrin,,
SJM13,"Fire at St. Joseph Mission, Cedar Hollow",Tredyffrin,,
SJM14,"Fire at St. Joseph Mission, Cedar Hollow",Tredyffrin,,
SJM15,"Fire at St. Joseph Mission, Cedar Hollow",Tredyffrin,,
SJM16,"Fire at St. Joseph Mission, Cedar Hollow",Tredyffrin,,
SJM17,"Fire at St. Joseph Mission, Cedar Hollow",Tredyffrin,,
SJM18,"Fire at St. Joseph Mission, Cedar Hollow",Tredyffrin,,
SJM19,Ruins of St. Joseph Mission,Tredyffrin,,
SJM20,Ruins of St. Joseph Mission,Tredyffrin,,
SJM21,Ruins of St. Joseph Mission,Tredyffrin,,
SJM22,Ruins of St. Joseph Mission,Tredyffrin,,
SJM23,Dedication of St Josephs Mission,Tredyffrin,,
SJP01,"St. Johns Presbyterian Church, Devon",Easttown,,
SJP02,"St. John’s Presbyterian Church, Devon",Easttown,,
SJP03,"St. Johns Presbyterian Church, Devon",Easttown,,
SJP05,"St. John’s Presbyterian Church, Devon",Easttown,,
SJP06,St. Johns Chapel,Easttown,,
SJP07,St. John’s Presbyterian Church in Devon,Easttown,,
SLC01,"St Luke’s Lutheran Church, Devon ground breaking",Tredyffrin,,
SLC02,"St Lukes, Devon",,Tredyfrin,
SLC03,"St Luke’s Church, Devon",Tredyffrin,,
SLC04,"St Luke’s Parsonage, Devon",Tredyffrin,,
SLC05,"St Luke’s Church, Devon",Tredyffrin,,
SLC06,"St Luke’s Church, Devon",Tredyffrin,,
SLC07,"St Luke’s Church, Devon",Tredyffrin,,
SMB01,"St. Monica’s RC Church, Berwyn",Easttown,,
SMB02,"St. Monica’s Roman Catholic Church, 1906",Easttown,,
SMB03,"Interior of St. Monica’s R.C. Church, 1904",Easttown,,
SMB04,St. Monica’s Convent,Easttown,,
SMB05,St. Monica’s School addition,Easttown,,
SMB06,Addition to St. Monica’s School,Easttown,,
SMB07,St. Monica’s New Convent,Easttown,,
SMB08,St. Monica’s Convent,Easttown,,
SMB09,St. Monica’s Church,Easttown,,
SMB10,St. Monica’s School,Easttown,,
SMB11,Original St. Monica’s School,Easttown,,
SMB12,New St. Monica’s Convent,Easttown,,
SMB13,St. Monica’s Convent,Easttown,,
SMB14,St. Monica’s School,Easttown,,
SMB15,St. Monica’s Church interior,Easttown,,
SMB16,St. Monica’s Parish House before demolition,Easttown,,
SMB17,"Fire at St. Monica’s Church, Berwyn",Easttown,,
SMB18,"Fire at St. Monica’s Church, Berwyn",Tredyffrin,,
SMB19,"Fire at St. Monica’s Church, Berwyn",Easttown,,
SMB20,"Fire at St. Monica’s Church, Berwyn",Easttown,,
SMB21,"Fire at St. Monica’s Church, Berwyn",Easttown,,
SMB22,"Fire at St. Monica’s Church, Berwyn",Easttown,,
SMB23,"Fire at St. Monica’s Church, Berwyn",Easttown,,
SMB24,"Fire at St. Monica’s Church, Berwyn",Easttown,,
SMB25,"Fire at St. Monica’s Church, Berwyn",Easttown,,
SMB26,"Fire at St. Monica’s Church, Berwyn",Easttown,,
SMB27,"Fire at St. Monica’s Church, Berwyn",Easttown,,
SMB28,"Fire at St. Monica’s Church, Berwyn",Easttown,,
SMB29,"Fire at St. Monica’s Church, Berwyn",Easttown,,
SMB30,"Fire at St. Monica’s Church, Berwyn",Easttown,,
SMB31,"Fire at St. Monica’s Church, Berwyn",Easttown,,
SMB32,"Fire at St. Monica’s Church, Berwyn",Easttown,,
SMB33,"Fire at St. Monica’s Church, Berwyn",Easttown,,
SMB34,"Fire at St. Monica’s Church, Berwyn",Easttown,,
SMB35,"Fire at St. Monica’s Church, Berwyn",Easttown,,
SMB36,"Fire at St. Monica’s Church, Berwyn",Easttown,,
SMB37,"Fire at St. Monica’s Church, Berwyn",Easttown,,
SMB38,St. Monica’s Church,Easttown,,
SMB39,"St. Monica’s church, Berwyn",Easttown,,
SMB40,Old Carriage at St. Monica’s Church,Easttown,,
SMB41,St. Monica’s Church,Easttown,,
SMH01,Stauffer - Mattson House,Easttown,,
SMH02,Stauffer - Mattson House,Easttown,,
SMH03,Stauffer - Mattson House,Easttown,,
SMH04,Stauffer - Mattson House being demolished,Easttown,,
SMH05,Stauffer - Mattson House being demolished,Easttown,,
SMH06,Stauffer - Mattson House site after demolition,Easttown,,
SMH07,Site of Stauffer - Mattson House,Easttown,,
SMH08,Site of Stauffer - Mattson House,Easttown,,
SMH09,Store being built on site of Stauffer - Mattson House,Easttown,,
SMH10,Store on site of Stauffer - Mattson House,Easttown,,
SMH11,Store on site of Stauffer - Mattson House,Easttown,,
SMH12,Stauffer - Mattson House,Easttown,,
SMH13,Red Robin store on site of Mattson - Stauffer house,Easttown,,
SMH14,Red Robin store on site of Mattson - Stauffer house,Easttown,,
SPC10,St. Peter's Church interior,Tredyffrin,,
SPC13,St. Peter’s Church,Tredyffrin,,
SPC14,St. Peter’s Church,Tredyffrin,,
SPC15,St. Peter’s Church Education Building,Tredyffrin,,
SPC16,St. Peter’s Church,Tredyffrin,,
SPC17,St. Peter’s Church Education Building,Tredyffrin,,
SPC18,Saint Peter’s Church in the Great Valley,Tredyffrin,,
SPC19,Saint Peter’s Church in the Great Valley,Tredyffrin,,
SPC20,St. Peter’s Church,Tredyffrin,,
SPC8,St. Peter's Church,Tredyffrin,,
SPC9,St. Peter's Church,Tredyffrin,,
SPT01,Sproxton,Easttown,,
SPT02,Sproxton,Easttown,,
SPT03,Sproxton,Easttown,,
SPT04,Sproxton,Easttown,,
SPT05,Sproxton,Easttown,,
SRC01,Sebastian Rink house,Tredyffrin,,
SRC02,Sebastian Rink house,Tredyffrin,,
SRC03,"Sebastian Rink house, home of John K. Ewing",Tredyffrin,,
SRC04,Sebastian Rink house,Tredyffrin,,
SRC05,"Sebastian Rink house, home of John K. Ewing",Tredyffrin,,
SS2,Strafford School,Tredyffrin,,
SS3,Strafford School,Tredyffrin,,
SS4,Strafford School,Tredyffrin,,
SSA01,Strafford Station Apartments,Tredyffrin,,
SSA02,Strafford Station Apartments,Tredyffrin,,
SSA03,Strafford Station Apartments,Tredyffrin,,
SSA04,Strafford Station Apartments,Tredyffrin,,
SSA05,Strafford Station Apartments,Tredyffrin,,
SSA06,Strafford Station Apartments,Tredyffrin,,
SSA07,Strafford Station Apartments,Tredyffrin,,
SSA08,Strafford Station Apartments,Tredyffrin,,
SSA09,Strafford Station Apartments,Tredyffrin,,
SSB01,Surrey Services,Easttown,Service,
SSB02,Surrey Services,Easttown,Service,
SSB03,Surrey Services,Easttown,Service,
SSP08,"Springhouse, Sycamore Springs Farm, Yellow Springs Road",Tredyffrin,,
SSP09,"Springhouse, Sycamore Springs Farm, Yellow Springs Road",Tredyffrin,,
SSP10,"Ruin, Sycamore Springs, Yellow Springs Road",Tredyffrin,,
SSP11,"Sycamore Springs Farm, Yellow Springs Road",Tredyffrin,,
STI09,Stirling's Quarters marker,Tredyffrin,,
STI1,Stirling's Quarters 1905,Tredyffrin,,
STI10,Stirling's Quarters,Tredyffrin,,
STI11,Stirling’s Quarters,Tredyffrin,,
STI12,Stirling’s Quarters,Tredyffrin,,
STI13,Stirlings Quarters,Tredyffrin,,
STI13b,Back of STI13,Tredyffrin,,
STI14,Stirlings Quarter,Tredyffrin,,
STI15,Stirling’s Spring,Tredyffrin,,
STI2,Stirling's Quarters 1905,Tredyffrin,,
STI3,Interior of Stirling’s Quarters,Tredyffrin,,
STI5,Stirling’s Quarters,Tredyffrin,,
STI6,General Stirling's Quarters,Tredyffrin,,
STI7,Stirling's Quarters,Tredyffrin,,
STI8,"Spring House, Stirling's Quarters",Tredyffrin,,
STN01,St Norberts Church,Tredyffrin,,
STN02,St. Norberts Church,Tredyffrin,,
STR04,Site of Devon Square Shopping Center,Tredyffrin,Place,
STR05,New Section of Sugartown Road,,Place,
STR06,Site of Devon Square Shopping Center,Tredyffrin,Place,
STR07,New Section of Sugartown Road,,Place,
STR08,Site of Devon Square Shopping Center,Tredyffrin,,
STR09,Site of Devon Square Shopping Center,Tredyffrin,Place,
STR1,"Strafford Road, Strafford",Tredyffrin,Place,
STR10,Devon Square Shopping Center,Tredyffrin,Place,
STR11,Devon Square Shopping Center,Tredyffrin,Place,
STR12,Devon Square Shopping Center,Tredyffrin,Place,
STR14,Old Eagle School Road,Tredyffrin,Place,
STR15,Old Eagle School Road,Tredyffrin,Place,
STR16,"Corner of Lancaster Avenue and Old Eagle Road, Strafford",Tredyffrin,Place,
STR17,"Corner of Lancaster Avenue and Old Eagle Road, Strafford",Tredyffrin,Place,
STR18,"Corner of Lancaster Avenue and Old Eagle Road, Strafford",Tredyffrin,Place,
STR19,"Corner of Lancaster Avenue and Old Eagle Road, Strafford",Tredyffrin,Place,
STR2,"Devon Square, Strafford  Leasing Plan",Tredyffrin,Place,
STR20,"Corner of Lancaster Avenue and Old Eagle Road, Strafford",Tredyffrin,Place,
STR21,"War Memorial, Strafford",Tredyffrin,,
STR23,Strafford Houses on Lancaster Avenue,Tredyffrin,,
STR24,"Houses on Lancaster Avenue, Strafford",Tredyffrin,,
STR25,Strafford Miniature Golf,Tredyffrin,,
STR26,Washington’s Sentinel Tree,Tredyffrin,,
STR27,Bryn Mawr Homes,Tredyffrin,,
STR28,Cotswold House - plans,Tredyffrin,,
STR29,Cotswold House - rendering,Tredyffrin,,
STR3,"Spread Eagle Village, Strafford",Tredyffrin,Place,
STR30,Devon House - plans 1,Tredyffrin,,
STR31,Devon House - plans 2,Tredyffrin,,
STR32,Early American House - plans,Tredyffrin,,
STR33,Early American House - rendering,Tredyffrin,,
STR34,Early American House 2,Tredyffrin,,
STR35,EnglishCottage - Plans,Tredyffrin,,
STR36,EnglishCottage - Rendering,Tredyffrin,,
STR37,English Manor House,Tredyffrin,,
STR38,English Manor House - rendering,Tredyffrin,,
STR39,Englsih Studio House - plans,Tredyffrin,,
STR40,English Studio House - rendering,Tredyffrin,,
STR41,French Manor House - plans,Tredyffrin,,
STR42,French Manor House - rendering,Tredyffrin,,
STR43,French Villa - plans,Tredyffrin,,
STR44,French Villa - rendering,Tredyffrin,,
STR45,Georgian House - plans,Tredyffrin,,
STR46,Georgian House - rendering,Tredyffrin,,
STR47,Georgian House,Tredyffrin,,
STR48,"Home of Erna & John Schultz, Pugh Road",Tredyffrin,,
STR49,Long Island Colonial House - plans,Tredyffrin,,
STR50,Long Island Colonial House - rendering,Tredyffrin,,
STR51,Maryland Colonial House - plans,Tredyffrin,,
STR52,Maryland Colonial House - rendering,Tredyffrin,,
STR53,Maryland House,Tredyffrin,,
STR54,Myers residence,Tredyffrin,,
STR55,New England Colonial House - Plans,Tredyffrin,,
STR56,New England Colonial House - rendering,Tredyffrin,,
STR57,Overbrook House,Tredyffrin,,
STR58,Penn House #1 - plans 1,Tredyffrin,,
STR59,Penn House #1 - plans 2,Tredyffrin,,
STR60,Pennsylvania Colonial House - plans,Tredyffrin,,
STR61,Pennsylvania Colonial House - rendering,Tredyffrin,,
STR62,Pennsylvania Farmhouse,Tredyffrin,,
STR63,Pennsylvania Farmhouse - rendering,Tredyffrin,,
STR64,Plot Plan,Tredyffrin,,
STR65,Radnor Colonial House - plans,Tredyffrin,,
STR66,Radnor Colonial House - rendering,Tredyffrin,,
STR67,Southern Colonial House - plans,Tredyffrin,,
STR68,Southern Colonial House - rendering,Tredyffrin,,
STR69,Strafford Colonial House - plans,Tredyffrin,,
STR70,Strafford Colonial House - rendering,Tredyffrin,,
STR71,Tudor House - plans,Tredyffrin,,
STR72,Tudor House - rendering,Tredyffrin,,
STR73,Unnamed House 1 - rendering,Tredyffrin,,
STR74,Unnamed House 2,Tredyffrin,,
STR75,Unnamed House 3,Tredyffrin,,
STR76,Unnamed House 4,Tredyffrin,,
STR77,Unnamed House 5,Tredyffrin,,
STR78,Unnamed House 6,Tredyffrin,,
STR79,Unnamed House 7,Tredyffrin,,
STR80,Valley Forge Colonial House - plans,Tredyffrin,,
STR81,Valley Forge Colonial House - rendering,Tredyffrin,,
STR82,Wayne Farmhouse - plans,Tredyffrin,,
STR83,Wayne Farmhouse - rendering,Tredyffrin,,
STR84,Wayne House 2,Tredyffrin,,
STR85,Wayne House 4 - plans,Tredyffrin,,
STR86,West Chester House,Tredyffrin,,
STR87,Wynnewood House,Tredyffrin,,
STR88,Devon Square Shopping Center,Tredyffrin,,
STR89,Devon Square Shopping Center,Tredyffrin,,
STR90,Devon Square Shopping Center,Tredyffrin,,
STR91,Devon Square Shopping Center,Tredyffrin,,
STR92,Old Eagle and Upper Gulph Roads,Tredyffrin,View,
STR93,Old Eagle and Upper Gulph Roads,Tredyffrin,View,
STR94,Old Eagle and Upper Gulph Roads,Tredyffrin,View,
STR95,Strafford demolition,Tredyffrin,,
STR96,Strafford demolition,Tredyffrin,,
STT01,Stage Tavern,Easttown,,
SUF1,Valley Creek at the Supiot Farm,Tredyffrin,,
SUF2,Supiot Farm looking northeast,Tredyffrin,,
SUF3,Supiot Farm looking northwest,Tredyffrin,,
SUF4,Supiot Farm looking south,Tredyffrin,,
SUF5,Supiot Farmhouse,Tredyffrin,,
SUF6,Supiot Farm Watercress Soup Recipe,Tredyffrin,,
SUQ01,General Sullivan's Quarters,Tredyffrin,,
SUQ02,General Sullivan's Quarters,Tredyffrin,,
SUQ03,General Sullivan's Quarters,Tredyffrin,,
SUQ04,Gateway to General Sullivan's Quarters,Tredyffrin,,
SVR01,"South Valley Road, Paoli",Tredyffrin,View,
SVR02,"South Valley Road, Paoli",Tredyffrin,View,
SVR03,"South Valley Road, Paoli",,View,
SVR04,"South Valley Road, Paoli",,View,
SVR05,"South Valley Road, Paoli",,View,
SVR06,"South Valley Road, Paoli",,View,
SVR07,"South Valley Road, Paoli",,View,
SVR08,"South Valley Road, Paoli",,View,
SVR09,"South Valley Road, Paoli",,View,
SVR10,"South Valley Road, Paoli",,View,
SVR11,"South Valley Road, Paoli",,View,
SWE01,"Springhouse, 110 Swedesford Road",Tredyffrin,,
SWE02,"Root Cellar, 110 Swedesford Road",Tredyffrin,,
SWE03,"Building, Swedesford Road",Tredyffrin,,
SWE04,"Limestone Kiln, Swedesford Road",Tredyffrin,,
SWE05,"Northwinds, Swedesford Road",Tredyffrin,View,
SWE06,Swedesford Road house,Tredyffrin,,
SWE07,Swedesford Road house,Tredyffrin,,
SWE08,Swedesford Road house,Tredyffrin,,
SWE09,"Blacksmith Shop, Swedesford Road",Tredyffrin,,
SWE10,Swedesford Road Farm,Tredyffrin,,
SWE14,Junction of Swedesford Road (202) and Old Eagle School Road,Tredyffrin,Road,
SWE15,Junction of Swedesford Road (202) and Old Eagle School Road,Tredyffrin,Road,
SWH01,Jones - Page- Sware house,Tredyffrin,,
SWH02,Jones - Page- Sware house,Tredyffrin,,
SWH03,Jones - Page- Sware house,Tredyffrin,,
SWH04,Jones - Page- Sware house,Tredyffrin,,
SWH05,Jones - Page- Sware house,Tredyffrin,,
SWH06,Jones - Page- Sware house,Tredyffrin,,
SYF01,Sycamore Farm,Easttown,,
SYF02,Sycamore Farm,Easttown,,
TAR05,"Springhouse, Tarleton",Easttown,,
TAR06,Tarleton,Easttown,,
TAR07,Big tree of Tarleton,Easttown,,
TAR08,Tarleton,Easttown,,
TAR09,"Aldyudd, now part of Tarleton School",Easttown,,
TAR10,Tartleton house,Easttown,,
TAR11,Tarleton,Easttown,,
TAR13,Tarleton,Easttown,,
TAR14,Tarleton,Easttown,,
TAR17,Tarleton,Easttown,,
TAR20,Tarleton,Easttown,,
TCC02,"Grounds crew at Tredyffrin Country Club, Paoli",Tredyffrin,,
TCC1,Tredyffrin Country Club,Tredyffrin,View,
TCO05,"Trenton Cut Off Pumping Station, Prissy’s Hollow",Tredyffrin,,
TCO06,"Trenton Cutoff, view from Howellville Road Bridge",Tredyffrin,,
TCO07,"Trenton Cutoff, view from Howellville Road Bridge",Tredyffrin,,
TCO08,"Trenton Cutoff, view from Howellville Road Bridge",Tredyffrin,,
TCO1,Trenton Cut Off,Tredyffrin,,
TCO4,"Berwyn Grade Crossing, Trenton Cutoff Railroad",Tredyffrin,,
TEC01,First History Club Banquet at Windmill Tea Room,Tredyffrin,person,
TEC02,"Placecard, First History Club Banquet at Windmill Tea Room",,person,
TEC03,History Club Banquet,,person,
TEC04,History Club Banquet at Wayside Inn,,person,
TEC05,History Club Picnic,,person,
TEC06,History Club Picnic,,person,
TEC08,History Club Picnic,,person,
TEC09,History Club Banquet,Easttown,person,
TEC10,History Club Banquet,Easttown,person,
TEC11,History Club Banquet,Easttown,person,
TEC12,History Club Banquet,Easttown,person,
TEC13,History Club Banquet,Easttown,person,
TEC14,History Club Meeting,Tredyffrin,Service,
TEC15,History Club Meeting,Tredyffrin,Service,
TEC16,History Club Meeting,Tredyffrin,Service,
TEC17,History Club Meeting,Tredyffrin,Service,
TEC18,"Mildred Kirkner, Grace Winthrope",Tredyffrin,person,
TEC19,Mrs Eleanor Dunwoody and Frances Liggett,Tredyffrin,person,
TEC20,Duportail House,Tredyffrin,,
TEC21,TE History Club 50th Anniversary at Duportail House,Tredyffrin,person,
TEC22,TE History Club 50th Anniversary at Duportail House,Tredyffrin,person,
TEC23,Duportail House,Tredyffrin,,
TEC24,Duportail House,Tredyffrin,,
TEC25,TE History Club 50th Anniversary at Duportail House,Tredyffrin,person,
TEC26,Duportail House,Tredyffrin,,
TEC27,"TE History Club picnic, 1999",Tredyffrin,person,
TEC28,"TE History Club picnic, 1999, Andrews House",Tredyffrin,person,
TEC29,"Seated at table (clockwise): Mary Lamborn, Ed & Helen Hayes, Dorothy Stanley, Mildred Kirkner, Libbie Weaver.

Standing: David Wilson (leaning over), Bill Andrews (hand to face), Skip Eichner (striped shirt)",Tredyffrin,person,
TEC30,"Left to right: Dorothy Stanley, Mildred Kirkner, Libby Weaver, David Wilson",Tredyffrin,person,
TEC31,"Near table (clockwise): Eleanor Chworowsky, Betty Ripka, Barbara Fry, Herb Fry, Joan McCracken, Jim MCCracken",Tredyffrin,person,
TEC32,"Ray and Eva Noll, Mary Lamborn (with back turned)",Tredyffrin,person,
TEC33,"Eichner daughter and grandchild;
Eva and Ray Noll;
Standing middle distance: Skip Eichner (striped shirt), Bill Andrews (dark shirt), Howard Housworth (left, standing erect, light shirt), Jim Huston (right)",Tredyffrin,person,
TEC34,TE History Club 1989 picnic at Goshorn’s house,Tredyffrin,,
TEC35,TE History Club 1989 picnic at Goshorn’s house,Tredyffrin,person,
TEC36,TE History Club 1989 picnic at Goshorn’s house,Tredyffrin,person,
TEC37,TE History Club Banquet at Trinity Presbyterian Church,Easttown,person,
TEC38,TE History Club Banquet at Trinity Presbyterian Church,Easttown,person,
TEC39,TE History Club Banquet at Trinity Presbyterian Church,Easttown,person,
TEC40,Eleanor Dunwoody and Mary Sues(?),Tredyffrin,person,
TEC41,TE History Club 1984 picnic,Tredyffrin,person,
TEC42,Bob Goshorn,Tredyffrin,person,
TEC43,TE History Club 1984 picnic,Tredyffrin,person,
TEH1,Tredyffrin - Easttown High School,Tredyffrin,,
TEH10,Tredyffrin-Easttown High School being demolished,Tredyffrin,,
TEH11,Tredyffrin-Easttown High School being demolished,Tredyffrin,,
TEH12,Tredyffrin-Easttown High School being demolished,Tredyffrin,,
TEH13,Tredyffrin-Easttown High School under construction,Tredyffrin,,
TEH14,Tredyffrin-Easttown High School,Tredyffrin,,
TEH15,Tredyffrin-Easttown High School,Tredyffrin,,
TEH16,Tredyffrin-Easttown High School,Tredyffrin,,
TEH17,1927 Baseball team from Tredyffrin-Easttown High School,Tredyffrin,,
TEH18,"Class Picture, 1927, Tredyffrin-Easttown High School",Tredyffrin,,
TEH19,"Daddy Long Legs Collage, Tredyffrin-Easttown High School",Tredyffrin,,
TEH2,Cast of Daddy Long Legs,,person,
TEH20,"Football Letter-men, 1927, Tredyffrin-Easttown High School",Tredyffrin,,
TEH21,"Football Squad, 1927, Tredyffrin-Easttown High School",Tredyffrin,,
TEH22,"Freshman Class, 1927, Tredyffrin-Easttown High School",Tredyffrin,,
TEH23,"Sports Collage, 1927, Tredyffrin-Easttown High School",Tredyffrin,,
TEH24,"Track Team, 1927, Tredyffrin-Easttown High School",Tredyffrin,,
TEH25,Tredyffrin-Easttown High School,Tredyffrin,person,
TEH26,"T-E High School Class of 1941, 50th reunion",Frazer,,
TEH29,"T-E High School Class of 1941, 15th reunion",West Chester,,
TEH3,"T-E High School Basketball Team, 1920",Tredyffrin,person,
TEH30,Tredyffrin Easttown High School,Tredyffrin,,
TEH31,Conestoga High School about 1960,Tredyffrin,,
TEH32,Tredyffin-Easttown High School,Tredyffrin,,
TEH33,Tredyffrin Easttown High School,Easttown,,
TEH34,"Tredyyfrin Easttown High School Girls Basketball Team, 1920",Tredyffrin,,
TEH35,"TE High School Girls Basketball Team, 1925",Tredyffrin,,
TEH36,TE High School Play,Tredyffrin,,
TEH37,TE High School Play,Tredyffrin,,
TEH38,"TE Girls Basketball Team, 1917",Tredyffrin,,
TEH39,"TE Girls Basketball Team, 1917",Tredyffrin,,
TEH4,Tredyffrin-Easttown High School,Tredyffrin,,
TEH40,TE Junior High School (in back of TE High School),Tredyffrin,,
TEH41,Conestoga High School corner stone,Tredyffrin,,
TEH42,Conestoga High School corner stone,Tredyffrin,,
TEH43,Conestoga High School,Tredyffrin,,
TEH44,Conestoga High School,Tredyffrin,,
TEH45,Conestoga High School,Tredyffrin,,
TEH46,Conestoga High School,Tredyffrin,,
TEH47,Conestoga High School,Tredyffrin,,
TEH48,Conestoga High School,Tredyffrin,,
TEH49,Tredyffrin Easttown High School,Tredyffrin,,
TEH5,Tredyffrin-Easttown High School 1910 Football Team,Tredyffrin,,
TEH50,Tredyffrin Easttown High School,Tredyffrin,,
TEH51,Tredyffrin Easttown High School,Tredyffrin,,
TEH52,"Tredyffrin-Easttown High School Football Team, 1910 -11",Tredyffrin,,
TEH53,"Girls Basketball Team, 1920 - 21, TE High School",Tredyffrin,Sports,
TEH54,"1924 Theatrical Cast Portrait, TE High School",Tredyffrin,,
TEH55,Independence Day Rally at Berwyn,Easttown,Service,
TEH56,Independence Day Rally at Berwyn,Easttown,Service,
TEH57,Independence Day Rally at Berwyn,Easttown,Service,
TEH58,Independence Day Rally at Berwyn,Easttown,Service,
TEH59,Independence Day Rally at Berwyn,Easttown,Service,
TEH6,Tredyffrin-Easttown High School 1912 Football Team,Tredyffrin,,
TEH60,"Program, Independence Day Rally, 7/4/1917",Easttown,Service,
TEH61,"Program, Independence Day Rally, 7/4/1917",Easttown,Service,
TEH62,"Program, Independence Day Rally, 7/4/1917",Easttown,Service,
TEH63,"Program, Independence Day Rally, 7/4/1917",Easttown,Service,
TEH64,"Eastown School, 7th grade, 1900",Easttown,,
TEH65,TE High School children,Easttown,,
TEH66,"May Pole Fete, Easttown Public School",Easttown,,
TEH67,"Pupils, Easttown Public School, Berwyn",Easttown,,
TEH68,"Pupils, Easttown Public School, Berwyn",Easttown,,
TEH7,"Tredyffrin-Easttown High School, class of 1927",Tredyffrin,,
TEH70,Class photo,Easttown,,
TEH78,Berwyn Baseball Club,Easttown,Sports,
TEH79,Berwyn Baseball Club,Easttown,Sports,
TEH8,Tredyffrin-Easttown High School,Tredyffrin,,
TEH80,Berwyn Baseball Club,Easttown,Sports,
TEH81,Berwyn Baseball Club,Easttown,Sports,
TEH82,Berwyn Baseball Club,Easttown,Sports,
TEH83,Tredyffrin Easttown High School,Easttown,,
TEH84,Tredyffrin Easttown High School,Easttown,,
TEH85,Conestoga High School,Tredyffrin,,
TEH86,Conestoga Senior High School Marching Band,Tredyffrin,,
TEH9,Tredyffrin-Easttown High School being demolished,Tredyffrin,,
THE01,Thomas Farm House,Tredyffrin,,
THE02,Thomas Farm House,Tredyffrin,,
THE03,Thomas Farm House,Tredyffrin,,
THE04,Thomas Farm House,Tredyffrin,,
THE69,"6th grade pupils, Easttown",Easttown,,
THH01,New homes at Tory Hollow Farm,Tredyffrin,,
THH02,New homes at Tory Hollow Farm,Tredyffrin,,
THH03,New homes at Tory Hollow Farm,Tredyffrin,,
THH04,Tory Hollow Farm with new addition,Tredyffrin,,
THI01,Tally Ho Inn,Tredyffrin,,
THI01b,Back of THI01,Tredyffrin,,
TJH01,Preparing for the TE Junior High parking lot,Tredyffrin,,
TJH02,Site of TE Junior High addition,Tredyffrin,,
TJH03,Old TE Junior High,Tredyffrin,,
TJH04,New TE Junior High nearing completion,Tredyffrin,,
TJH05,Old TE Junior High,Tredyffrin,,
TJH06,Old TE Junior High,Tredyffrin,,
TJH07,Old TE Junior High,Tredyffrin,,
TJH08,Old TE Junior High,Tredyffrin,,
TJH09,Old TE Junior High,Tredyffrin,,
TJH10,TE Junior High annex,Tredyffrin,,
TJH11,Tredyffrin Easttown School being built,Tredyffrin,,
TJH12,new TE High School building,Tredyffrin,,
TJH13,Tredyffrin Easttown Junior High School addition,Tredyffrin,,
TJH14,Tredyffrin Easttown Junior High School,Tredyffrin,,
TJH15,Tredyffrin Easttown High School,Tredyffrin,,
TJH16,Frame work for new Tredyffrin Easttown Junior High School,Tredyffrin,,
TJH17,Tredyffrin Easttown High School,Tredyffrin,,
TJH18,new Tredyffrin Easttown Junior High School,Tredyffrin,,
TJH19,Tredyffrin Easttown Junior High School parking lot - site of old High School building,Tredyffrin,,
TJH20,Tredyffrin Easttown Junior High School parking lot,Tredyffrin,,
TJH21,Tredyffrin Easttown Junior High School parking lot being prepared,Tredyffrin,,
TJH22,Tredyffrin Easttown Junior High School new parking lot,Tredyffrin,,
TJH23,Tredyffrin Easttown Junior High School new parking lot,Tredyffrin,,
TJH24,Tredyffrin Easttown Junior High School,Tredyffrin,,
TJH25,Tredyffrin Easttown Junior High School parking lot being prepared,Tredyffrin,,
TJH26,Tredyffrin Easttown Junior High School,Tredyffrin,,
TJH27,"Tredyffrin Easttown Junior High School, site of new section",Tredyffrin,,
TJH28,Tredyffrin Easttown Junior High School,Tredyffrin,,
TJH29,Tredyffrin Easttown Junior High School,Tredyffrin,,
TJH30,Tredyffrin Easttown Junior High School,Tredyffrin,,
TJH31,Site of Valley Forge Junior High School,Tredyffrin,,
TJH32,Site of Valley Forge Junior High School,Tredyffrin,,
TJH33,Valley Forge Junior High School,Tredyffrin,,
TJH34,Tredyffrin-Easttown Junior High School,Tredyffrin,,
TOH05,Cornwallis Quarters,Tredyffrin,,
TOH05b,Back of TOH05,Tredyffrin,,
TOH06,Cornwallis’ Quarters,Tredyffrin,,
TOH07,Headquarters of Lord Cornwallis,Tredyffrin,,
TOH1,Tory Hollow,Tredyffrin,,
TOH2,Tory Hollow,Tredyffrin,,
TOH3,Tory Hollow,Tredyffrin,,
TOH4,Tory Hollow,Tredyffrin,,
TPC08,Trinity Presbyterian Church,Easttown,,
TPC1,"Trinity Presbyterian Church, Berwyn",Easttown,,
TPC10,"Site of new educational building, Trinity Church",Easttown,,
TPC11,"Site of new educational building, Trinity Church",Easttown,,
TPC12,"Site of new educational building, Trinity Church",Easttown,,
TPC13,"Trinity Presbyterian Church, Berwyn",Easttown,,
TPC14,"Trinity Presbyterian Church, Berwyn",Easttown,,
TPC15,"Trinity Presbyterian Church & Educational Building, Berwyn",Easttown,,
TPC16,Trinity Presbyterian Church Educational Building,Easttown,,
TPC17,Trinity Presbyterian Church Educational Building,Easttown,,
TPC18,Trinity Presbyterian Church Educational Building,Easttown,,
TPC19,Trinity Presbyterian Church Educational Building,Easttown,,
TPC2,"Trinity Presbyterian Church, Berwyn",Easttown,,
TPC20,Trinity Presbyterian Church Educational Building,Easttown,,
TPC21,Trinity Presbyterian Church,Easttown,,
TPC22,"Interior of Trinity Presbyterian Church, Berwyn",Easttown,,
TPC23,"Interior of Trinity Presbyterian Church, Berwyn",Easttown,,
TPC24,"Trinity Presbyterian Church, Berwyn",Easttown,,
TPC25,"Trinity Presbyterian Church, Berwyn",Easttown,,
TPC26,"Trinity Presbyterian Church, Berwyn",Easttown,,
TPC3,"Trinity Presbyterian Church, Berwyn",Easttown,,
TPC4,"Trinity Presbyterian Church, Berwyn",Easttown,,
TPC5,"Trinity Presbyterian Church of Berwyn, Church and Berwyn Avenues, Summer 1888",Easttown,,
TPC6,"Trinity Presbyterian Church of Berwyn, Winter, 1887-8",Easttown,,
TPC7,"Trinity Presbyterian Church, Berwyn",Easttown,,
TPS01,Tea Party at Stirling's Quarters in honor of Compilers of 'Great Valley Days',Tredyffrin,person,
TPS02,Tea Party at Stirling's Quarters in honor of Compilers of 'Great Valley Days',Tredyffrin,person,
TPS03,Tea Party at Stirling's Quarters in honor of Compilers of 'Great Valley Days',Tredyffrin,person,
TPS04,Tea Party at Stirling's Quarters in honor of Compilers of 'Great Valley Days',Tredyffrin,person,
TPS05,Tea Party at Stirling's Quarters in honor of Compilers of 'Great Valley Days',Tredyffrin,person,
TRE04,View of the Great Valley,Tredyffrin,View,
TRE05,View of the Great Valley,Tredyffrin,View,
TRE06,Tredyffrin Township Display,Tredyffrin,,
TRE07,Tredyffrin Township Display,Tredyffrin,,
TRE08,Tredyffrin Township Display,Tredyffrin,,
TRE09,Tredyffrin Township Display,Tredyffrin,,
TRE1,Tredyffrin Police Cars,Tredyffrin,Services,
TRE10,Tredyffrin Township Display,Tredyffrin,,
TRE11,Tredyffrin township building,Tredyffrin,Place,
TRE12,Tredyffrin township building,Tredyffrin,Place,
TRE14,"Tredyffrin township building, Old Lancaster Road",Tredyffrin,building,
TRE15,"Tredyffrin township building, Old Lancaster Road",Tredyffrin,Place,
TRE16,View of Great Valley from Howellville Road,Tredyffrin,View,
TRE17,View of the Great Valley,Tredyffrin,View,
TRE18,View of the Great Valley,Tredyffrin,View,
TRE19,View of the Great Valley,Tredyffrin,View,
TRE2,"Tredyffrin Township Building, Berwyn",Tredyffrin,Service,
TRE20,View of the Great Valley,Tredyffrin,View,
TRE21,View of the Great Valley,Tredyffrin,View,
TRE22,View of the Great Valley,Tredyffrin,View,
TRE23,Tredyffrin Logo,Tredyffrin,,
TRE24,Tredyffrin Logo,Tredyffrin,,
TRE25,Tredyffrin Logo,Tredyffrin,,
TRE26,Tredyffrin Logo,Tredyffrin,,
TRE28,Tredyffrin Logo,Tredyffrin,,
TRE29,Tredyffrin Logo,Tredyffrin,,
TRE3,Church Road looking south,Tredyffrin,View,
TRE31,Tredyffrin Logo,Tredyffrin,,
TRE33,Tredyffrin Logo,Tredyffrin,,
TRE34,Tredyffrin Logo,Tredyffrin,,
TRE35,Tredyffrin Logo,Tredyffrin,,
TRS01,Sycamore tree by Swedesford Road,Tredyffrin,View,
TRS02,Sycamore tree by Swedesford Road,Tredyffrin,View,
TRS03,Sycamore tree by Swedesford Road,Tredyffrin,View,
TRS04,Sycamore tree by Swedesford Road,Tredyffrin,View,
TRS05,Sycamore tree by Swedesford Road,Tredyffrin,View,
TRS06,Trees on Colonel Dewees Road,Tredyffrin,View,
TRS07,Trees on Colonel Dewees Road,Tredyffrin,View,
TRS08,Trees on Colonel Dewees Road,Tredyffrin,View,
TRS09,"Trees on Crooked Lane, King of Prussia",,View,
TRS10,Double Tree,Easttown,View,
TSH01,Thomas P. Stanton house,Tredyffrin,,
TSH02,Thomas P. Stanton house,Tredyffrin,,
TSH03,Thomas P. Stanton house,Tredyffrin,,
TSH04,Thomas P. Stanton house,Tredyffrin,,
TSH05,Thomas P. Stanton house,Tredyffrin,,
TSH06,Thomas P. Stanton house,Tredyffrin,,
TSH07,Thomas P. Stanton house,Tredyffrin,,
UFG1,Valley Creek at Upper Forge site,Schuylkill,,
UFG10,"Upper Forge, Valley Forge",Schuylkill,Place,
UFG11,"Upper Forge, Valley Forge",Schuylkill,,
UFG12,"Site of Old Forge, Valley Forge, PA",,View,
UFG13,"Upper Forge, Valley Forge",Schuylkill,,
UFG13b,Back of UFG13,Schuylkill,,
UFG14,Upper Forge anvil,Schuylkill,,
UFG15,Upper Forge drive beam,Schuylkill,,
UFG16,Upper Forge mill race,Schuylkill,,
UFG17,Upper Forge overview looking east,Schuylkill,,
UFG18,Upper Forge overview looking west,Schuylkill,,
UFG19,Diagram of Remains of Upper Forge,Schuylkill,,
UFG2,Upper Forge site,Schuylkill,,
UFG20,Upper Forge Shed,Schuylkill,,
UFG21,Upper Forge location,Schuylkill,,
UFG22,Upper Forge Excavation,Schuylkill,,
UFG24,Upper Forge Shed,Schuylkill,,
UFG25,Plan of Upper Forge,Schuylkill,,
UFG26,Upper Forge remains,Schuylkill,,
UFG27,Upper Forge site,Schuylkill,,
UFG28,Upper Forge,Schuylkill,,
UFG29,Upper Forge Walls,Schuylkill,,
UFG3,Upper Forge site,Schuylkill,,
UFG30,Upper Forge Walls,Schuylkill,,
UFG31,Upper Forge Walls,Schuylkill,,
UFG32,Upper Forge Waterwheel,Schuylkill,,
UFG33,Upper Forge Waterwheel,Schuylkill,,donation:0
UFG4,Upper Forge site,Schuylkill,,
UFG5,Upper Forge site,Schuylkill,,
UFG9,"Upper Forge site, Valley Forge",Tredyffrin,,
UMY01,"Outdoor Pool, Upper Mainline YMCA",Easttown,Sports,
UMY02,"Tennis Courts, Upper Mainline YMCA",Easttown,Sports,
UMY03,"Outdoor Pool, Upper Mainline YMCA",Easttown,Sports,
USF01,Upstream Farm,Tredyffrin,,
USF02,Upstream Farm Barn,Tredyffrin,,
USF03,Upstream Farm,Tredyffrin,,
VC01,Valley Creek and Valley Forge Road,,View,
VC02,View from Knox Covered Bridge,,View,
VC03,Valley Creek Road,,Road,
VC04,Valley Creek Road,,Road,
VC05,View from Valley Creek Road,,Road,
VC06,Valley Creek Road,,Road,
VC07,Valley Creek,,Place,
VC08,Valley Creek,,Place,
VC09,Valley Creek from Observation Tower,,View,
VC10,Valley Creek at the Covered Bridge,Tredyffrin,View,
VC11,Valley Creek from Washingtons Headquarters,,View,
VC12,Old Stone Bridge over Valley Creek and the Washington Inn,,View,
VC13,Old Stone Bridge over Valley Creek,,View,
VC14,Valley Creek,Schuylkill,Place,
VC14b,Back of VC14,Schuylkill,Place,donation:0
VC15,Valley Creek Road,Schuylkill,Road,
VC15b,Back of VC15,Schuylkill,Road,
VC16,Valley Creek Road,Tredyffrin,Road,
VC16b,Back of VC16,Tredyffrin,Road,
VC17,Valley Creek,Schuylkill,Place,
VC17b,Back of VC17,Schuylkill,Place,
VC18,"Scree Slope, Valley Creek",Tredyffrin,View,
VC19,Valley Creek and Bridge,Tredyffrin,View,
VC20,Valley Creek,Schuylkill,Place,
VC21,View of Valley Creek from Mount Joy,,View,
VC22,View of Valley Creek,,View,
VC23,Valley Creek,,View,
VC26,Valley Creek at Knox Covered Bridge,Tredyffrin,View,
VC27,View up Valley Creek,Schuylkill,View,
VC28,Phoenixville Road bridge over Valley Creek,Schuylkill,Road,
VC29,Phoenixville Road bridge over Valley Creek,Schuylkill,Road,
VC34,Valley Creek,Tredyffrin,View,
VC35,Valley Creek near Old Forge,Schuylkill,View,
VCB07,Valley Creek Bridge,,View,
VCB6,Bridge over Valley Creek,Schuylkill,Place,
VFD1,Valley Forge Dam,Schuylkill,Place,
VFD11,Site of Old Forge,,View,
VFD12,Valley Forge Dam (c. 1930),,Place,
VFD13,Valley Forge c. 1790 dam,Schuylkill,Place,
VFD14,Valley Creek 1790s Dam,Schuylkill,,
VFD14b,Back of VFD14,Schuylkill,,
VFD15,Valley Creek 1790s Dam,Schuylkill,,
VFD15b,Back of VFD15,Schuylkill,,
VFD16,Valley Creek 1930s Dam,Schuylkill,Place,
VFD16b,Back of VFD16,Schuylkill,Place,
VFD17-5011,"1930s Dam, Valley Creek",Schuylkill,,
VFD17-5454,"Mill Pond, Valley Forge",Schuylkill,,
VFD18,Valley Forge Dam,,View; Schuylkill/U. Merion,
VFD20,Valley Forge Mill Dam,Schuylkill,Place,
VFD20b,Back of VFD20,Schuylkill,Place,
VFD21,Valley Forge Dam,Schuylkill,View,
VFD22,Valley Forge Dam,Schuylkill,View,
VFD8,Valley Forge c. 1790 dam,,Place,
VFD9,"The Dam, Valley Creek",Schuylkill,View,
VFM03,Valley Forge Music Fair,Tredyffrin,,
VFM04,Valley Forge Music Fair,Tredyffrin,,
VFM07,Valley Forge Music Fair,Tredyffrin,,
VFM08,Valley Forge Music Fair,Tredyffrin,,
VFM09,Valley Forge Music Fair,Tredyffrin,,
VFM1,Valley Forge Music Fair,Tredyffrin,,
VFM10,Valley Forge Music Fair,Tredyffrin,,
VFM11,Valley Forge Music Fair,Tredyffrin,,
VFM12,Valley Forge Music Fair,Tredyffrin,,
VFM13,Valley Forge Music Fair,Tredyffrin,,
VFM14,Valley Forge Music Fair,Tredyffrin,,
VFM16,Valley Forge Music Fair,Tredyffrin,,
VFM18,Valley Forge Music Fair,Tredyffrin,,
VFM20,Valley Forge Music Fair,Tredyffrin,,
VFM22,Valley Forge Music Fair,Tredyffrin,,
VFM24,Valley Forge Music Fair,Tredyffrin,,
VFM25,Valley Forge Music Fair,Tredyffrin,,
VFM27,Valley Forge Music Fair,Tredyffrin,,
VFM28,Valley Forge Music Fair,Tredyffrin,,
VFM29,Valley Forge Music Fair,Tredyffrin,,
VFM31,Valley Forge Music Fair,Tredyffrin,,
VFM32,Valley Forge Music Fair,Tredyffrin,,
VFM33,Valley Forge Music Fair,Tredyffrin,,
VFMA01,"Valley Forge Military Academy, Cadets on Dress Parade",Easttown,,
VFP1,Valley Forge Park Inner Line Drive,,View,
VFP10,Valley Creek near Washington Spring,,View,
VFP101,Valley Forge Park Drive (parallel with the entrenchments),,Road,
VFP106,Anthony Wayne Monument,Tredyffrin,,
VFP11,Valley Forge Ruins,,View,
VFP114,Pennsylvania Columns,Tredyffrin,,
VFP118,Anthony Wayne Statue,Tredyffrin,,
VFP119,Dogwoods at Valley Forge,,View,
VFP121,"Fatland Ford, Schuylkill",,Place,
VFP133,Pennsylvania Columns,Tredyffrin,,
VFP134,Anthony Wayne Monument,Tredyffrin,,
VFP140,On the Inner Line Boulevard,,Road,
VFP147,View of Washington’s Headquaters Parking Area,,View,
VFP147b,Back of VFP147,,View,
VFP148,Boulevard along entrenchments at Valley Forge,,Road,
VFP153,Ruins along Valley Creek,Schuylkill,,
VFP155,Schuylkill at Valley Forge,,View,
VFP156,Schuylkill River,,View,
VFP157,View eastwards from Inner Line Drive,,View,
VFP158,Valley Forge Hills,Schuylkill,View,
VFP167,"Color postcard Greetings From Valley Forge, PA; NPS image no. VAFO 62749; VF 64; 7a_H2305",,,donation:208
VFP220,Continental Hospital Hut,,View,
VFP227,Pennsylvania Columns,Tredyffrin,,
VFP228,Valley Forge Village marker,Schuylkill,Valley Forge,
VFP229,Valley Forge Village marker,Schuylkill,Valley Forge,
VFP26,Road to Fatlands Ford,,Place,
VFP28,Waterman's Monument,,Place,
VFP30,Von Steuben Statue,,person,
VFP31,Valley Creek near Washington Spring,,Place,
VFP32,New Jersey Monument,Tredyffrin,Place,
VFP33 (was,Valley Forge National Historical Park Visitor's Center,,Place,
VFP34,Star Redout,,Place,
VFP36,St. Gabriel's Hall,,Service,
VFP38,Star Redoubt,,View,
VFP4,"1930s Dam, Valley Forge National Historical Park",,Place,
VFP41,"Cannon, Valley Forge",,View,
VFP42,"East of Headquarters Lane, Valley Forge, March 15, 1934",,View,
VFP43,"Dogwood, Valley Forge",,View,
VFP44,Valley Forge Park Road,,Road,
VFP50,"Dogwoods, Valley Forge",,View,
VFP51,"Dogwoods, Valley Forge",,View,
VFP52,"Dogwoods, Valley Forge",,View,
VFP53,"Dogwoods, Valley Forge",,View,
VFP54,"Dogwoods, Valley Forge",,View,
VFP55,"Star Redoubt, Valley Forge",,Place,
VFP56,Valley Forge redoubt,,Place,
VFP59,Valley Forge view,,View,
VFP6,Valley Forge PA - Old Barracks (a relict of the revolution),,View; Upper Merion?,
VFP60,Valley Forge view,,View,
VFP61,Schuykill River in flood,,View,
VFP62,Wayne’s Headquarters sign,Tredyffrin,,
VFP63,Wayne’s Headquarters sign,Tredyffrin,,
VFP64,Wayne’s Statue,Tredyffrin,,
VFP65,Valley Forge Park (from present route 252),Tredyffrin,View,
VFP68,"Huntingdon Park, Valley Forge",,View,
VFP69,Valley Forge hills,,View,
VFP72,"Wayne’s Statue, Valley Forge",Tredyffrin,,
VFP73,"Road to Observatory, Valley Forge",,View,
VFP82,Washingtons Headquarter’s area,,View,
VFP82b,Back of VFP82,,View,
VFP84,"State Road, Valley Forge",,Road,
VFP84b,Back of VFP84,,Road,
VFP87,"Washington’s Lane, Valley Forge",,Road,
VFP87b,Back of VFP87,,Road,
VFP89,"Boulevard, Valley Forge",,Road,
VFP89b,Back of VFP89,,Road,
VFP9,Unknown Ruins at Valley Forge,,Place,
VFP90,"Wayne’s Statue, Valley Forge",Tredyffrin,,
VFP90b,Back of VFP90,Tredyffrin,,
VFP95,View of Valley Forge,,View,
VFP95b,Back of VFP95,,View,
VFR04,Valley Friends Meetinghouse,Tredyffrin,,
VFR05,Valley Friends Meetinghouse,Tredyffrin,,
VFR06,View from entrance to Valley Friends Meeting,Tredyffrin,,
VFR07,View from entrance to Valley Friends Meeting,Tredyffrin,,
VFR08,View from entrance to Valley Friends Meeting,Tredyffrin,,
VFR09,Valley Friends Meetinghouse,Tredyffrin,,
VFR10,Valley Friends Meetinghouse,Tredyffrin,,
VFR11,View from entrance to Valley Friends Meeting,Tredyffrin,,
VFR12,View from entrance to Valley Friends Meeting,Tredyffrin,,
VFS02,"New Valley Forge Station, built around 1912",,Place,
VFV1,Valley Forge House,Schuylkill,,
VFV10,Midgley Store,Schuylkill,,
VFV13,J. Rowan’s Store,Schuylkill,,
VFV14,Valley Forge Village 1878 looking east,Schuylkill,View,
VFV16,"Valley Forge Fife and Drum Band outside the POSofA (Patriotic Order of Sons of America) Hall, Mathews Free Library.",Schuylkill,person,
VFV17,"Valley Forge, 1878",,View,
VFV18,"Four Generations of the Rowan family outside the store at Valley Forge on Labor Day, September 2, 1912",Schuylkill,person,
VFV19,"Valley Forge village, looking west",,Place,
VFV2,"Town of Valley Forge, PA Washington’s Headquarters",,View,
VFV21,Valley Forge,,Place,
VFV22,"Valley Forge Village, looking from the east",,Place,
VFV23,Outside Washingtons Headquarters,,View,
VFV24,Imported Forge,Schuylkill,View,
VFV25,Imported Forge,Schuylkill,View,
VFV26,Interior Imported Forge,Schuylkill,View,
VFV27,Valley Forge Village,Schuylkill,View,
VFV29,Imported Forge,Schuylkill,,
VFV30,State Road crossing Valley Creek,Schuylkill,Road,
VFV7,Francis M. Bean house,Schuylkill,,
VFV9,Jerome Shea House,Schuylkill,,
VLC01,Van Leer Log Cabin,Tredyffrin,,
VLC02,Conrad Wilson & Students,Tredyffrin,,
VLC03,"T-E High School American Heritage Class, 1960 - 61",Tredyffrin,,
VLC04,Van Leer Log Cabin,Tredyffrin,,
VLC05,Van Leer Log Cabin,Tredyffrin,,
VLC06,Van Leer Log Cabin,Tredyffrin,,
VLC07,Van Leer Log Cabin,Tredyffrin,,
VLC08,Van Leer Cabin,Tredyffrin,,
WAB03,"Waterloo Avenue, Berwyn; photo labelled Waterloo ""Road,""",Easttown,,
WAB04,Waterloo Avenue,Easttown,Road,
WAB05,"Waterloo Avenue, Berwyn",Easttown,View,
WAB06,"Waterloo Avenue, Berwyn",Easttown,View,
WAB07,"Stables at Waterloo Avenue, Berwyn",Easttown,,
WAB08,"Waterloo Avenue, Berwyn",Easttown,Road,
WAB09,"Waterloo Avenue, Berwyn",Easttown,Road,
WAB1,"Waterloo Avenue, Berwyn",Easttown,Place,
WAB10,Waterloo Avenue,Easttown,Road,
WAB2,"Waterloo Ave., south from Berwyn Ave",Easttown,Road,
WAC01,"West Acres, Sugartown Road",Easttown,,
WAF01,Lewis Walker monument,,Place,
WAF02,Lewis Walker monument,,Place,
WAH01,"Building, 1060 Waterloo Road",Easttown,,
WAH04,Waterloo House,Easttown,,
WAM04,Waterloo Mills,Easttown,,
WAM05,Waterloo Mills,Easttown,,
WAM06,Waterloo Mills,Easttown,,
WAM07,Waterloo Mills,Easttown,,
WAM08,Waterloo Mills,Easttown,,
WAM09,Waterloo Mills,Easttown,,
WAM10,Waterloo Mills,Easttown,,
WAM11,Waterloo Mills,Easttown,,
WAM12,"Blacksmith Shop, Waterloo Mills",Easttown,,
WAM13,"Blacksmith Shop, Waterloo Mills",Easttown,,
WAM14,"Nuzum House, Waterloo Mills",Easttown,,
WAM15,Darby Creek at Waterloo Mills,Easttown,View,
WAM15b,Back of WAM15,Easttown,View,
WAR1,Warner Quarry workers,Tredyffrin,,
WAR10,"Steam Shovel, Warner Quarry",Tredyffrin,,
WAR2,Warner Quarry workers,Tredyffrin,person,
WAR3,Warner Quarry workers,Tredyffrin,person,
WAR4,Warner Quarry,Tredyffrin,,
WAR5,Warner Quarry workers,Tredyffrin,person,
WAR6,Warner Quarry,Tredyffrin,,
WAR7,Warner's Cedar Hollow Plant,Tredyffrin,,
WAR8,Cedar Hollow Kilns,Tredyffrin,,
WAY06,"Springhouse, Waynesborough",Easttown,,
WAY07,Waynesborough,Easttown,,
WAY08,Waynesborough,Easttown,,
WAY09,Waynesborough,Easttown,,
WAY1,Waynesborough,Easttown,,
WAY10,Waynesborough,Easttown,,
WAY11,Waynesborough,Easttown,,
WAY12,Waynesborough,Easttown,,
WAY13,Waynesborough,Easttown,,
WAY13b,Back of WAY13,Easttown,,
WAY14,Waynesborough,Easttown,,
WAY15,Waynesborough,Easttown,,
WAY16,Waynesborough Barn,Easttown,,
WAY17,Waynesborough,Easttown,,
WAY18,Waynesborough,Easttown,,
WAY19,Waynesborough,Easttown,,
WAY2,Waynesborough,Easttown,,
WAY20,Waynesborough,Easttown,,
WAY21,Waynesborough,Easttown,,
WAY22,Waynesborough,Easttown,,
WAY23,Waynesborough,Easttown,,
WAY24,Waynesborough,Easttown,,
WAY26,Waynesborough,Easttown,,
WAY27,Waynesborough,Easttown,,
WAY3,Waynesborough,Easttown,,
WAY30,Waynesborough,Easttown,,
WAY4,Waynesborough,Easttown,,
WAY5,Waynesborough,Easttown,,
WBH01,Walter Borig House,Tredyffrin,,
WBH02,Walter Borig House,Tredyffrin,,
WBH03,Walter Borig House,Tredyffrin,,
WBH04,Walter Borig House,Tredyffrin,,
WBH05,Walter Borig House,Tredyffrin,,
WBS01,William Burns House,Easttown,,
WCF03,William Coates farm,Easttown,,
WCF1,Horse on William M. Coates farm,Easttown,,
WCF2,William M. Coates Farm,Easttown,,
WCH01,Wilson-Cox House,Tredyffrin,,
WCH02,Wilson-Cox House,Tredyffrin,,
WCH03,Wilson-Cox House,Tredyffrin,,
WCH04,Wilson-Cox House,Tredyffrin,,
WCH05,Wilson-Cox House,Tredyffrin,,
WCH06,Wilson-Cox House,Tredyffrin,,
WCH07,Wilson-Cox House,Tredyffrin,,
WCH08,Wilson-Cox House,Tredyffrin,,
WCH09,Wilson-Cox House,Tredyffrin,,
WCU1,Margaret Currie,,person,
WFC01,"Wilson Farm, Chesterbrook",Tredyffrin,,
WFC02,"Wilson Farm, Chesterbrook",Tredyffrin,,
WFC03,"Wilson Farm, Chesterbrook",Tredyffrin,,
WFC04,"Wilson Farm, Chesterbrook",Tredyffrin,,
WFC05,"Wilson Farm, Chesterbrook barns",Tredyffrin,,
WFC06,"Wilson Farm, Chesterbrook barns",Tredyffrin,,
WFC07,"Wilson Farm, Chesterbrook barn",Tredyffrin,,
WFC08,"Wilson Farm, Chesterbrook barns",Tredyffrin,,
WFC09,"Wilson Farm, Chesterbrook dairy barn",Tredyffrin,,
WFC10,"Wilson Farm, Chesterbrook - sheep in driveway",Tredyffrin,,
WFC11,"Wilson Farm, Chesterbrook aerial photo",Tredyffrin,,
WFC14,"Wilson Farm, Chesterbrook - free range chickens",Tredyffrin,,
WFC15,"Wilson Farm, Chesterbrook Hay Moving",Tredyffrin,,
WFC16,"Wilson Farm, Chesterbrook horse wagon",Tredyffrin,,
WFC17,"Wilson Farm, Chesterbrook front of main house",Tredyffrin,,
WFC18,"Wilson Farm, Chesterbrook main house",Tredyffrin,,
WFC19,"Wilson Farm, Chesterbrook southeast corner",Tredyffrin,,
WFH01,Wilson Farmhouse,Tredyffrin,,
WFH02,Wilson House,Tredyffrin,,
WHE01,Wharton Esherick Studio,Tredyffrin,,
WHQ27,Washington's Headquarters,,Place,
WHQ28,"Chimney repair, Washington’s Headquarters, December 7th, 1934",,Place,
WHQ29,"Elm Tree at Washington’s Headquarters, March 27, 1934",,Place,
WHQ31,"Washington's Headquarters, Valley Forge",,Place,
WHQ32,Washington’s Headquarters,,Place,
WHQ72,Washington’s Headquarters,Easttown,,
WIF01,Della Williams,,person,
WIF02,Joseph Williams,,person,
WIF03,Grandfather Williams and Uncle Joe Williams at Williams farm in the Great Valley,,person,
WIF04,Grandfather Williams and Uncle Joe Williams at Williams farm,,person,
WIF05,Della H. Williams,,person,
WIF06,Della Williams in Atlantic City,,person,
WIF07,Della Williams,,person,
WIF08,Della & Joe Williams,,person,
WIF09,Della & Jennie Williams,,person,
WIF10,Jennie Williams about 32 years old,,person,
WIF11,"John Alexander Williams of Berwyn, about 30 years old",,person,
WIL01,Eliza Siter Wilson,Tredyffrin,person,
WIL02,David Wilson,Tredyffrin,person,
WIL03,Emma Jane Wilson,Tredyffrin,person,
WIL04,Winfield Scott Wilson,Tredyffrin,person,
WIL05,"David Wilson, 1860 - 1925",,person,
WIL06,"William West Wilson, 1884 - 1976",,person,
WIL07,William West & Marie Wilson,Tredyffrin,person,
WIL08,William West Wilson,Tredyffrin,person,
WOA01,"Woodside Avenue, Berwyn",Easttown,View,
WOA02,"Woodside Avenue, Berwyn",Easttown,View,
WOH01,Workizer's House,Tredyffrin,,
WPF01,Wheeler Page Farm,Tredyffrin,,
WPF02,Wheeler Page Farm,Tredyffrin,,
WPF03,Wheeler Page Farm,Tredyffrin,,
WPF04,Wheeler Page Farm,Tredyffrin,,
WPF05,Wheeler Page Farm,Tredyffrin,,
WPF06,Wheeler Page Farm,Tredyffrin,,
WPF07,Wheeler Page Farm,Tredyffrin,,
WPF08,Wheeler Page Farm,Tredyffrin,,
WPF09,Wheeler Page Farm,Tredyffrin,,
WPF10,Wheeler Page Farm,Tredyffrin,,
WPF11,Wheeler Page Farm,Tredyffrin,,
WPF12,Wheeler Page Farm,Tredyffrin,,
WPF13,Wheeler Page Farm,Tredyffrin,,
WPF14,Wheeler Page Farm,Tredyffrin,,
WPF15,Wheeler Page Farm,Tredyffrin,,
WPF16,Wheeler Page Farm,Tredyffrin,,
WPF17,Wheeler Page Farm,Tredyffrin,,
WRB01,Wilson Road Bridge over unnamed tributary of Valley Creek,Tredyffrin,Bridge,
WRB02,Wilson Road Bridge over unnamed tributary of Valley Creek,Tredyffrin,,
WRB03,Wilson Road Bridge over unnamed tributary of Valley Creek,Tredyffrin,Bridge,
WRB04,Wilson Road Bridge over unnamed tributary of Valley Creek,Tredyffrin,Bridge,
WRB05,Wilson Road Bridge over unnamed tributary of Valley Creek,Tredyffrin,Bridge,
WRD05,Waterloo Road,Easttown,Place,
WRD09,"Waterloo Road, Devon",Easttown,Road,
WRD1,"Waterloo Road at Arlington Road (now Lancaster Avenue), Devon",Easttown,View,
WRD10,"Waterloo Road, Devon",Tredyffrin,Road,
WRD11,"Waterloo Road, Devon",Easttown,View,
WRD12,"Waterloo Road and Railroad Bridge, Devon, PA",Easttown,Road,
WRD2,North Waterloo Road looking south towards Devon Station,Easttown,View,
WRD3,"Waterloo Road, Devon",Easttown,View,
WRD4,"Waterloo Road, Devon",Easttown,View,
WRF01,Wreth-Forcini House,Tredyffrin,,
WRF02,Wreth-Forcini House,Tredyffrin,,
WRF03,Wreth-Forcini House,Tredyffrin,,
WRF04,Wreth-Forcini House,Tredyffrin,,
WRF05,Wreth-Forcini House,Tredyffrin,,
WRF06,Wreth-Forcini House,Tredyffrin,,
WSH1,"Walker School, 1863 - 1923",Tredyffrin,,
WSH10,Walker Schoolhouse,Tredyffrin,,
WSH11,Walker Schoolhouse,Tredyffrin,,
WSH12,Walker Schoolhouse,Tredyffrin,,
WSH13,Location of Walker Schoolhouse,Tredyffrin,,
WSH14,Walker Schoolhouse,Tredyffrin,,
WSH16,View from Walker Schoolhouse,Tredyffrin,,
WSH17,Walker Schoolhouse,Tredyffrin,,
WSH18,Walker Schoolhouse,Tredyffrin,,
WSH19,Walker Schoolhouse,Tredyffrin,,
WSH2,Walker Schoolhouse,Tredyffrin,,
WSH20,Walker Schoolhouse,Tredyffrin,,
WSH21,Walker Schoolhouse,Tredyffrin,,
WSH22,Walker Schoolhouse,Tredyffrin,,
WSH23,Walker Schoolhouse,Tredyffrin,,
WSH24,Walker Schoolhouse,Tredyffrin,,
WSH26,Fields near Walker Schoolhouse,Tredyffrin,,
WSH27,Fields near Walker Schoolhouse,Tredyffrin,,
WSH3,Walker Schoolhouse,Tredyffrin,,
WSH4,Walker Schoolhouse,Tredyffrin,,
WSH5,Walker Schoolhouse,Tredyffrin,,
WSH6,Walker Schoolhouse,Tredyffrin,,
WSH7,Walker Schoolhouse,Tredyffrin,,
WSH8,Walker Schoolhouse,Tredyffrin,,
WSH9,Walker Schoolhouse,Tredyffrin,,
WSP01,Washington’s Spring,,Place,
WSP02,Washington’s Spring,,Place,
WSP03,Washington’s Spring,,Place,
WSP03b,Back of WSP03,,Place,
WSP04,Washington’s Spring,,Place,
WSP04b,Back of WSP04,,Place,
WSP06,Washington’s Spring,,View,
WSP07,Washington’s Spring,,View,
WSP09,Washingtons Spring,,Place,
WSP11,Washingtons Spring,,Place,
WSP12,Washington Spring,,View,
WYF01,General Wayne’s Memorial,,person,
WYI04,Wynburne Inn,Easttown,,
WYI05,Wynburne Inn,Easttown,,
WYI07,"Wynburne, Old Lancaster Road",Easttown,,
WYI09,Wynburne Inn,Easttown,,
WYI1,"Wynburne Inn, Devon",Easttown,,
WYI10,Wynburne Inn after fire,Easttown,,
WYI11,Wynburne Inn,Tredyffrin,,
WYI12,Lincoln Inn,Easttown,,
WYI12b,Back of WYI12,Easttown,,
WYI2,"Wynburne Inn, Devon",Easttown,,
WYI3,Wynburne Inn,Tredyffrin,,
WYI6,Wynburne Inn,Tredyffrin,,
WYS01,Wayne Schoolhouse,Easttown,,
YOF1,Yohn Farmhouse,Tredyffrin,,
YOF10,Yohn Farm,Tredyffrin,,
YOF11,Yohn Farm,Tredyffrin,,
YOF12,Yohn Farm,Tredyffrin,,
YOF13,Yohn Farm,Tredyffrin,,
YOF14,Yohn Farm,Tredyffrin,,
YOF15,Yohn Farm,Tredyffrin,,
YOF16,Yohn Farm,Tredyffrin,,
YOF17,Yohn Farm,Tredyffrin,,
YOF18,Yohn Farm,Tredyffrin,,
YOF19,Yohn Farm,Tredyffrin,,
YOF2,Yohn Farmhouse,Tredyffrin,,
YOF20,"Route 252, New Centerville",Tredyffrin,View,
YOF21,Swedesford Road,Tredyffrin,View,
YOF22,Valley Forge Music Fair,Tredyffrin,View,
YOF23,Yohn Farm,Tredyffrin,View,
YOF24,Swedesford Road,Tredyffrin,View,
YOF25,Yohn Farm,Tredyffrin,View,
YOF26,Yohn Farm,Tredyffrin,View,
YOF27,Yohn Farm,Tredyffrin,View,
YOF28,Yohn Farm,Tredyffrin,,
YOF29,Yohn Farm,Tredyffrin,,
YOF3,Yohn Farmhouse,Tredyffrin,,
YOF30,Tallyho Motel,Tredyffrin,,
YOF31,New American Pamcor Building,Tredyffrin,,
YOF32,Construction of route 202,Tredyffrin,View,
YOF33,Construction of route 202,Tredyffrin,View,
YOF34,Construction of route 202,Tredyffrin,View,
YOF35,Construction of route 202,Tredyffrin,View,
YOF36,Construction of route 202,Tredyffrin,View,
YOF37,Construction of route 202,Tredyffrin,View,
YOF38,Construction of route 202,Tredyffrin,View,
YOF39,Construction of route 202,Tredyffrin,View,
YOF4,Yohn Farmhouse,Tredyffrin,,
YOF40,Construction of route 202,Tredyffrin,View,
YOF41,Construction of route 202,Tredyffrin,View,
YOF42,Construction of route 202,Tredyffrin,View,
YOF43,Construction of route 202,Tredyffrin,View,
YOF44,Construction of route 202,Tredyffrin,View,
YOF45,Construction of route 202,Tredyffrin,View,
YOF46,Construction of route 202,Tredyffrin,View,
YOF47,Construction of route 202,Tredyffrin,View,
YOF48,Construction of route 202,Tredyffrin,View,
YOF49,Construction of route 202,Tredyffrin,View,
YOF5,Yohn Farm,Tredyffrin,,
YOF50,Construction of route 202,Tredyffrin,View,
YOF51,Construction of route 202,Tredyffrin,View,
YOF6,Yohn Farm,Tredyffrin,,
YOF7,Yohn Farm,Tredyffrin,,
YOF8,Yohn Farm,Tredyffrin,,
YOF9,Yohn Farm,Tredyffrin,,
YSP01,"Iron Spring Gazebo, Yellow Springs Village",,Place,
YSP02,19th Century view of Yellow Springs Village,,Place,
YSP03,"Crystal Diamond Spring, Yellow Springs Village",,Place,
YSP05,18th Century Medicinal Herb Garden,,Place,
YSR01,New Road off Yellow Springs Road,Tredyffrin,Road,
