clipId,title,csvType,schemaType,action,sanityId,mappedKeywords,unmappedKeywords
DRH6,Conestoga Road House,Photo,historicalImage,patched,WOdasKzWYNoImJ3aDF6hew,Tredyffrin; House; donation:9,
DRH7,Conestoga Road House,Photo,historicalImage,patched,WOdasKzWYNoImJ3aDF6hsC,Tredyffrin; House; donation:9,
DRH8,Conestoga Road House,Photo,historicalImage,patched,sbP4gqSkGjehGl77iAHuTQ,Tredyffrin; House; donation:9,
EPH1,"Edith Parker's House, Howellville",Photo,historicalImage,patched,boIVl02DH7EDt0T3jKsQjW,Tredyffrin; House; donation:9,
EPH2,"Edith Parker's House, Howellville",Photo,historicalImage,patched,WOdasKzWYNoImJ3aDF6l54,Tredyffrin; House; donation:9,
EPH3,"Edith Parker's House, Howellville",Photo,historicalImage,patched,sbP4gqSkGjehGl77iAHvNY,Tredyffrin; House; donation:9,
HOU40,View from 759 Conestoga Road,Photo,historicalImage,patched,WOdasKzWYNoImJ3aDF6tzU,Tredyffrin; donation:9,View
EPH4,"Edith Parker's House, Howellville",Photo,historicalImage,patched,WOdasKzWYNoImJ3aDF6qmc,Tredyffrin; House; donation:9,
EPH5,"Edith Parker's House, Howellville",Photo,historicalImage,patched,sbP4gqSkGjehGl77iAHvCK,Tredyffrin; House; donation:9,
MLA3,Main Line Apartments,Photo,historicalImage,patched,WOdasKzWYNoImJ3aDF6uUQ,Tredyffrin; House; donation:9,
MLA2,Main Line Apartments,Photo,historicalImage,patched,sbP4gqSkGjehGl77iAHvvE,Easttown; House; donation:9,
MLA1,Main Line Apartments,Photo,historicalImage,patched,boIVl02DH7EDt0T3jKsXeY,Easttown; House; donation:9,
MLA5,Main Line Apartments,Photo,historicalImage,patched,WOdasKzWYNoImJ3aDF6vPs,Tredyffrin; House; donation:9,
MLA4,Main Line Apartments,Photo,historicalImage,patched,boIVl02DH7EDt0T3jKsYkI,Tredyffrin; House; donation:9,
MLA6,Main Line Apartments,Photo,historicalImage,patched,WOdasKzWYNoImJ3aDF6wz6,Tredyffrin; House; donation:9,
MLA8,Main Line Apartments,Photo,historicalImage,patched,boIVl02DH7EDt0T3jKsZwo,Tredyffrin; House; donation:9,
MLA7,Main Line Apartments,Photo,historicalImage,patched,WOdasKzWYNoImJ3aDF6yck,Tredyffrin; House; donation:9,
VAQ3,Varnum’s Quarters,Photo,historicalImage,patched,boIVl02DH7EDt0T3jKsaNu,Upper Merion; House,
SAC2,Salem ME Church,Photo,historicalImage,patched,boIVl02DH7EDt0T3jKsbMs,Tredyffrin; Church,
BE61,"Warren Avenue, Berwyn",Photo,historicalImage,patched,sbP4gqSkGjehGl77iAI0QT,Easttown,View
BE62,"Warren Avenue, Berwyn",Photo,historicalImage,patched,sbP4gqSkGjehGl77iAI0aI,Easttown,View
BE63,"Twin Oaks, Berwyn",Photo,historicalImage,patched,boIVl02DH7EDt0T3jKseAk,Easttown,View
DEV4,"Crow's Nest, Conestoga Road, Devon",Photo,historicalImage,patched,boIVl02DH7EDt0T3jKscX8,Easttown,View
BUS9,"Gallagher's Shoe Store, Berwyn",Photo,historicalImage,patched,boIVl02DH7EDt0T3jKsc1W,Easttown,
ETS02,Easttown School,Photo,historicalImage,patched,boIVl02DH7EDt0T3jKsere,Easttown; School,
ETS01,Easttown School,Photo,historicalImage,patched,sbP4gqSkGjehGl77iAI1T1,Easttown; School,
CVR11,"State Road Grade Crossing, Chester Valley Railroad",Photo,historicalImage,patched,WOdasKzWYNoImJ3aDF79SU,Tredyffrin; Railroad,
TCO4,"Berwyn Grade Crossing, Trenton Cutoff Railroad",Photo,historicalImage,patched,WOdasKzWYNoImJ3aDF79Ao,Tredyffrin; Railroad,
FRL1,Fritz Lumber,Photo,historicalImage,patched,WOdasKzWYNoImJ3aDF7CNg,Easttown; Business,
FRL2,Fritz Lumber,Photo,historicalImage,patched,boIVl02DH7EDt0T3jKsjPu,Easttown; Business,
NLC3,Neilly Log Cabin,Photo,historicalImage,patched,boIVl02DH7EDt0T3jKslWs,Tredyffrin; House,
HOU41,Unknown House,Photo,historicalImage,patched,WOdasKzWYNoImJ3aDF7NZW,House,
FRL3,Fritz Lumber,Photo,historicalImage,patched,WOdasKzWYNoImJ3aDF7CfM,Easttown; Business,
RR01,West Chester pike at Highland Park,Postcard,historicalImage,patched,WOdasKzWYNoImJ3aDF7Or4,Transportation,
PEO28,"James J. Nugent, Tredyffrin Township",Photo,historicalImage,patched,boIVl02DH7EDt0T3jKslmg,,Person
RDS02,Chevy,Photo,historicalImage,patched,boIVl02DH7EDt0T3jKsmh8,Transportation,
WHQ18,"Reception Room, Washington's Headquarters",Postcard,historicalImage,patched,boIVl02DH7EDt0T3jKsox8,Upper Merion; House,
WHQ16,Washington's Headquarters,Postcard,historicalImage,patched,sbP4gqSkGjehGl77iAI3tA,Upper Merion; House,
WHQ17,Washington's Headquarters,Postcard,historicalImage,patched,sbP4gqSkGjehGl77iAI41a,Upper Merion; House,
WHQ22,"Attic Room, Washington's Headquarters",Postcard,historicalImage,patched,sbP4gqSkGjehGl77iAI4c4,Upper Merion; House,
WHQ21,Washington's Headquarters,Postcard,historicalImage,patched,boIVl02DH7EDt0T3jKspHS,Upper Merion; House,
WHQ19,"Office Room, Washington's Headquarters",Postcard,historicalImage,patched,boIVl02DH7EDt0T3jKsp6A,Upper Merion; House,
WHQ20,"Office Room, Washington's Headquarters",Postcard,historicalImage,patched,WOdasKzWYNoImJ3aDF7bTI,Upper Merion; House,
BUS10,"Garber's Store, Berwyn",Photo,historicalImage,patched,boIVl02DH7EDt0T3jKsxz8,Easttown; Business; donation:9,
GWI3,General Warren Tavern,Photo,historicalImage,patched,boIVl02DH7EDt0T3jKspXG,Willistown; Inn; donation:9,
PAS6,Paoli High School,Postcard,historicalImage,patched,boIVl02DH7EDt0T3jKsz4s,Tredyffrin; School; donation:9,
RBE8,Berwyn Station,Postcard,historicalImage,patched,boIVl02DH7EDt0T3jKsyJS,Easttown; Railroad; donation:9,
FM4,Greenwood Farm,Note card,historicalImage,patched,boIVl02DH7EDt0T3jKt3Rq,Tredyffrin; Farm; donation:9,
BE64,"Downed tree outside 65 Conestoga Road, Berwyn",Photo,historicalImage,patched,boIVl02DH7EDt0T3jKt5oc,Tredyffrin; donation:9,View
TEH16,Tredyffrin-Easttown High School,Postcard,historicalImage,patched,sbP4gqSkGjehGl77iAIEBd,Tredyffrin; School; donation:9,
IT10,The Eagle,Photo,historicalImage,patched,WOdasKzWYNoImJ3aDF8iku,Inn; donation:9,
IT12,Black Horse Tavern,,historicalImage,patched,boIVl02DH7EDt0T3jKtDM2,Inn; donation:9,
IT15,General Wayne Tavern,Photo,historicalImage,patched,WOdasKzWYNoImJ3aDF8Wi2,Inn; donation:9,
IT11,General Wayne Tavern,Photo,historicalImage,patched,WOdasKzWYNoImJ3aDF8jFq,Inn; donation:9,
GWI6,General Warren Tavern,Photo,historicalImage,patched,sbP4gqSkGjehGl77iAIRQW,Inn; donation:9,
IT13,General Greene Tavern,Photo,historicalImage,patched,sbP4gqSkGjehGl77iAIR44,Inn; donation:9,
GWI5,General Warren Tavern,Photo,historicalImage,patched,boIVl02DH7EDt0T3jKtFgY,Willistown; Inn; donation:9,
LAS2,Assistants at the Latshaw School,Photo,historicalImage,patched,sbP4gqSkGjehGl77iAIUBi,,Person
LAS1,Allen Latshaw,Photo,historicalImage,patched,WOdasKzWYNoImJ3aDF9GOq,,Person
LAS3,Bedroom at the Latshaw School,Photo,historicalImage,patched,WOdasKzWYNoImJ3aDF9GyC,Easttown; School,
LAS5,Entrance to the Latshaw School,Photo,historicalImage,patched,sbP4gqSkGjehGl77iAIbln,Easttown; School,
LAS6,Library at Latshaw School,Photo,historicalImage,patched,WOdasKzWYNoImJ3aDF9VE4,Easttown; School,
LAS4,Bedroom at the Latshaw School,Photo,historicalImage,patched,WOdasKzWYNoImJ3aDF9LSc,Easttown; School,
LAS7,Lunch Room at Latshaw School,Photo,historicalImage,patched,sbP4gqSkGjehGl77iAIh8M,Easttown; School,
LAS8,Main Dining Room at Latshaw School,Photo,historicalImage,patched,boIVl02DH7EDt0T3jKtcC2,Easttown; School,
LAS9,Main Porch at Latshaw School,Photo,historicalImage,patched,boIVl02DH7EDt0T3jKtkJa,Easttown; School,
LAS11,Museum at Latshaw School,Photo,historicalImage,patched,sbP4gqSkGjehGl77iAIkcS,Easttown; School,
LAS10,Latshaw School in winter,Photo,historicalImage,patched,WOdasKzWYNoImJ3aDF9sFW,Easttown; School,
LAS12,Museum at Latshaw School,Photo,historicalImage,patched,WOdasKzWYNoImJ3aDFA9ZQ,Easttown; School,
LAS14,Reception Hall at Latshaw School,Photo,historicalImage,patched,boIVl02DH7EDt0T3jKtxZW,Easttown; School,
LAS16,"Shelves in Schoolroom, Latshaw School",Photo,historicalImage,patched,WOdasKzWYNoImJ3aDFAQxk,Easttown; School,
LAS15,Reception Room at Latshaw School,Photo,historicalImage,patched,boIVl02DH7EDt0T3jKtxQU,Easttown; School,
LAS18,"View towards Southwest, Latshaw School",Photo,historicalImage,patched,boIVl02DH7EDt0T3jKuKf8,Easttown; School,
LAS19,"Workshop, Latshaw School",Photo,historicalImage,patched,boIVl02DH7EDt0T3jKuNOU,Easttown; School,
LAS17,"The Maples from the playgrounds, Latshaw School",Photo,historicalImage,patched,sbP4gqSkGjehGl77iAIuSr,Easttown; School,
LAS21,"Hillside, Latshaw School",Photo,historicalImage,patched,sbP4gqSkGjehGl77iAJ1AD,Easttown; School,
LAS20,"Garden, Latshaw School",Photo,historicalImage,patched,sbP4gqSkGjehGl77iAJ2q3,Easttown; School,
LAS22,"off on a ride, Latshaw School",Photo,historicalImage,patched,boIVl02DH7EDt0T3jKuXRi,Easttown; School,
LAS25,"Tennis Court, Latshaw School",Photo,historicalImage,patched,boIVl02DH7EDt0T3jKuY1q,Easttown; School,
LAS24,"Shell collection, Latshaw School",Photo,historicalImage,patched,sbP4gqSkGjehGl77iAJ3TL,Easttown; School,
LAS23,"Playground, Latshaw School",Photo,historicalImage,patched,boIVl02DH7EDt0T3jKuWw6,Easttown,
CUH1,Chopping mutton for a pie,Photo,historicalImage,patched,WOdasKzWYNoImJ3aDFAsY2,Cultural,
GWI4,General Warren Tavern,Photo,historicalImage,patched,WOdasKzWYNoImJ3aDFAqCC,Willistown; Inn; donation:9,
LAS13,"Music Room, Latshaw School",Photo,historicalImage,patched,WOdasKzWYNoImJ3aDFAqlY,Easttown; School,
CUH3,Mending Shift,Photo,historicalImage,patched,boIVl02DH7EDt0T3jKuanS,Cultural,Marple
CUH2,Dinner Preparation,Photo,historicalImage,patched,boIVl02DH7EDt0T3jKubCI,Cultural,Marple
CUH4,Bread cooling,Photo,historicalImage,patched,boIVl02DH7EDt0T3jKubmQ,Cultural,
SUF2,Supiot Farm looking northeast,Photo,historicalImage,patched,boIVl02DH7EDt0T3jKue0A,Tredyffrin; Farm,
SUF1,Valley Creek at the Supiot Farm,Photo,historicalImage,patched,boIVl02DH7EDt0T3jKudNm,Tredyffrin; Farm,
CUH5,Chopped egg sauce,Photo,historicalImage,patched,sbP4gqSkGjehGl77iAJ7ol,Cultural,Marple
SUF5,Supiot Farmhouse,Photo,historicalImage,patched,WOdasKzWYNoImJ3aDFB2bA,Tredyffrin; Farm,
SUF4,Supiot Farm looking south,Photo,historicalImage,patched,WOdasKzWYNoImJ3aDFB16M,Tredyffrin; Farm,
SUF3,Supiot Farm looking northwest,Photo,historicalImage,patched,boIVl02DH7EDt0T3jKugTi,Tredyffrin; Farm,
SUF6,Supiot Farm Watercress Soup Recipe,Photo,historicalImage,patched,sbP4gqSkGjehGl77iAJ9vG,Tredyffrin; Farm,
FBB1,"First  Baptist Church, Berwyn",Photo,historicalImage,patched,boIVl02DH7EDt0T3jKukL4,Easttown; Church; donation:9,
BE65,"Cassatt Avenue from Lancaster Avenue, Berwyn",Postcard,historicalImage,patched,WOdasKzWYNoImJ3aDFB7aW,Easttown; donation:9,View
BE68,Church Avenue leading from Berwyn Station P.R.R.,Postcard,historicalImage,patched,sbP4gqSkGjehGl77iAJCBa,Easttown; donation:9,Place
BE66,A view of the Village of Berwyn,Postcard,historicalImage,patched,WOdasKzWYNoImJ3aDFBEiS,donation:9,View
BE67,"Reading Room, Berwyn",Postcard,historicalImage,patched,boIVl02DH7EDt0T3jKulB0,donation:9,Service
BE70,"View from rear of Berwyn Station, P.R.R.",Photo,historicalImage,patched,sbP4gqSkGjehGl77iAJEQV,Easttown; donation:9,Place
WAB1,"Waterloo Avenue, Berwyn",Photo,historicalImage,patched,boIVl02DH7EDt0T3jKuo3O,Easttown; donation:9,Place
BE69,"Site of Bronze Works, Berwyn",Postcard,historicalImage,patched,WOdasKzWYNoImJ3aDFBGiC,donation:9,Place
BFC3,Berwyn Fire House,Postcard,historicalImage,patched,WOdasKzWYNoImJ3aDFBPYC,Easttown; donation:9,Service
BE71,"Upper Bridge, Berwyn",Postcard,historicalImage,patched,WOdasKzWYNoImJ3aDFBKHA,Easttown; donation:9,View
BE72,"Covered Bridge, State Road, Berwyn",Photo,historicalImage,patched,boIVl02DH7EDt0T3jKupcU,Tredyffrin; donation:9,View
BNB2,Berwyn National Bank,Photo,historicalImage,patched,WOdasKzWYNoImJ3aDFBRKg,Easttown; Business; donation:9,
BFC4,Berwyn Fire Company,Postcard,historicalImage,patched,sbP4gqSkGjehGl77iAJFT3,Easttown; donation:9,Service
BPO1,Berwyn Post Office & Store,Photo,historicalImage,patched,WOdasKzWYNoImJ3aDFBS7I,Easttown; Business; donation:9,
CWB1,"Carriage Way, Berwyn",Photo,historicalImage,patched,sbP4gqSkGjehGl77iAJGs3,Tredyffrin; donation:9,Place
BUS11,"Burn's Mill, Berwyn",Postcard,historicalImage,patched,boIVl02DH7EDt0T3jKusZO,Tredyffrin; Business; donation:9,
CAR18,"Cassatt Road, Berwyn",Postcard,historicalImage,patched,sbP4gqSkGjehGl77iAJGEl,Tredyffrin; donation:9,Place
ETS03,Easttown High School,Postcard,historicalImage,patched,WOdasKzWYNoImJ3aDFBX2E,Easttown; School; donation:9,
DPS1,"Taxi Dispatch, Lancaster Avenue, Berwyn",Photo,historicalImage,patched,WOdasKzWYNoImJ3aDFBXkQ,Easttown; Business; donation:9,
CWB2,"Carriage Way, Berwyn",Photo,historicalImage,patched,WOdasKzWYNoImJ3aDFBWSs,Tredyffrin; donation:9,Place
LAB1,"Lancaster Avenue, Berwyn",Photo,historicalImage,patched,sbP4gqSkGjehGl77iAJIq8,Easttown; donation:9,View
HOU42,"Francis House, Rhydlyn, Berwyn",Postcard,historicalImage,patched,WOdasKzWYNoImJ3aDFBZfk,Tredyffrin; House; donation:9,
HOU43,"Francis House, Rhydlyn, Berwyn",Photo,historicalImage,patched,sbP4gqSkGjehGl77iAJILG,Tredyffrin; House; donation:9,
NGB4,"Bronze Works, Berwyn",Postcard,historicalImage,patched,WOdasKzWYNoImJ3aDFBbxA,Easttown; Business; donation:9,
RBE9,Staff at Berwyn Station,Postcard,historicalImage,patched,WOdasKzWYNoImJ3aDFBf5c,Easttown; donation:9,Person
NGB3,"Bronze Works, Berwyn",Postcard,historicalImage,patched,sbP4gqSkGjehGl77iAJJPD,Easttown; Business; donation:9,
WYI1,"Wynburne Inn, Devon",Postcard,historicalImage,patched,WOdasKzWYNoImJ3aDFC1ky,Easttown; Inn; donation:9,
RBE10,View of tracks from Berwyn Station Bridge looking west,Postcard,historicalImage,patched,boIVl02DH7EDt0T3jKuyTC,Easttown; Railroad; donation:9,
TPC2,"Trinity Presbyterian Church, Berwyn",Postcard,historicalImage,patched,boIVl02DH7EDt0T3jKv182,Easttown; Church; donation:9,
CAA1,"Cassatt Avenue, Berwyn looking north",Postcard,historicalImage,patched,WOdasKzWYNoImJ3aDFCO8e,Tredyffrin; donation:9,View
BE75,Unknown view,Photo,historicalImage,patched,WOdasKzWYNoImJ3aDFCMmg,Tredyffrin; donation:9,View
BE74,Trout Run below Laurel Dell,Photo,historicalImage,patched,sbP4gqSkGjehGl77iAJNre,Tredyffrin; donation:9,View
BET1,Berwyn Theater,Postcard,historicalImage,patched,nBrvGyyPOvgg7pvUX6kGQx,Tredyffrin; Business; donation:9,
CAA2,"Cassatt Avenue, Berwyn looking north",Postcard,historicalImage,patched,boIVl02DH7EDt0T3jKvAUM,Tredyffrin; donation:9,View
BET2,Berwyn Theater,Photo,historicalImage,patched,boIVl02DH7EDt0T3jKvAtC,Tredyffrin; Business; donation:9,
DAY5,Prissey's Hollow,Photo,historicalImage,patched,nBrvGyyPOvgg7pvUX6kH2t,Tredyffrin; donation:9,View
BUS12,Hall & Hibbard's Store,Photo,historicalImage,patched,boIVl02DH7EDt0T3jKvC1C,Easttown; Business; donation:9,
BE73,"Brace's Store, Berwyn",Photo,historicalImage,patched,WOdasKzWYNoImJ3aDFCTGq,Easttown; Business; donation:9,
CH19,"First Presbyterian Church, Paoli",Photo,historicalImage,patched,WOdasKzWYNoImJ3aDFCUCI,Tredyffrin; Church; donation:9,
CH18,"First Presbyterian Church, Paoli",Photo,historicalImage,patched,WOdasKzWYNoImJ3aDFCTYW,Tredyffrin; Church; donation:9,
CH20,"First Presbyterian Church, Malvern",Photo,historicalImage,patched,sbP4gqSkGjehGl77iAJSOI,Willistown; Church; donation:9,
CH21,"St. John’s Presbyterian Church, Devon",Postcard,historicalImage,patched,sbP4gqSkGjehGl77iAJSY7,Easttown; Church; donation:9,
CWB3,"Carriage Way, Berwyn",Photo,historicalImage,patched,nBrvGyyPOvgg7pvUX6kIjD,Tredyffrin; donation:9,View
COT2,"Cotton Mill, Valley Forge",Postcard,historicalImage,patched,sbP4gqSkGjehGl77iAJSf8,Upper Merion; Business; donation:9,
DEV5,"Parting of the ways, Devon",Photo,historicalImage,patched,WOdasKzWYNoImJ3aDFCbXU,Easttown; donation:9,View
DEV6,Devon Hill,Postcard,historicalImage,patched,nBrvGyyPOvgg7pvUX6kJL9,Easttown; donation:9,View
DRS11,Diamond Rock School,Note card,historicalImage,patched,WOdasKzWYNoImJ3aDFCagS,Tredyffrin; School; donation:9,
DRS12,Diamond Rock School,Photo,historicalImage,patched,boIVl02DH7EDt0T3jKvGCs,Tredyffrin; School; donation:9,
MLP2,Paoli Station,Photo,historicalImage,patched,boIVl02DH7EDt0T3jKvHxG,Tredyffrin; Railroad; donation:9,
MLP1,Paoli Station,Photo,historicalImage,patched,nBrvGyyPOvgg7pvUX6kKwj,Tredyffrin; Railroad; donation:9,
NBS9,North Berwyn Public School,Photo,historicalImage,patched,sbP4gqSkGjehGl77iAJWe6,Tredyffrin; School; donation:9,
ND1,"Valley Forge Road, Devon",Postcard,historicalImage,patched,nBrvGyyPOvgg7pvUX6kLmt,donation:9,View
MLP3,Paoli Station,Photo,historicalImage,patched,boIVl02DH7EDt0T3jKvHYQ,Tredyffrin; Railroad; donation:9,
PA25,View of Paoli,Postcard,historicalImage,patched,nBrvGyyPOvgg7pvUX6kMVw,Tredyffrin; donation:9,View
PA24,"North Valley Road, Paoli",Postcard,historicalImage,patched,WOdasKzWYNoImJ3aDFChso,Tredyffrin; donation:9,View
RAD1,"Lindenwood, Radnor",Postcard,historicalImage,patched,WOdasKzWYNoImJ3aDFCisg,Radnor; House; donation:9,
RAD4,"Matson Ford Road, Radnor",Postcard,historicalImage,patched,boIVl02DH7EDt0T3jKvLEU,Radnor; donation:9,View
RAD3,"King of Prussia Road, Radnor",Postcard,historicalImage,patched,9yBpHM4dbAdp7ZVQgTrmjg,Radnor; donation:9,View
RAD2,Radnor township view,Postcard,historicalImage,patched,boIVl02DH7EDt0T3jKvJmA,Radnor; donation:9,View
RML11,new Daylesford Stattion,Photo,historicalImage,patched,nBrvGyyPOvgg7pvUX6kOVE,Tredyffrin; Railroad; donation:9,
RAD5,"King of Prussia Road, Radnor",Postcard,historicalImage,patched,WOdasKzWYNoImJ3aDFCkja,Radnor; donation:9,View
SDC9,St. David’s Church,Postcard,historicalImage,patched,WOdasKzWYNoImJ3aDFCn5Q,Radnor; Church; donation:9,
WRD1,"Waterloo Road at Arlington Road (now Lancaster Avenue), Devon",Postcard,historicalImage,patched,boIVl02DH7EDt0T3jKvLmM,Easttown; donation:9,View
WRD2,North Waterloo Road looking south towards Devon Station,Postcard,historicalImage,patched,9yBpHM4dbAdp7ZVQgTroCX,Easttown; donation:9,View
WRD3,"Waterloo Road, Devon",Postcard,historicalImage,patched,9yBpHM4dbAdp7ZVQgTrokL,Easttown; donation:9,View
WRD4,"Waterloo Road, Devon",Postcard,historicalImage,patched,sbP4gqSkGjehGl77iAJaKp,Easttown; donation:9,View
OAK2,"Oak Knoll, Daylesford",Photo,historicalImage,patched,nBrvGyyPOvgg7pvUX6kRpV,Tredyffrin; House; donation:9,
OAK1,"Oak Knoll, Daylesford",Photo,historicalImage,patched,sbP4gqSkGjehGl77iAJaW3,Tredyffrin; House; donation:9,
OAK4,"Oak Knoll, Daylesford",Photo,historicalImage,patched,boIVl02DH7EDt0T3jKvQjS,Tredyffrin; House; donation:9,
OAK3,"Oak Knoll, Daylesford",Photo,historicalImage,patched,9yBpHM4dbAdp7ZVQgTrqxg,Tredyffrin; House; donation:9,
OAK5,"Oak Knoll, Daylesford",Photo,historicalImage,patched,WOdasKzWYNoImJ3aDFCzPy,Tredyffrin; House; donation:9,
OAK6,"Oak Knoll, Daylesford",Photo,historicalImage,patched,9yBpHM4dbAdp7ZVQgTrsDr,Tredyffrin; House; donation:9,
OAK8,"Oak Knoll, Daylesford",Photo,historicalImage,patched,sbP4gqSkGjehGl77iAJcnm,Tredyffrin; House; donation:9,
OAK7,"Oak Knoll, Daylesford",Photo,historicalImage,patched,WOdasKzWYNoImJ3aDFCyCq,Tredyffrin; House; donation:9,
OAK9,"Oak Knoll, Daylesford",Photo,historicalImage,patched,sbP4gqSkGjehGl77iAJctO,Tredyffrin; House; donation:9,
OAK10,"Oak Knoll, Daylesford",Photo,historicalImage,patched,9yBpHM4dbAdp7ZVQgTruRC,Tredyffrin; House; donation:9,
OAK11,"Oak Knoll, Daylesford",Photo,historicalImage,patched,sbP4gqSkGjehGl77iAJddh,Tredyffrin; House; donation:9,
OAK14,"Oak Knoll, Daylesford",Photo,historicalImage,patched,nBrvGyyPOvgg7pvUX6kYB5,Tredyffrin; House; donation:9,
OAK13,"Oak Knoll, Daylesford",Photo,historicalImage,patched,sbP4gqSkGjehGl77iAJezt,Tredyffrin; House; donation:9,
OAK12,"Oak Knoll, Daylesford",Photo,historicalImage,patched,WOdasKzWYNoImJ3aDFD536,Tredyffrin; House; donation:9,
OAK16,"Oak Knoll, Daylesford",Photo,historicalImage,patched,WOdasKzWYNoImJ3aDFDAbo,Tredyffrin; House; donation:9,
OAK15,"Oak Knoll, Daylesford",Photo,historicalImage,patched,sbP4gqSkGjehGl77iAJfI8,Tredyffrin; House; donation:9,
FBB2,"First Baptist Church, Berwyn",Photo,historicalImage,patched,WOdasKzWYNoImJ3aDFDBFa,Easttown; Church,
FBB5,Rev. Cowee,Photo,historicalImage,patched,9yBpHM4dbAdp7ZVQgTrzeT,Easttown; Church,
FBB3,Rev. Anderson,Photo,historicalImage,patched,boIVl02DH7EDt0T3jKvYtG,Easttown; Church,
FBB4,Rev. Booker,Photo,historicalImage,patched,sbP4gqSkGjehGl77iAJgwZ,Easttown; Church,
FBB7,Rev. Hargrave,Photo,historicalImage,patched,nBrvGyyPOvgg7pvUX6kebP,Easttown; Church,
FBB6,Rev. Fryer,Photo,historicalImage,patched,boIVl02DH7EDt0T3jKvZgw,Easttown; Church,
FBB8,Rev. Read,Photo,historicalImage,patched,nBrvGyyPOvgg7pvUX6keG4,Easttown; Church,
BUS14,"Scofield's Store, Paoli",Photo,historicalImage,patched,9yBpHM4dbAdp7ZVQgTs1UZ,Tredyffrin; Business,
FBB10,Rev. Wiley,Photo,historicalImage,patched,nBrvGyyPOvgg7pvUX6ke8x,Easttown; Church,
BUS13,"Scofield's Store, Paoli",Photo,historicalImage,patched,9yBpHM4dbAdp7ZVQgTs1au,Tredyffrin; Business,
DE8,"Old Barn, Paoli",Photo,historicalImage,patched,nBrvGyyPOvgg7pvUX6kfre,Tredyffrin; Farm,
BUS16,Garage,Photo,historicalImage,patched,WOdasKzWYNoImJ3aDFDLaO,Business,
BUS15,Garage,Photo,historicalImage,patched,9yBpHM4dbAdp7ZVQgTs1w2,Business,
HOU45,"P. W. Lobb Hall, Berwyn",Photo,historicalImage,patched,sbP4gqSkGjehGl77iAJiHM,Easttown; House,
HOU44,"Odd Fellows' Hall, Berwyn",Photo,historicalImage,patched,nBrvGyyPOvgg7pvUX6khJk,Easttown; House,
DE9,"Barn House, Paoli",Photo,historicalImage,patched,boIVl02DH7EDt0T3jKvble,Tredyffrin; House,
HOU48,"Commercial Building, Lincoln Highway, Paoli",Photo,historicalImage,patched,9yBpHM4dbAdp7ZVQgTs4Yj,Tredyffrin; House,
HOU46,P. W. Lobb home,Photo,historicalImage,patched,9yBpHM4dbAdp7ZVQgTs3yo,Easttown; House,
HOU47,"Presbyterian Hall, Berwyn",Photo,historicalImage,patched,sbP4gqSkGjehGl77iAJj0G,Easttown; House,
JWH1,James White House,Note card,historicalImage,patched,sbP4gqSkGjehGl77iAJj4T,Schuylkill; House,
KCB10,Knox Covered Bridge,Photo,historicalImage,patched,nBrvGyyPOvgg7pvUX6kjc0,Tredyffrin,Place
KCB9,Knox Covered Bridge,Photo,historicalImage,patched,9yBpHM4dbAdp7ZVQgTs56X,Tredyffrin,Place
KCB12,Knox Covered Bridge,Postcard,historicalImage,patched,boIVl02DH7EDt0T3jKven4,Tredyffrin,Place
MLP4,Paoli Station,Photo,historicalImage,patched,boIVl02DH7EDt0T3jKvetq,Tredyffrin; Railroad,
KCB11,Knox Covered Bridge,Postcard,historicalImage,patched,nBrvGyyPOvgg7pvUX6kjgk,Tredyffrin,Place
PEO29,Unknown group,Photo,historicalImage,patched,9yBpHM4dbAdp7ZVQgTs6EG,,Person
RR02,Engine,Photo,historicalImage,patched,WOdasKzWYNoImJ3aDFDYCc,Railroad,
MLP5,"Cut Under, Paoli",Photo,historicalImage,patched,WOdasKzWYNoImJ3aDFDVQG,Tredyffrin; Railroad,
GJI3,General Jackson Inn,Photo,historicalImage,patched,9yBpHM4dbAdp7ZVQgTs6Kb,Tredyffrin; Inn,
GWI8,General Warren Tavern,Photo,historicalImage,patched,WOdasKzWYNoImJ3aDFDbGe,Inn,
GWI7,General Warren (Admiral Vernon) Tavern,Photo,historicalImage,patched,sbP4gqSkGjehGl77iAJkrK,Inn,
KPI02,King of Prussia Inn,Photo,historicalImage,patched,9yBpHM4dbAdp7ZVQgTs808,Upper Merion; Inn,
GWI9,General Warren Tavern,Photo,historicalImage,patched,sbP4gqSkGjehGl77iAJkg6,Inn,
KPI03,King of Prussia Inn,Photo,historicalImage,patched,WOdasKzWYNoImJ3aDFDcYC,Upper Merion; Inn,
SDC10,St. David’s Church,Photo,historicalImage,patched,sbP4gqSkGjehGl77iAJlr4,Radnor; Church,
SDC11,St. David’s Church,Photo,historicalImage,patched,nBrvGyyPOvgg7pvUX6kocb,Radnor; Church,
MC3,Valley Forge Memorial Chapel,Photo,historicalImage,patched,nBrvGyyPOvgg7pvUX6knVq,Upper Merion; Church,
SOH2,Sorrel Horse Inn,Photo,historicalImage,patched,9yBpHM4dbAdp7ZVQgTs9bR,Inn,
VAQ4,Varnum’s Quarters,Photo,historicalImage,patched,sbP4gqSkGjehGl77iAJn6F,Upper Merion; House,
SOH1,Sorrel Horse Inn,Photo,historicalImage,patched,boIVl02DH7EDt0T3jKvht0,Inn,
GVB7,Great Valley Baptist Church,Note card,historicalImage,patched,WOdasKzWYNoImJ3aDFDjg8,Tredyffrin; Church,
VFQ1,Valley Forge Quarry,Photo,historicalImage,patched,nBrvGyyPOvgg7pvUX6kqSP,Upper Merion; Quarry,
GVB8,"Educational Building, Great Valley Baptist Church",Photo,historicalImage,patched,nBrvGyyPOvgg7pvUX6krws,Tredyffrin; Church,
HOU49,The Taylor House,Photo,historicalImage,patched,sbP4gqSkGjehGl77iAJoPd,House,
GWI10,General Warren Tavern,,historicalImage,patched,WOdasKzWYNoImJ3aDFDnss,Inn,
HOU50,John Roberts House,Photo,historicalImage,patched,sbP4gqSkGjehGl77iAJonU,Upper Merion; House,
WSH7,Walker Schoolhouse,Photo,historicalImage,patched,WOdasKzWYNoImJ3aDFDqRy,Tredyffrin; School,
IT14,Green Tree Inn,Photo,historicalImage,patched,boIVl02DH7EDt0T3jKvo78,Willistown; Inn,
WSH8,Walker Schoolhouse,Photo,historicalImage,patched,boIVl02DH7EDt0T3jKvqBq,Tredyffrin; School,
WSH9,Walker Schoolhouse,Photo,historicalImage,patched,nBrvGyyPOvgg7pvUX6kweV,Tredyffrin; School,
WSH10,Walker Schoolhouse,Photo,historicalImage,patched,nBrvGyyPOvgg7pvUX6kyku,Tredyffrin; School,
TEH17,1927 Baseball team from Tredyffrin-Easttown High School,Photo,historicalImage,patched,sbP4gqSkGjehGl77iAJvlg,Tredyffrin; School,
WSH12,Walker Schoolhouse,Photo,historicalImage,patched,sbP4gqSkGjehGl77iAJuyZ,Tredyffrin; School,
WSH11,Walker Schoolhouse,Photo,historicalImage,patched,boIVl02DH7EDt0T3jKvrri,Tredyffrin; School,
TEH18,"Class Picture, 1927, Tredyffrin-Easttown High School",Photo,historicalImage,patched,nBrvGyyPOvgg7pvUX6kzPD,Tredyffrin; School,
TEH19,"Daddy Long Legs Collage, Tredyffrin-Easttown High School",Photo,historicalImage,patched,sbP4gqSkGjehGl77iAJw88,Tredyffrin; School,
TEH20,"Football Letter-men, 1927, Tredyffrin-Easttown High School",Photo,historicalImage,patched,WOdasKzWYNoImJ3aDFE38c,Tredyffrin; School,
TEH22,"Freshman Class, 1927, Tredyffrin-Easttown High School",Photo,historicalImage,patched,sbP4gqSkGjehGl77iAJwbb,Tredyffrin; School,
TEH21,"Football Squad, 1927, Tredyffrin-Easttown High School",Photo,historicalImage,patched,nBrvGyyPOvgg7pvUX6l1oa,Tredyffrin; School,
TEH23,"Sports Collage, 1927, Tredyffrin-Easttown High School",Photo,historicalImage,patched,sbP4gqSkGjehGl77iAJwwe,Tredyffrin; School,
GVB11,Great Valley Baptist Church,Postcard,historicalImage,patched,boIVl02DH7EDt0T3jKvvR0,Tredyffrin; Church,
TEH24,"Track Team, 1927, Tredyffrin-Easttown High School",Photo,historicalImage,patched,WOdasKzWYNoImJ3aDFE53w,Tredyffrin; School,
GVB10,"Graveyard, Great Valley Baptist Church",Photo,historicalImage,patched,nBrvGyyPOvgg7pvUX6l2qb,Tredyffrin; Church,
GVB9,"Graveyard, Great Valley Baptist Church",Photo,historicalImage,patched,WOdasKzWYNoImJ3aDFE7ls,Tredyffrin; Church,
SDC12,St. David’s Church,Postcard,historicalImage,patched,boIVl02DH7EDt0T3jKvwAA,Radnor; Church,
HOU51,Nant yr Ewig,Photo,historicalImage,patched,boIVl02DH7EDt0T3jKvvs6,Tredyffrin; House,
SDC14,St. David’s Church,Postcard,historicalImage,patched,sbP4gqSkGjehGl77iAJyKF,Radnor; Church,
SDC13,St. David’s Church,Postcard,historicalImage,patched,WOdasKzWYNoImJ3aDFE9PW,Radnor; Church,
HQ5,"Dyer Quarry, Howellville",Photo,historicalImage,patched,boIVl02DH7EDt0T3jKvwbG,Tredyffrin; Quarry,
HQ6,"Dyer Quarry, Howellville",Photo,historicalImage,patched,WOdasKzWYNoImJ3aDFEAGY,Tredyffrin; Quarry,
STR2,"Devon Square, Strafford  Leasing Plan",Photo,historicalImage,patched,nBrvGyyPOvgg7pvUX6l6Mj,Tredyffrin,Place
STR3,"Spread Eagle Village, Strafford",Photo,historicalImage,patched,boIVl02DH7EDt0T3jKvxjG,Tredyffrin,Place
MAN01,Unknown Person,Postcard,historicalImage,patched,sbP4gqSkGjehGl77iAJyqW,donation:19,Person
MAN02,Unidentified Street Scene,Photo,historicalImage,patched,nBrvGyyPOvgg7pvUX6l7mS,donation:19,View
RAD6,Lancaster Turnpike thru Radnor 1806,Photo,historicalImage,patched,WOdasKzWYNoImJ3aDFECKi,Radnor,Place
MAN05,Unknown Person,Photo,historicalImage,patched,WOdasKzWYNoImJ3aDFEFFu,donation:19,Person
MAN03,Unknown Person,Photo,historicalImage,patched,sbP4gqSkGjehGl77iAJzTo,donation:19,Person
MAN04,Unknown Person,Photo,historicalImage,patched,boIVl02DH7EDt0T3jKvybS,donation:19,Person
MAN08,Back of photo MAN07,Photo,historicalImage,patched,nBrvGyyPOvgg7pvUX6l8va,donation:19,Place
MAN07,Unidentified place,Photo,historicalImage,patched,nBrvGyyPOvgg7pvUX6l8aF,donation:19,Place
MAN06,Dorothy Reed,Photo,historicalImage,patched,nBrvGyyPOvgg7pvUX6l8M1,donation:19,Person
MAN09,Unknown Person,Photo,historicalImage,patched,WOdasKzWYNoImJ3aDFEHFe,donation:19,Person
MAN10,Unidentified place,Photo,historicalImage,patched,boIVl02DH7EDt0T3jKw1YM,donation:19,Place
MAN11,William Mansley,Photo,historicalImage,patched,WOdasKzWYNoImJ3aDFEIkS,donation:19,Person
MAN12,Unknown Person,Photo,historicalImage,patched,WOdasKzWYNoImJ3aDFEIOM,donation:19,Person
MAN13,William Mansley,Photo,historicalImage,patched,boIVl02DH7EDt0T3jKw26E,donation:19,Person
MAN14,William Mansley,Photo,historicalImage,patched,nBrvGyyPOvgg7pvUX6lC8k,donation:19,Person
MAN15,Unidentified Person,Photo,historicalImage,patched,boIVl02DH7EDt0T3jKw7Yw,donation:19,Person
MAN17,Unknown group,Photo,historicalImage,patched,boIVl02DH7EDt0T3jKw8R8,donation:19,Person
MAN16,Back of MAN15,Photo,historicalImage,patched,WOdasKzWYNoImJ3aDFEKxS,donation:19,Person
MAN19,Unknown Child,Photo,historicalImage,patched,nBrvGyyPOvgg7pvUX6lDrR,donation:19,Person
MAN18,William Mansley,Photo,historicalImage,patched,WOdasKzWYNoImJ3aDFENx4,donation:19,Person
MAN20,Unknown group,Photo,historicalImage,patched,WOdasKzWYNoImJ3aDFEQWA,donation:19,Person
MAN21,Unidentified Group,Photo,historicalImage,patched,sbP4gqSkGjehGl77iAK1QU,donation:19,Person
MAN22,William Mansley,Photo,historicalImage,patched,sbP4gqSkGjehGl77iAK1MH,donation:19,Person
MAN23,Unidentified Group,Photo,historicalImage,patched,WOdasKzWYNoImJ3aDFESs0,donation:19,Person
MAN25,Unidentified Group,Photo,historicalImage,patched,nBrvGyyPOvgg7pvUX6lGLY,donation:19,Person
MAN24,William Mansley,Photo,historicalImage,patched,sbP4gqSkGjehGl77iAK1wl,donation:19,Person
MAN26,William Mansley,Photo,historicalImage,patched,sbP4gqSkGjehGl77iAK2a3,donation:19,Person
MAN28,William Mansley,Photo,historicalImage,patched,nBrvGyyPOvgg7pvUX6lGv7,donation:19,Person
MAN27,William Mansley,Photo,historicalImage,patched,sbP4gqSkGjehGl77iAK2h4,donation:19,Person
MAN29,Back of MAN28,Photo,historicalImage,patched,nBrvGyyPOvgg7pvUX6lHPw,donation:19,Person
MAN32,William Mansley,Photo,historicalImage,patched,sbP4gqSkGjehGl77iAK3z3,donation:19,Person
MAN31,Back of MAN30,Photo,historicalImage,patched,WOdasKzWYNoImJ3aDFEWDi,donation:19,Person
MAN30,William Mansley,Photo,historicalImage,patched,boIVl02DH7EDt0T3jKwCTm,donation:19,Person
MAN34,William Mansley,Photo,historicalImage,patched,sbP4gqSkGjehGl77iAK4Y8,donation:19,Person
MAN35,Back of MAN34,Photo,historicalImage,patched,nBrvGyyPOvgg7pvUX6lK1A,donation:19,
MAN33,William Mansley,Photo,historicalImage,patched,sbP4gqSkGjehGl77iAK4Ft,donation:19,Person
MAN38,William Mansley,Photo,historicalImage,patched,sbP4gqSkGjehGl77iAK5rW,donation:19,Person
MAN37,William Mansley,Photo,historicalImage,patched,nBrvGyyPOvgg7pvUX6lKrK,donation:19,Person
MAN36,William Mansley,Photo,historicalImage,patched,WOdasKzWYNoImJ3aDFEYV8,donation:19,Person
MAN39,Unidentified Group,Photo,historicalImage,patched,WOdasKzWYNoImJ3aDFEb4E,donation:19,Person
MAN41,William Mansley,Photo,historicalImage,patched,boIVl02DH7EDt0T3jKwGt0,donation:19,Person
MAN40,William Mansley,Photo,historicalImage,patched,WOdasKzWYNoImJ3aDFEe8G,donation:19,Person
HSQ01,Generals Howe & Scott's Quarters,Photo,historicalImage,patched,boIVl02DH7EDt0T3jKwH8o,Tredyffrin; House,
KNQ07,Knyphausen & Woodford's Quarters,Photo,historicalImage,patched,nBrvGyyPOvgg7pvUX6lNZf,Tredyffrin; House,
KNQ06,Knyphausen & Woodford's Quarters,Photo,historicalImage,patched,sbP4gqSkGjehGl77iAK7zQ,Tredyffrin; House,
LBQ01,Lee-Bradford Quarters,Photo,historicalImage,patched,boIVl02DH7EDt0T3jKwKtO,Tredyffrin; House,
DUP04,Duportail's Quarters,Photo,historicalImage,patched,nBrvGyyPOvgg7pvUX6lOSC,Tredyffrin; House,
DUP05,Duportail Barn,Photo,historicalImage,patched,boIVl02DH7EDt0T3jKwKLW,Tredyffrin; House,
LAF05,General Lafayette's Quarters,Photo,historicalImage,patched,sbP4gqSkGjehGl77iAKA4W,Tredyffrin; House,
STI09,Stirling's Quarters marker,Photo,historicalImage,patched,nBrvGyyPOvgg7pvUX6lPko,Tredyffrin; House,
STI10,Stirling's Quarters,Photo,historicalImage,patched,sbP4gqSkGjehGl77iAK9p5,Tredyffrin; House,
LAF06,General Lafayette's Quarters,Photo,historicalImage,patched,boIVl02DH7EDt0T3jKwPfC,Tredyffrin; House,
GPQ05,General Poor's Quarters,Photo,historicalImage,patched,sbP4gqSkGjehGl77iAKAt2,Tredyffrin; House,
KNO04,General Knox's Quarters,Photo,historicalImage,patched,sbP4gqSkGjehGl77iAKBJh,Tredyffrin; House,
LAF07,General LaFayette's Quarters,Photo,historicalImage,patched,sbP4gqSkGjehGl77iAKBwz,Tredyffrin; House,
KNO05,General Knox's Quarters marker,Photo,historicalImage,patched,sbP4gqSkGjehGl77iAKBNu,Tredyffrin; House,
LAF08,General LaFayette's Quarters,Photo,historicalImage,patched,sbP4gqSkGjehGl77iAKCwj,Tredyffrin; House,
MAX19,General Maxwell's Quarters,Photo,historicalImage,patched,sbP4gqSkGjehGl77iAKD3k,Tredyffrin; House,
POQ02,General Potter's Quarters,Photo,historicalImage,patched,sbP4gqSkGjehGl77iAKDiR,Tredyffrin; House,
LAF09,Valley Creek near LaFayettes Quarters,Photo,historicalImage,patched,WOdasKzWYNoImJ3aDFF352,Tredyffrin,View
POQ03,General Potter's Quarters interior,Photo,historicalImage,patched,WOdasKzWYNoImJ3aDFF6Za,Tredyffrin; House,
SUQ02,General Sullivan's Quarters,Photo,historicalImage,patched,nBrvGyyPOvgg7pvUX6lYR1,Tredyffrin; House,
PUQ02,General Pulaski's Quarters - Brookmead Farm,Photo,historicalImage,patched,nBrvGyyPOvgg7pvUX6lXKG,Tredyffrin; House,
DWQ04,Generals DeKalb & Weedon’s Quarters - Abijah Stephens farmhouse,Photo,historicalImage,patched,WOdasKzWYNoImJ3aDFFAhu,Tredyffrin; House,
GWQ02,General Wayne’s Quarters (Joseph Walker house),Photo,historicalImage,patched,sbP4gqSkGjehGl77iAKFqL,Tredyffrin; House,
DWQ03,Generals DeKalb & Weedon's Quarters - Abijah Stephens farmhouse,Photo,historicalImage,patched,nBrvGyyPOvgg7pvUX6lZLv,Tredyffrin; House,
SUQ04,Gateway to General Sullivan's Quarters,Photo,historicalImage,patched,WOdasKzWYNoImJ3aDFFG7m,Tredyffrin; House,
SUQ03,General Sullivan's Quarters,Photo,historicalImage,patched,WOdasKzWYNoImJ3aDFFEcy,Tredyffrin; House,
LAF10,General Lafayette's Quarters,Photo,historicalImage,patched,boIVl02DH7EDt0T3jKwYhC,Tredyffrin; House,
LCH03,Abraham Stearne Latch in rose garden,Photo,historicalImage,patched,sbP4gqSkGjehGl77iAKHn1,Tredyffrin,Person
LCH01,Abraham S. Latch,Photo,historicalImage,patched,WOdasKzWYNoImJ3aDFFGuO,Tredyffrin,Person
LCH02,Abraham Stearne Latch & ladies,Photo,historicalImage,patched,WOdasKzWYNoImJ3aDFFH7e,Tredyffrin,Person
LCH05,Jeanette Latch,Photo,historicalImage,patched,sbP4gqSkGjehGl77iAKI3r,Tredyffrin,Person
LCH04,"Abraham Stearne Latch house, Howe & Scott's Quarters",Photo,historicalImage,patched,sbP4gqSkGjehGl77iAKHwq,Tredyffrin; House,
LCH06,Josephine Sellars Latch,Photo,historicalImage,patched,boIVl02DH7EDt0T3jKwdXW,,Person
LCH07,Josephine Sellars Latch,Photo,historicalImage,patched,sbP4gqSkGjehGl77iAKIiY,,Person
LCH09,Latch family,Photo,historicalImage,patched,WOdasKzWYNoImJ3aDFFMy2,Tredyffrin,Person
LCH08,Josephine Sellars Latch,Photo,historicalImage,patched,WOdasKzWYNoImJ3aDFFL2i,,Person
LCH11,Unidentified Group,Photo,historicalImage,patched,WOdasKzWYNoImJ3aDFFMXW,,Person
LCH12,Unidentified Person,Photo,historicalImage,patched,sbP4gqSkGjehGl77iAKJcg,,Person
LCH10,Latch family,Photo,historicalImage,patched,WOdasKzWYNoImJ3aDFFM70,Tredyffrin,Person
LCH15,William Clavius Latch & colt,Photo,historicalImage,patched,boIVl02DH7EDt0T3jKwgUQ,,Person
LCH13,W. C. & A. S. Latch with horses,Photo,historicalImage,patched,WOdasKzWYNoImJ3aDFFObg,,Person
LCH14,William Clavius Latch,Photo,historicalImage,patched,sbP4gqSkGjehGl77iAKJnu,,Person
BE76,"Sleet Storm, Berwyn",Photo,historicalImage,patched,WOdasKzWYNoImJ3aDFFSWk,Easttown,View
LCH16,William Clavius Latch & horse,Photo,historicalImage,patched,sbP4gqSkGjehGl77iAKKRC,Tredyffrin,Person
LCH17,William Clavius Latch,Photo,historicalImage,patched,WOdasKzWYNoImJ3aDFFQAu,,Person
BEA03,Beadle family,Photo,historicalImage,patched,sbP4gqSkGjehGl77iAKM1Q,Tredyffrin,Person
BEA01,4 Generations of the Beadle family,Photo,historicalImage,patched,boIVl02DH7EDt0T3jKwhsE,Tredyffrin,Person
BEA02,Beadle family,Photo,historicalImage,patched,sbP4gqSkGjehGl77iAKKuf,Tredyffrin,Person
BEA04,Beadle House,Photo,historicalImage,patched,boIVl02DH7EDt0T3jKwjG2,Tredyffrin; House,
BPS04,Berwyn School Class,Photo,historicalImage,patched,boIVl02DH7EDt0T3jKwitS,Easttown,Person
BPS05,Berwyn School Class,Photo,historicalImage,patched,WOdasKzWYNoImJ3aDFFVJ6,Easttown,Person
CH23,Berwyn Baptist Chapel,,historicalImage,patched,WOdasKzWYNoImJ3aDFFVo2,Tredyffrin; Church,
CH22,Berwyn 75th Anniversary Service,Photo,historicalImage,patched,sbP4gqSkGjehGl77iAKMlj,Tredyffrin; Cultural; donation:9,
DLC03,Devon Log Cabin,Photo,historicalImage,patched,boIVl02DH7EDt0T3jKwlus,Tredyffrin; House,
HOU53,Latch driveway,Photo,historicalImage,patched,WOdasKzWYNoImJ3aDFFbRA,Tredyffrin; House,
DRE01,Dorothy Reed,Photo,historicalImage,patched,sbP4gqSkGjehGl77iAKNFC,,Person
HOU52,Bartholomew Farmhouse,Photo,historicalImage,patched,sbP4gqSkGjehGl77iAKNP1,East Whiteland; House,
KPI04,King of Prussia Inn,Photo,historicalImage,patched,boIVl02DH7EDt0T3jKwnPS,Upper Merion; Inn,
PAE01,"Farmhouse, Patterson Estate, Devon",Photo,historicalImage,patched,sbP4gqSkGjehGl77iAKOh0,Easttown; House,
KCB13,Knox Covered Bridge damage,Photo,historicalImage,patched,WOdasKzWYNoImJ3aDFFbDu,Tredyffrin,Place
PAE02,"Patterson Estate, Devon",Photo,historicalImage,patched,sbP4gqSkGjehGl77iAKOcn,Easttown; House,
PAE03,"Patterson Estate, Devon",Photo,historicalImage,patched,sbP4gqSkGjehGl77iAKOSy,Easttown; House,
PEO30,Ruth Lareaux & Dorothy Reed,Photo,historicalImage,patched,boIVl02DH7EDt0T3jKwpRu,Upper Merion; donation:9,Person
PEO32,Unidentified family,Photo,historicalImage,patched,sbP4gqSkGjehGl77iAKPOV,,Person
PEO31,Scout Troup. leader Franklin Wandless,Photo,historicalImage,patched,sbP4gqSkGjehGl77iAKPAT,,Person
PTE01,Paul Teamer,Photo,historicalImage,patched,WOdasKzWYNoImJ3aDFFgiC,,Person
Q04,"Serpentine Quarry, Devon",Photo,historicalImage,patched,boIVl02DH7EDt0T3jKwrJ4,Easttown; Quarry,
RDS03,"Milestone 27, Lancaster Turnpike",Photo,historicalImage,patched,sbP4gqSkGjehGl77iAKQWf,West Whiteland,Road
RDS04,"Milestone 28, Lancaster Turnpike",Photo,historicalImage,patched,sbP4gqSkGjehGl77iAKR9x,West Whiteland,Road
VLC05,Van Leer Log Cabin,Drawing,historicalImage,patched,sbP4gqSkGjehGl77iAKRdQ,Tredyffrin; House,
VLC06,Van Leer Log Cabin,Photo,historicalImage,patched,WOdasKzWYNoImJ3aDFFkLa,Tredyffrin; House,
VLC07,Van Leer Log Cabin,Drawing,historicalImage,patched,WOdasKzWYNoImJ3aDFFkCk,Tredyffrin; House,
TEC01,First History Club Banquet at Windmill Tea Room,Photo,historicalImage,patched,sbP4gqSkGjehGl77iAKTAq,Tredyffrin,Person
EHC34,Tredyffrin-Easttown History Club Members,Photo,historicalImage,patched,sbP4gqSkGjehGl77iAKSyD,,Person
EHC33,Tredyffrin-Easttown History Club Members,Photo,historicalImage,patched,sbP4gqSkGjehGl77iAKT11,,Person
TEC04,History Club Banquet at Wayside Inn,Photo,historicalImage,patched,sbP4gqSkGjehGl77iAKTo8,,Person
TEC03,History Club Banquet,Photo,historicalImage,patched,sbP4gqSkGjehGl77iAKTeJ,,Person
TEC02,"Placecard, First History Club Banquet at Windmill Tea Room",Drawing,historicalImage,patched,sbP4gqSkGjehGl77iAKU0l,,Person
TEC05,History Club Picnic,Photo,historicalImage,patched,boIVl02DH7EDt0T3jKwyIc,,Person
TEC06,History Club Picnic,Photo,historicalImage,patched,WOdasKzWYNoImJ3aDFFrgm,,Person
TEC07,History Club Picnic,Photo,historicalImage,patched,WOdasKzWYNoImJ3aDFFuko,,
TEC10,History Club Banquet,Photo,historicalImage,patched,sbP4gqSkGjehGl77iAKVi0,Easttown,Person
TEC08,History Club Picnic,Photo,historicalImage,patched,boIVl02DH7EDt0T3jKwysk,,Person
TEC09,History Club Banquet,Photo,historicalImage,patched,WOdasKzWYNoImJ3aDFFtyC,Easttown,Person
TEC13,History Club Banquet,Photo,historicalImage,patched,WOdasKzWYNoImJ3aDFFybS,Easttown,Person
TEC12,History Club Banquet,Photo,historicalImage,patched,boIVl02DH7EDt0T3jKx32A,Easttown,Person
TEC11,History Club Banquet,Photo,historicalImage,patched,sbP4gqSkGjehGl77iAKWlx,Easttown,Person
TPS01,Tea Party at Stirling's Quarters in honor of Compilers of 'Great Valley Days',Photo,historicalImage,patched,boIVl02DH7EDt0T3jKx3ys,Tredyffrin,Person
TPS03,Tea Party at Stirling's Quarters in honor of Compilers of 'Great Valley Days',Photo,historicalImage,patched,WOdasKzWYNoImJ3aDFG5sE,Tredyffrin,Person
TPS02,Tea Party at Stirling's Quarters in honor of Compilers of 'Great Valley Days',Photo,historicalImage,patched,sbP4gqSkGjehGl77iAKYOz,Tredyffrin,Person
TPS05,Tea Party at Stirling's Quarters in honor of Compilers of 'Great Valley Days',Photo,historicalImage,patched,WOdasKzWYNoImJ3aDFG9Mm,Tredyffrin,Person
ETS04,Easttown School,Postcard,historicalImage,patched,sbP4gqSkGjehGl77iAKaAR,Easttown; School,
TPS04,Tea Party at Stirling's Quarters in honor of Compilers of 'Great Valley Days',Photo,historicalImage,patched,boIVl02DH7EDt0T3jKx6Es,Tredyffrin,Person
PEO33,Bob Nye,Photo,historicalImage,patched,WOdasKzWYNoImJ3aDFGCZe,,Person
PEO34,Eilene Cheney,Photo,historicalImage,patched,WOdasKzWYNoImJ3aDFGFmW,,Person
PEO35,Jim Lawson,Photo,historicalImage,patched,sbP4gqSkGjehGl77iAKb0M,,Person
PEO36,Joe Diamond,Photo,historicalImage,patched,sbP4gqSkGjehGl77iAKbHC,,Person
PEO37,Russell B. Spencer,Photo,historicalImage,patched,WOdasKzWYNoImJ3aDFGIhi,,Person
PEO38,Ruth Baldwin,Photo,historicalImage,patched,sbP4gqSkGjehGl77iAKcq1,,Person
PEO40,Ted Meyers,Photo,historicalImage,patched,WOdasKzWYNoImJ3aDFGN3I,,Person
PEO41,Vincent F. Hembrook,Photo,historicalImage,patched,sbP4gqSkGjehGl77iAKdYv,,Person
PEO39,Stanley Lunde,Photo,historicalImage,patched,boIVl02DH7EDt0T3jKxCQk,,Person
PEO43,Unidentified Group,Photo,historicalImage,patched,boIVl02DH7EDt0T3jKxFok,,Person
TEH25,Tredyffrin-Easttown High School,Photo,historicalImage,patched,sbP4gqSkGjehGl77iAKeUS,Tredyffrin,Person
PEO42,Unknown Person,Photo,historicalImage,patched,sbP4gqSkGjehGl77iAKejt,,Person
PEO45,Unidentified Group,Photo,historicalImage,patched,sbP4gqSkGjehGl77iAKfur,,Person
PEO44,Unidentified Group,Photo,historicalImage,patched,WOdasKzWYNoImJ3aDFGTBM,,Person
GPI02,General Paoli Inn,Drawing,historicalImage,patched,sbP4gqSkGjehGl77iAKgFu,Tredyffrin; Inn,
KCB14,Knox Covered Bridge,Drawing,historicalImage,patched,WOdasKzWYNoImJ3aDFGWFO,Tredyffrin,Road
LAF11,General Lafayette's Quarters,Photo,historicalImage,patched,boIVl02DH7EDt0T3jKxL8Q,Tredyffrin; House; donation:10,
PAC01,"Rear of Paoli Corner, routes 30 & 252",Photo,historicalImage,patched,WOdasKzWYNoImJ3aDFGXfm,Tredyffrin; House,
PAC03,"Front of Paoli Corner, routes 30 & 252",Photo,historicalImage,patched,boIVl02DH7EDt0T3jKxMd0,Tredyffrin; House,
PAC04,"Rear of Paoli Corner, routes 30 & 252",Photo,historicalImage,patched,WOdasKzWYNoImJ3aDFGb1U,Tredyffrin; House,
PAC02,"Rear of Paoli Corner, routes 30 & 252",Photo,historicalImage,patched,WOdasKzWYNoImJ3aDFGYAi,Tredyffrin; House,
PAC05,"Rear of Paoli Corner, routes 30 & 252",Photo,historicalImage,patched,WOdasKzWYNoImJ3aDFGbww,Tredyffrin; House,
TEH27,T-E High School Class of 1941,Photo,historicalImage,patched,boIVl02DH7EDt0T3jKxNgU,School,
TEH26,"T-E High School Class of 1941, 50th reunion",Photo,historicalImage,patched,sbP4gqSkGjehGl77iAKhCq,School,Frazer
TEH28,T-E High School Class of 1941,Photo,historicalImage,patched,sbP4gqSkGjehGl77iAKhdV,School,
TEH29,"T-E High School Class of 1941, 15th reunion",Photo,historicalImage,patched,WOdasKzWYNoImJ3aDFGdwg,School,West Chester
MF01,"Aerial vertical image of Paoli, date unknown",photo,historicalImage,patched,boIVl02DH7EDt0T3jKxOxW,Tredyffrin; Business; donation:6,
MF04,"Walter T Matthews at wheel, w/perhaps Henry Ford",photo,historicalImage,patched,ZU1zacbStxpdG6i1jzr5Aj,Business; donation:6,
MF03,"Looking SW, Matthews showroom w/ Lincoln, Ford and Fordson …",photo,historicalImage,patched,boIVl02DH7EDt0T3jKxQog,Tredyffrin; Business; donation:6,
MF02,"Interior Matthews showroom shot, Jim Matthews in 1903 model A.",photo,historicalImage,patched,sbP4gqSkGjehGl77iAKjHw,Tredyffrin; Business; donation:6,
MF05,Walter Matthews home and gardens at Cedar Hollow & Paoli Pike (Wistar Rd),photo,historicalImage,patched,sbP4gqSkGjehGl77iAKkDT,Tredyffrin; Business; donation:6,
MF06,Original Walter T Matthews Motor Car shop in Paoli,photo,historicalImage,patched,WOdasKzWYNoImJ3aDFGnM2,Tredyffrin; Business; donation:6,
MF07,Walter T Matthews Motor Car shop in 1918 during WWI,photo,historicalImage,patched,sbP4gqSkGjehGl77iAKkQ6,Tredyffrin; Business; donation:6,
MF10,Matthews Ford with their Lincoln towtruck,photo,historicalImage,patched,sbP4gqSkGjehGl77iAKlBo,Tredyffrin; Business; donation:6,
MF09,Original Walter T Matthews Motor Car shop from the Lincoln Highway,photo,historicalImage,patched,boIVl02DH7EDt0T3jKxTP0,Tredyffrin; Business; donation:6,
MF08,"Walter T Matthews, and his Ford dealership, in the summer of 1934",photo,historicalImage,patched,boIVl02DH7EDt0T3jKxSr8,Tredyffrin; Business; donation:6,
MF13,Matthews Ford lower level showroom in the late ‘20s,photo,historicalImage,patched,WOdasKzWYNoImJ3aDFGzcA,Tredyffrin; Business; donation:6,
MF11,"Interior of Walter T Matthews Lincoln, Ford, Fordson dealership",photo,historicalImage,patched,boIVl02DH7EDt0T3jKxUbW,Tredyffrin; Business; donation:6,
MF12,"Looking NW, Matthews Ford as seen across Rte. 122",photo,historicalImage,patched,WOdasKzWYNoImJ3aDFGuhE,Tredyffrin; Business; donation:6,
MF16,"Facing Northeast, Ford sales display across Greenwood Ave. on the Lincoln Highway",photo,historicalImage,patched,boIVl02DH7EDt0T3jKxWZS,Business; donation:6,
MF14,Looking W down Lincoln Highway Matthews Ford and Lincoln,photo,historicalImage,patched,boIVl02DH7EDt0T3jKxX0Y,Tredyffrin; Business; donation:6,
MF15,"Looking W, Matthews Ford from Point w/ original Matthews motor car bldg., 1920s",photo,historicalImage,patched,ZU1zacbStxpdG6i1jzrFa8,Tredyffrin; Business; donation:6,
MF17,"Truck test ramp across Greenwood Ave on the Lincoln Highway, with Paoli rail yard behind.",photo,historicalImage,patched,ZU1zacbStxpdG6i1jzrGq4,Tredyffrin; Business; donation:6,
MF19,The “Point” at Lancaster and Paoli pikes that became the Matthews Ford dealership,photo,historicalImage,patched,ZU1zacbStxpdG6i1jzrHcm,Tredyffrin; Business; donation:6,
MF18,"Walter T Matthews, and his Ford dealership, in the summer of 1934",photo,historicalImage,patched,boIVl02DH7EDt0T3jKxY6I,Tredyffrin; Business; donation:6,
MF21,"Looking north across Lincoln Hwy at Ford Tractor Fair, November 1924",photo,historicalImage,patched,boIVl02DH7EDt0T3jKxZC2,Tredyffrin; Business; donation:6,
MF20,"Original Walter T Matthews Motor Car shop in Paoli, undated",photo,historicalImage,patched,ZU1zacbStxpdG6i1jzrHmW,Tredyffrin; Business; donation:6,
MF22,Lincoln tow truck in front of Memorial Arch at Valley Forge,photo,historicalImage,patched,sbP4gqSkGjehGl77iAKpYd,Upper Merion; Business; donation:6,
MF23,"Interior of Matthews Ford, with Fordson display, looking Northwest at Lincoln Highway.",photo,historicalImage,patched,boIVl02DH7EDt0T3jKxZhe,Tredyffrin; Business; donation:6,
MF24,Eight Fordson tractors in PRR Paoli railyard sometime before 1934,photo,historicalImage,patched,sbP4gqSkGjehGl77iAKpsH,Tredyffrin; Business; donation:6,
MF25,"Matthews Fordson Tractor Shop adjacent to PRR mainline, Paoli",photo,historicalImage,patched,WOdasKzWYNoImJ3aDFH8sg,Tredyffrin; Business; donation:6,
MF26,"Paoli Truck & Tractor Exhibit, November 1924, looking north across Lincoln Highway",photo,historicalImage,patched,ZU1zacbStxpdG6i1jzrJ01,Tredyffrin; Business; donation:6,
MF28,"Looking north at Paoli railyard during lumber yard conflagration July 29, 1932",photo,historicalImage,patched,WOdasKzWYNoImJ3aDFHA5o,Tredyffrin; Business; donation:6,
MF27,"Looking north at Paoli railyard during lumber yard fire, July 29, 1932",photo,historicalImage,patched,boIVl02DH7EDt0T3jKxawQ,Tredyffrin; Business; donation:6,
MF29,"Looking north at Paoli railyard during lumber yard conflagration July 29, 1932",photo,historicalImage,patched,WOdasKzWYNoImJ3aDFHAo0,Tredyffrin; Business; donation:6,
MF30,"Looking north at Paoli railyard during lumber yard conflagration July 29, 1932",photo,historicalImage,patched,sbP4gqSkGjehGl77iAKqVZ,Tredyffrin; Business; donation:6,
MF31,"Looking N at Paoli railyard during lumber yard conflagration July 29, 1932",photo,historicalImage,patched,ZU1zacbStxpdG6i1jzrKgk,Tredyffrin; Business; donation:6,
MF34,"North of Lincoln Hwy, Paoli, July 18, 1932",photo,historicalImage,patched,sbP4gqSkGjehGl77iAKr3F,Tredyffrin; Business; donation:6,
MF32,"North of Lincoln Hwy, Paoli, July 18, 1932",photo,historicalImage,patched,boIVl02DH7EDt0T3jKxbWY,Tredyffrin; Business; donation:6,
MF33,"North of Lincoln Hwy, Paoli, July 18, 1932",photo,historicalImage,patched,boIVl02DH7EDt0T3jKxbqs,Tredyffrin; Business; donation:6,
MF37,"A Ford chassis display north of Lincoln Highway near Greenwood Ave, Paoli.",photo,historicalImage,patched,sbP4gqSkGjehGl77iAKrHH,Tredyffrin; Business; donation:6,
MF35,"North of Lincoln Hwy, Paoli, July 18, 1932",photo,historicalImage,patched,ZU1zacbStxpdG6i1jzrLM9,Tredyffrin; Business; donation:6,
MF36,"Paoli Truck & Tractor Exhibit, looking north across Lincoln Highway",photo,historicalImage,patched,sbP4gqSkGjehGl77iAKrMt,Tredyffrin; Business; donation:6,
MF40,"Upright Ford chassis at Main Line Airport, looking Northwest towards North Valley Ridge",photo,historicalImage,patched,ZU1zacbStxpdG6i1jzrLmw,East Whiteland; Business; donation:6,
MF38,"Matthews display at Main Line Airport, looking north from Swedesford Rd, date unknown",photo,historicalImage,patched,boIVl02DH7EDt0T3jKxd7u,Tredyffrin; Business; donation:6,
MF39,"Matthews display at Main Line Airport, looking southwest towards Swedesford Rd, no date",photo,historicalImage,patched,boIVl02DH7EDt0T3jKxd18,East Whiteland; Business; donation:6,
MF41,"Lineup of Fords in Paoli with catenary in background, no date",photo,historicalImage,patched,sbP4gqSkGjehGl77iAKrtA,Business; donation:6,
MF43,"Close-up of one Tri-motor, with another behind, at Main Line Airport",photo,historicalImage,patched,WOdasKzWYNoImJ3aDFHFE0,East Whiteland; Business; donation:6,
MF42,"Five men, incl. Nick Morris on left, pose before Tri-motor at Main Line Airport",photo,historicalImage,patched,boIVl02DH7EDt0T3jKxdUU,East Whiteland; Business; donation:6,
MF45,"Facing Swedesford Road, two Tri-motors park west of T-hangars at Main Line Airport",photo,historicalImage,patched,boIVl02DH7EDt0T3jKxdxq,East Whiteland; Business; donation:6,
MF44,Four men fuel a Tri-motor by hand at the Main Line Airport,photo,historicalImage,patched,sbP4gqSkGjehGl77iAKshg,East Whiteland; Business; donation:6,
MF46,Vance Moody Groceries truck parked in front of Walter T. Matthews home,photo,historicalImage,patched,WOdasKzWYNoImJ3aDFHFnM,Tredyffrin; Business; donation:6,
MF47,Clifton & Hamilton tow truck parked south of PRR Paoli switch tower,photo,historicalImage,patched,boIVl02DH7EDt0T3jKxeFu,Tredyffrin; Business; donation:6,
MF48,East Whiteland school bus waits beside the Paoli Elementary School on E. Central Ave.,photo,historicalImage,patched,WOdasKzWYNoImJ3aDFHGZy,Tredyffrin; Business; donation:6,
MF49,An Eachus Dairy truck,photo,historicalImage,patched,sbP4gqSkGjehGl77iAKt2j,Business; donation:6,
MF50,East Whiteland school bus waits beside the Paoli Elementary School on E. Central Ave.,photo,historicalImage,patched,4ZBAy3PRHnIvv5vkUMePCT,Tredyffrin; Business; donation:6,
MF51,"Benjamin C. Betner Container truck of Devon, photographed in Paoli facing PRR railyard",photo,historicalImage,patched,4ZBAy3PRHnIvv5vkUMeP5t,Tredyffrin; Business; donation:6,
MF52,Martin Century Farm milk truck,photo,historicalImage,patched,WOdasKzWYNoImJ3aDFHH4u,Business; donation:6,
MF55,Harry Wilson Coal & Feed truck of Frazer,photo,historicalImage,patched,ZU1zacbStxpdG6i1jzrOIo,Business; donation:6,
MF53,A line-up of Matthews’ Fords on a rainy day,photo,historicalImage,patched,ZU1zacbStxpdG6i1jzrNYX,Business; donation:6,
MF54,Luberoid Roofing truck of Paoli,photo,historicalImage,patched,sbP4gqSkGjehGl77iAKtu3,Business; donation:6,
MF56,Emil Dill Antiques truck of Paoli,photo,historicalImage,patched,boIVl02DH7EDt0T3jKxfkU,Business; donation:6,
MF57,Two Hubs Stores delivery trucks,photo,historicalImage,patched,ZU1zacbStxpdG6i1jzrOjb,Business; donation:6,
MF58,Firetruck in front of Matthews Ford,photo,historicalImage,patched,sbP4gqSkGjehGl77iAKuYk,Tredyffrin; Business; donation:6,
GLS3,"Closeup of the Glassley School, June 1888",photo,historicalImage,patched,ZU1zacbStxpdG6i1jzrPdc,Easttown; School; donation:2,
BM01,"Berwyn United Methodist Episcopal Church, Church Ave., December 30, 1888",photo,historicalImage,patched,ZU1zacbStxpdG6i1jzrPRR,Easttown; Church; donation:2,
DEV7,"Looking east on Lancaster Pike toward Devon. Glassley School on right, June 1888",photo,historicalImage,patched,boIVl02DH7EDt0T3jKxg2Y,Easttown; donation:2,Place
TPC6,"Trinity Presbyterian Church of Berwyn, Winter, 1887-8",photo,historicalImage,patched,ZU1zacbStxpdG6i1jzrPnM,Easttown; Church; donation:2,
BM02,"Interior of  Berwyn United Methodist Episcopal Church, December 30, 1888",photo,historicalImage,patched,4ZBAy3PRHnIvv5vkUMeUpF,Easttown; Church; donation:2,
TPC5,"Trinity Presbyterian Church of Berwyn, Church and Berwyn Avenues, Summer 1888",photo,historicalImage,patched,WOdasKzWYNoImJ3aDFHKDM,Easttown; Church; donation:2,
RBE12,"Pennsylvania Railroad station in Berwyn, Summer 1888",photo,historicalImage,patched,4ZBAy3PRHnIvv5vkUMeVpl,Easttown; Railroad; donation:2,
BBC01,"Baptist Chapel, Cassatt Avenue, Berwyn, Summer 1887",photo,historicalImage,patched,WOdasKzWYNoImJ3aDFHKr8,Tredyffrin; Church; donation:2,
KLS01,"Kromer Livery Stables, Lancaster Pike, Berwyn, 1888",photo,historicalImage,patched,sbP4gqSkGjehGl77iAKusO,Easttown; Business; donation:2,
LAB10,"Lancaster Pike toll gate, Berwyn, 1887",photo,historicalImage,patched,boIVl02DH7EDt0T3jKxh62,Easttown; donation:2,Road
GPI03,Paoli Inn looking NE - 1888,photo,historicalImage,patched,4ZBAy3PRHnIvv5vkUMeWmz,Tredyffrin; Inn; donation:2,
GPI04,"Paoli (Inn) from the west, 1888",photo,historicalImage,patched,WOdasKzWYNoImJ3aDFHLr0,Tredyffrin; Inn; donation:2,
MLP6,"Canal Collector’s Office, Lancaster Pike & Valley Roads, Paoli, 1888",photo,historicalImage,patched,4ZBAy3PRHnIvv5vkUMeXqn,Tredyffrin; Railroad; donation:2,
PA28,"Paoli (Inn) Blacksmith & Wheelwright shop, west of Inn, 1888",photo,historicalImage,patched,boIVl02DH7EDt0T3jKxhQM,Tredyffrin; donation:2,Place
CGS01,"Church of the Good Samaritan on Lancaster Pike, Paoli, 1888",photo,historicalImage,patched,WOdasKzWYNoImJ3aDFHMi2,Tredyffrin; Church; donation:2,
GJI5,"The General Jackson Inn near Mile Post 18, Paoli, 1888",photo,historicalImage,patched,4ZBAy3PRHnIvv5vkUMeY0f,Tredyffrin; Inn; donation:2,
TPC7,"Trinity Presbyterian Church, Berwyn",photo,historicalImage,patched,boIVl02DH7EDt0T3jKxiGI,Easttown; Church; donation:2,
LAB7,"Lancaster Pike and Main Avenue, Berwyn, looking east",Postcard,historicalImage,patched,4ZBAy3PRHnIvv5vkUMeYxt,Easttown; donation:2,View
BM03,"Berwyn Methodist Episcopal Church, 1904",Postcard,historicalImage,patched,ZU1zacbStxpdG6i1jzrSha,Easttown; Church; donation:2,
RBE13,"Berwyn Station Pennsylvania Railroad, 1904",Postcard,historicalImage,patched,boIVl02DH7EDt0T3jKxhvy,Easttown; Railroad; donation:2,
BE78,"Stairs facing Lancaster Pike and Main Avenue, 1904",Postcard,historicalImage,patched,WOdasKzWYNoImJ3aDFHTGc,Easttown; donation:2,View
SMB02,"St. Monica’s Roman Catholic Church, 1906",Postcard,historicalImage,patched,boIVl02DH7EDt0T3jKxiuw,Easttown; Church; donation:2,
SMB03,"Interior of St. Monica’s R.C. Church, 1904",Postcard,historicalImage,patched,WOdasKzWYNoImJ3aDFHU3E,Easttown; Church; donation:2,
FBB11,"First Baptist Church, Waterloo and Berwyn Avenues, 1904",photo,historicalImage,patched,4ZBAy3PRHnIvv5vkUMeccv,Easttown; Church; donation:2,
SDC16,"Old St. David’s Church at Radnor PA, 1904",Postcard,historicalImage,patched,boIVl02DH7EDt0T3jKxkfK,Radnor; Church; donation:2,
SDC17,Entrance of Old St. David’s Church at Radnor,Postcard,historicalImage,patched,boIVl02DH7EDt0T3jKxkRm,Radnor; Church; donation:2,
RBE14,Portrait of Joe Bloomer and Willie Bradley at Berwyn Station - 1904,photo,historicalImage,patched,WOdasKzWYNoImJ3aDFHVpi,Easttown; Railroad; donation:2,
SDC18,"Interior of Old St. David’s Church, Radnor, 1905",postcard,historicalImage,patched,boIVl02DH7EDt0T3jKxm38,Radnor; Church; donation:2,
WHQ23,"Washington’s Headquarters, Valley Forge, 1904",photo,historicalImage,patched,sbP4gqSkGjehGl77iAKyE4,Upper Merion; House; donation:2,
SDC19,"Old St. David’s Church at Radnor, 1906",postcard,historicalImage,patched,4ZBAy3PRHnIvv5vkUMegBN,Radnor; Church; donation:2,
LAB11,"Lancaster Pike at the Lower Bridge, Berwyn,",Postcard,historicalImage,patched,4ZBAy3PRHnIvv5vkUMei97,Easttown; donation:2,View
BE79,A Water Tower near Berwyn,postcard,historicalImage,patched,boIVl02DH7EDt0T3jKxn26,donation:2,View
SDC20,Old St. David’s Church of Radnor,postcard,historicalImage,patched,WOdasKzWYNoImJ3aDFHZpC,Radnor; Church; donation:2,
BE80,"Valley Forge Rd, Warren Ave. and Lancaster Pike, facing east towards Wynburne Inn, Berwyn",postcard,historicalImage,patched,ZU1zacbStxpdG6i1jzrYRA,donation:2,View
RHY01,"Rhydlyn, Berwyn - 1908",photo,historicalImage,patched,sbP4gqSkGjehGl77iAKzhH,Easttown; House; donation:2,
ELI01,"Reading Room, Lancaster Pike & Waterloo Ave. Berwyn",postcard,historicalImage,patched,boIVl02DH7EDt0T3jKxnyo,Easttown; donation:2,Service
ETS06,"Bridge Avenue showing Easttown High School, Berwyn - 1905",Postcard,historicalImage,patched,WOdasKzWYNoImJ3aDFHeAm,Easttown; donation:2,View
LAB12,"Lancaster Pike - Bridge Avenue and Paoli Road, Berwyn",photo,historicalImage,patched,4ZBAy3PRHnIvv5vkUMel45,Easttown; donation:2,View
BBC02,"Chapel of the Baptist Church in the Great Valley, Berwyn PA - 1904",photo,historicalImage,patched,4ZBAy3PRHnIvv5vkUMekuD,Tredyffrin; Church; donation:2,
ETS09,"May Pole Fete, Easttown School, Berwyn - 1904",photo,historicalImage,patched,boIVl02DH7EDt0T3jKxuV0,Easttown; School; donation:2,
ETS08,"Students of the Easttown High School, Berwyn, PA",photo,historicalImage,patched,boIVl02DH7EDt0T3jKxuFC,Easttown; donation:2,Person
ETS07,"Easttown High School, Berwyn",photo,historicalImage,patched,WOdasKzWYNoImJ3aDFHek8,Easttown; School; donation:2,
RBE15,Berwyn,photo,historicalImage,patched,4ZBAy3PRHnIvv5vkUMemOL,Easttown; donation:2,View
CAA4,The Village of Berwyn,photo,historicalImage,patched,ZU1zacbStxpdG6i1jzra0a,Business; donation:2,
RBE16,Berwyn Station Pennsylvania Railroad,photo,historicalImage,patched,WOdasKzWYNoImJ3aDFHffa,Easttown; Railroad; donation:2,
BUS18,Lichtenfeld’s store,Postcard,historicalImage,patched,4ZBAy3PRHnIvv5vkUMenOr,Easttown; Business; donation:2,
FRL4,Fritz Lumber,photo,historicalImage,patched,sbP4gqSkGjehGl77iAL1HV,Easttown; Business; donation:2,
LAB8,A View on Lancaster Pike above Berwyn Station,photo,historicalImage,patched,sbP4gqSkGjehGl77iAL1DI,Easttown; donation:2,View
WYI04,Wynburne Inn,postcard,historicalImage,patched,WOdasKzWYNoImJ3aDFHhJE,Easttown; Inn; donation:2,
TEH32,Tredyffin-Easttown High School,postcard,historicalImage,patched,boIVl02DH7EDt0T3jKxvNC,Tredyffrin; School; donation:2,
WYI05,Wynburne Inn,postcard,historicalImage,patched,ZU1zacbStxpdG6i1jzraiQ,Easttown; Inn; donation:2,
DEI07,Devon Inn,photo,historicalImage,patched,boIVl02DH7EDt0T3jKxvv4,Easttown; Inn; donation:2,
RIH02,Richardson House,photo,historicalImage,patched,sbP4gqSkGjehGl77iAL2VH,Tredyffrin; House; donation:2,
PUQ03,Brookmead Farm,postcard,historicalImage,patched,sbP4gqSkGjehGl77iAL2Ie,Tredyffrin; Farm; donation:2,
DEI08,Grand Entrance of the Devon Inn,postcard,historicalImage,patched,boIVl02DH7EDt0T3jKxwVC,Easttown; Inn; donation:2,
DEI10,Front of the Devon Inn,postcard,historicalImage,patched,sbP4gqSkGjehGl77iAL2rj,Easttown; Inn; donation:2,
DEI09,"Porch Cafe, Devon Inn",postcard,historicalImage,patched,sbP4gqSkGjehGl77iAL2m7,Easttown; Inn; donation:2,
VC02,View from Knox Covered Bridge,photo,historicalImage,patched,sbP4gqSkGjehGl77iAL3Gz,Upper Merion; donation:2,View
CGS02,"Good Samaritan Church, Paoli",photo,historicalImage,patched,ZU1zacbStxpdG6i1jzrcgC,Tredyffrin; Church; donation:2,
VC01,Valley Creek and Valley Forge Road,postcard,historicalImage,patched,boIVl02DH7EDt0T3jKxwwI,Upper Merion; donation:2,View
LAB13,"Paoli Road, Berwyn",photo,historicalImage,patched,ZU1zacbStxpdG6i1jzrczg,Tredyffrin; donation:2,View
LAB14,"Paoli Road, Berwyn",photo,historicalImage,patched,WOdasKzWYNoImJ3aDFHmaG,Tredyffrin; donation:2,View
LAB15,"Paoli Road, Berwyn",photo,historicalImage,patched,boIVl02DH7EDt0T3jKxxvG,Tredyffrin; donation:2,View
LAB9,"Lancaster Avenue, Berwyn",photo,historicalImage,patched,sbP4gqSkGjehGl77iAL3uH,Easttown; donation:2,View
CAA3,"Cassatt Avenue, Berwyn",postcard,historicalImage,patched,ZU1zacbStxpdG6i1jzrelH,Tredyffrin; donation:2,Road
LAB16,"Paoli Road, Berwyn",photo,historicalImage,patched,ZU1zacbStxpdG6i1jzreWf,Tredyffrin; donation:2,View
DEV11,View from Devon Inn,postcard,historicalImage,patched,sbP4gqSkGjehGl77iAL4QY,Easttown; Inn; donation:2,
WYI6,Wynburne Inn,photo,historicalImage,patched,boIVl02DH7EDt0T3jKxyyk,Tredyffrin; Inn; donation:2,
ECH01,Cathcart Mansion,photo,historicalImage,patched,sbP4gqSkGjehGl77iAL4FK,Tredyffrin; House; donation:2,
SDC22,St David’s Church,photo,historicalImage,patched,WOdasKzWYNoImJ3aDFHpZs,Radnor; Church; donation:2,
SDC21,St David’s Church,photo,historicalImage,patched,ZU1zacbStxpdG6i1jzrftu,Radnor; Church; donation:2,
MLP7,North side of Paoli Station,photo,historicalImage,patched,sbP4gqSkGjehGl77iAL4vQ,Tredyffrin; Railroad; donation:2,
MLP8,View of Paoli Rail Yard,postcard,historicalImage,patched,WOdasKzWYNoImJ3aDFHrHw,Tredyffrin; Railroad; donation:2,
MLP9,View from Paoli Station,postcard,historicalImage,patched,sbP4gqSkGjehGl77iAL5UV,Tredyffrin; Railroad; donation:2,
PA29,"Valley Road, Paoli",postcard,historicalImage,patched,sbP4gqSkGjehGl77iAL5a7,Tredyffrin; donation:2,Road
MLP10,"Superintendent's Office, Paoli",Postcard,historicalImage,patched,boIVl02DH7EDt0T3jKy1Nm,Tredyffrin; Railroad; donation:2,
KNQ08,General Knyphuasen's Quarters,photo,historicalImage,patched,boIVl02DH7EDt0T3jKy2Fy,Tredyffrin; House; donation:2,
GVP5,Great Valley Presbyterian Church,postcard,historicalImage,patched,WOdasKzWYNoImJ3aDFHtHg,Tredyffrin; Church; donation:2,
DUP06,Duportail’s Quarters,photo,historicalImage,patched,ZU1zacbStxpdG6i1jzrjn1,Tredyffrin; House; donation:2,
STI11,Stirling’s Quarters,photo,historicalImage,patched,ZU1zacbStxpdG6i1jzrit0,Tredyffrin; House; donation:2,
HSQ02,Howe’s Quarters,photo,historicalImage,patched,ZU1zacbStxpdG6i1jzrjTX,Tredyffrin; House; donation:2,
UFG9,"Upper Forge site, Valley Forge",photo,historicalImage,patched,sbP4gqSkGjehGl77iAL8SK,Tredyffrin; Business; donation:2,
WOH01,Workizer's House,photo,historicalImage,patched,boIVl02DH7EDt0T3jKy4Vy,Tredyffrin; House; donation:2,
CHE16,Captain John Davis’ Quarters aka Cassatt Homestead,photo,historicalImage,patched,boIVl02DH7EDt0T3jKy4f0,Tredyffrin; Business; donation:2,
SCU4,"Site of Sullivan’s Bridge, Valley Forge",photo,historicalImage,patched,WOdasKzWYNoImJ3aDFI3gu,Upper Merion; donation:2,View
MJR2,Mount Joy from Valley Forge Road (route 252),photo,historicalImage,patched,WOdasKzWYNoImJ3aDFI2Kw,Tredyffrin; donation:2,View
VFP39,Waterman’s Monument,photo,historicalImage,patched,ZU1zacbStxpdG6i1jzrmQC,Upper Merion; Military; donation:2,
LOH02,Prentice Lobb’s home “Montebello”,postcard,historicalImage,patched,WOdasKzWYNoImJ3aDFI6Ba,Easttown; House; donation:2,
TPC3,"Trinity Presbyterian Church, Berwyn",photo,historicalImage,patched,sbP4gqSkGjehGl77iAL9g6,Easttown; Church; donation:2,
WAY5,Waynesborough,photo,historicalImage,patched,WOdasKzWYNoImJ3aDFI5TO,Easttown; House; donation:2,
LAB2,Lancaster Pike looking west - Berwyn,photo,historicalImage,patched,WOdasKzWYNoImJ3aDFI8XQ,Easttown; donation:2,View
BE81,Panoramic view of Berwyn (from Hillcrest),photo,historicalImage,patched,sbP4gqSkGjehGl77iALAwg,Tredyffrin; donation:2,View
HIC01,Hillcrest Estate,postcard,historicalImage,patched,sbP4gqSkGjehGl77iALAaE,Tredyffrin; House; donation:2,
BPM01,"Burns Planing Mill north of PRR tracks, Berwyn,",photo,historicalImage,patched,boIVl02DH7EDt0T3jKyAWY,Tredyffrin; Business; donation:2,
WYI3,Wynburne Inn,postcard,historicalImage,patched,WOdasKzWYNoImJ3aDFIDF6,Tredyffrin; Inn; donation:2,
BPM02,"W.H. Burns Builders Planing Mill, Berwyn,",photo,historicalImage,patched,ZU1zacbStxpdG6i1jzrqT3,Tredyffrin; Business; donation:2,
BE77,"Post Office & Church Avenue, Berwyn, 1906",photo,historicalImage,patched,boIVl02DH7EDt0T3jKyCAA,Easttown; Business; donation:2,
ETS05,"Easttown High School, Berwyn",photo,historicalImage,patched,ZU1zacbStxpdG6i1jzrrnr,Easttown; School; donation:2,
RBE11,"Lancaster Pike & Switch Tower, Berwyn,",postcard,historicalImage,patched,WOdasKzWYNoImJ3aDFIFWW,Easttown; Railroad; donation:2,
LAB3,"Post Office & Bank, Berwyn, 1908-09",photo,historicalImage,patched,sbP4gqSkGjehGl77iALD4a,Easttown; Business; donation:2,
TPC4,"Trinity Presbyterian Church, Berwyn",postcard,historicalImage,patched,boIVl02DH7EDt0T3jKyEiE,Easttown; Church; donation:2,
SDC15,Old St. David’s Church at Radnor,photo,historicalImage,patched,boIVl02DH7EDt0T3jKyEJO,Radnor; Church; donation:2,
SMB01,"St. Monica’s RC Church, Berwyn",postcard,historicalImage,patched,boIVl02DH7EDt0T3jKyEvm,Easttown; Church; donation:2,
TEH30,Tredyffrin Easttown High School,photo,historicalImage,patched,sbP4gqSkGjehGl77iALDyi,Tredyffrin; School; donation:2,
BAV01,"Berwyn Avenue looking west from Woodside Avenue, 1911",photo,historicalImage,patched,boIVl02DH7EDt0T3jKyFKc,Easttown; donation:2,View
GVP3,Great Valley Presbyterian Church,photo,historicalImage,patched,WOdasKzWYNoImJ3aDFIIno,Tredyffrin; Church; donation:2,
BPO2,Berwyn Post Office,photo,historicalImage,patched,boIVl02DH7EDt0T3jKyFx0,Easttown; Business; donation:2,
LAB4,"Scene from Upper Bridge, Berwyn, looking NE, 1914",photo,historicalImage,patched,boIVl02DH7EDt0T3jKyFqE,Easttown; donation:2,View
LAB5,Lancaster Pike looking east from Post Office,postcard,historicalImage,patched,WOdasKzWYNoImJ3aDFIKaI,Easttown; donation:2,View
BPO3,Berwyn Post Office,photo,historicalImage,patched,WOdasKzWYNoImJ3aDFIKEC,Easttown; Business; donation:2,
BCA01,"Church Ave, south from Lancaster Ave, Berwyn,",photo,historicalImage,patched,boIVl02DH7EDt0T3jKyGmw,Easttown; donation:2,Road
DEV8,Boulevard and Devon Station looking north,postcard,historicalImage,patched,sbP4gqSkGjehGl77iALF44,Easttown; Railroad; donation:2,
BPH01,"Berwyn Pharmacy on Lincoln Highway, 1931-2",photo,historicalImage,patched,sbP4gqSkGjehGl77iALEve,Easttown; Business; donation:2,
WAB2,"Waterloo Ave., south from Berwyn Ave",postcard,historicalImage,patched,sbP4gqSkGjehGl77iALEq2,Easttown; donation:2,Road
DEI03,"Devon Inn, postmark 1910",postcard,historicalImage,patched,boIVl02DH7EDt0T3jKyI3y,Easttown; Inn; donation:2,
DEI04,"Devon Inn, postmark 1910",postcard,historicalImage,patched,WOdasKzWYNoImJ3aDFIMVc,Easttown; Inn; donation:2,
DEI05,"Devon Inn looking south, postmark 1910",postcard,historicalImage,patched,sbP4gqSkGjehGl77iALFFI,Easttown; Inn; donation:2,
DEI06,"Devon Inn looking south, postmark 1910",postcard,historicalImage,patched,WOdasKzWYNoImJ3aDFINeK,Easttown; Inn; donation:2,
DEV9,"New Devon Garage and Antique Tea Room, Devon 1908",photo,historicalImage,patched,sbP4gqSkGjehGl77iALFbk,Tredyffrin; House; donation:2,
DEV10,"The Woodside Observatory, Devon",postcard,historicalImage,patched,WOdasKzWYNoImJ3aDFIO4q,donation:2,View
OGQ5,Ramble Images of General’s Quarters,postcard,historicalImage,patched,WOdasKzWYNoImJ3aDFIOrS,House; donation:2,
RIH01,Richardson Home,photo,historicalImage,patched,sbP4gqSkGjehGl77iALFyC,Tredyffrin; donation:2,Service
MJT2,"VF Observation Tower, 75’ high",postcard,historicalImage,patched,boIVl02DH7EDt0T3jKyJYY,Upper Merion; donation:2,View
MWC01,“Old Barracks”(actually woolen mill worker’s quarters),postcard,historicalImage,patched,sbP4gqSkGjehGl77iALGT4,Upper Merion; House; donation:2,
OLA5,Valley Forge General Hospital looking northwest,postcard,historicalImage,patched,boIVl02DH7EDt0T3jKyJze,Charlestown; Military; donation:2,
MEP01,"Methodist Evangelical Church, South Valley Road, Paoli",postcard,historicalImage,patched,sbP4gqSkGjehGl77iALH3Y,Willistown; Church; donation:2,
GJI4,"Wind Mill Tea Room (General Jackson Inn), looking nothwest, Paoli",photo,historicalImage,patched,boIVl02DH7EDt0T3jKyKpa,Tredyffrin; Inn; donation:2,
GVP4,Second Great Valley Presbyterian Church,photo,historicalImage,patched,boIVl02DH7EDt0T3jKyK6Q,Tredyffrin; Business; donation:2,
DEX01,"Devereux School, Berwyn",postcard,historicalImage,patched,sbP4gqSkGjehGl77iALGzL,Easttown; School; donation:2,
TEH31,Conestoga High School about 1960,postcard,historicalImage,patched,sbP4gqSkGjehGl77iALHe2,Tredyffrin; School; donation:2,
NBS10,"North Berwyn School, 1925",photo,historicalImage,patched,WOdasKzWYNoImJ3aDFIRQY,Tredyffrin; School; donation:2,
LAB6,"Lancaster Avenue Business District, Berwyn c. early 1960s",photo,historicalImage,patched,sbP4gqSkGjehGl77iALHSo,Easttown; donation:2,Place
CVR12,Plan of Chester Valley Railroad,drawing,historicalImage,patched,sbP4gqSkGjehGl77iALHus,Railroad; donation:3,
CVR13,Map of eastern end of proposed Chester Valley Railroad,drawing,historicalImage,patched,sbP4gqSkGjehGl77iALHxg,Upper Merion; Railroad; donation:3,
CVR15,Locomotive and Crew,photo,historicalImage,patched,WOdasKzWYNoImJ3aDFIW3o,Upper Merion; Railroad; donation:3,
CVR14,Advertisement for the Chester Valley Railroad,drawing,historicalImage,patched,WOdasKzWYNoImJ3aDFISQQ,Railroad; donation:3,
CVR16,Chester Valley Railroad engine,photo,historicalImage,patched,sbP4gqSkGjehGl77iALIHK,Upper Merion; Railroad; donation:3,
CVR18,View of Bridgeport,photo,historicalImage,patched,sbP4gqSkGjehGl77iALIkn,Upper Merion; donation:3,View
CVR17,"The Reading Railroads Main Line and Chester Valley Railroad junction in Bridgeport, PA",photo,historicalImage,patched,WOdasKzWYNoImJ3aDFIU8U,Upper Merion; Railroad; donation:3,
CVR19,Junction of Chester Valley Railroad,photo,historicalImage,patched,boIVl02DH7EDt0T3jKyMcE,Upper Merion; Railroad; donation:3,
CVR20,"Utilities at Ford Street, Bridgeport",photo,historicalImage,patched,boIVl02DH7EDt0T3jKyNGs,Upper Merion; Railroad; donation:3,
CVR21,"“Iron Horse Ramble” through Bridgeport, April 30, 1960.",photo,historicalImage,patched,sbP4gqSkGjehGl77iALJ0E,Railroad; donation:3,Bridgeport
CVR23,Chester Valley Railroad freight train,photo,historicalImage,patched,WOdasKzWYNoImJ3aDFIXPm,Upper Merion; Railroad; donation:3,
CVR27,"New ties and old rails on Chester Valley Railroad at Bridgeport, 8/2006",photo,historicalImage,patched,sbP4gqSkGjehGl77iALJWV,Upper Merion; Railroad; donation:3,
CVR25,"Switch/derails at junction of Chester Valley Railroad and Norfolk Southern Main, 8/2006",photo,historicalImage,patched,WOdasKzWYNoImJ3aDFIYU4,Upper Merion; Railroad; donation:3,
CVR24,"Junction point, Chester Valley Railroad with Norfolk Southern, Bridgeport",photo,historicalImage,patched,boIVl02DH7EDt0T3jKyNvW,Upper Merion; Railroad; donation:3,
CVR29,"Payloads at Bridgeport on Chester Valley Railroad, 2006. “New siding” in foreground.",photo,historicalImage,patched,WOdasKzWYNoImJ3aDFIZlc,Upper Merion; Railroad; donation:3,
CVR28,Philadelphia & Reading 90 lb. rail hardware at Bridgeport junction,photo,historicalImage,patched,WOdasKzWYNoImJ3aDFIZL6,Upper Merion; Railroad; donation:3,
CVR30,"Payloads at Bridgeport on Chester Valley Railroad, 2006. View looking west.",photo,historicalImage,patched,WOdasKzWYNoImJ3aDFIaGY,Upper Merion; Railroad; donation:3,
CVR32,Freight heading eastbound off Chester Valley Railroad branch.,photo,historicalImage,patched,sbP4gqSkGjehGl77iALKis,Upper Merion; Railroad; donation:3,
CVR33,"Copy of a postcard photo of the Reading Railroad Chester Valley RR station shelter at Fourth &  Depot Streets in Bridgeport, PA, circa 1900",Postcard,historicalImage,patched,WOdasKzWYNoImJ3aDFIbPG,Upper Merion; Railroad; donation:3,
CVR31,"Norfolk Southern switching loads at Chester Valley Railroad in Bridgeport, Fall 2006",photo,historicalImage,patched,boIVl02DH7EDt0T3jKyPLa,Upper Merion; Railroad; donation:3,
CVR35,"Reading freight crosses Depot Street on the Chester Valley Railroad branch, Bridgeport, c. 1972",photo,historicalImage,patched,sbP4gqSkGjehGl77iALKXe,Upper Merion; Business; donation:3,
CVR34,"Chester Valley Railroad freight train at Depot Street, Bridgeport",photo,historicalImage,patched,sbP4gqSkGjehGl77iALKMQ,Upper Merion; Railroad; donation:3,
CVR36,"Valley freight westbound at Depot Street, Bridgeport, PA.",photo,historicalImage,patched,sbP4gqSkGjehGl77iALKu6,Upper Merion; Railroad; donation:3,
CVR39,"Chester Valley Railroad Fifth Street crossing, Bridgeport",photo,historicalImage,patched,WOdasKzWYNoImJ3aDFIf2e,Upper Merion; Railroad; donation:3,
CVR38,"Septa Route 100 car over Chester Valley Railroad at Fifth Street crossing, Bridgeport, 2/2007",photo,historicalImage,patched,sbP4gqSkGjehGl77iALLF9,Upper Merion; Railroad; donation:3,
CVR37,"Chester Valley Railroad right of way, Bridgeport",photo,historicalImage,patched,sbP4gqSkGjehGl77iALL5K,Upper Merion; Railroad; donation:3,
CVR41,Chester Valley Railroad right-of-way from Bridgeport,photo,historicalImage,patched,WOdasKzWYNoImJ3aDFIh2O,Upper Merion; Railroad; donation:3,
CVR40,Chester Valley Railroad right-of-way near Bridgeport.,photo,historicalImage,patched,WOdasKzWYNoImJ3aDFIhXK,Upper Merion; Railroad; donation:3,
CVR42,"Chester Valley Railroad trackwork, Bridgeport",photo,historicalImage,patched,boIVl02DH7EDt0T3jKyURi,Upper Merion; Railroad; donation:3,
CVR44,Westbound Reading stone train passes under the new Route 202 bridge in Bridgeport,photo,historicalImage,patched,sbP4gqSkGjehGl77iALNmJ,Upper Merion; Railroad; donation:3,
CVR43,Reading stone train from King Manor – Bethlehem Steel quarry,photo,historicalImage,patched,boIVl02DH7EDt0T3jKyVeE,Upper Merion; Railroad; donation:3,
CVR45,"Double-headed Chester Valley Railroad freight, westbound, in Bridgeport, December 1971",photo,historicalImage,patched,boIVl02DH7EDt0T3jKyWYg,Upper Merion; Railroad; donation:3,
CVR48,View Chester Valley Railroad,photo,historicalImage,patched,sbP4gqSkGjehGl77iALOhq,Upper Merion; Military; donation:3,
CVR47,"Chester Valley Railroad freight crosses westbound over Quarry Road near Bridgeport, c. 1960.",photo,historicalImage,patched,WOdasKzWYNoImJ3aDFIpny,Upper Merion; Railroad; donation:3,
CVR46,"Chester Valley right-of-way, looking west from Bridgeport.",photo,historicalImage,patched,sbP4gqSkGjehGl77iALOVD,Upper Merion; Railroad; donation:3,
CVR49,"The “High Trestle” over Borough Line Road, Bridgeport/Upper Merion.",photo,historicalImage,patched,boIVl02DH7EDt0T3jKya5i,Upper Merion; Railroad; donation:3,
CVR50,"Reading locomotive and caboose on the Chester Valley Railroad line west of Quarry Rd.,  Upper Merion Township.",photo,historicalImage,patched,sbP4gqSkGjehGl77iALPZA,Upper Merion; Railroad; donation:3,
CVR51,"Chester Valley Railroad view south, Route 202 crossing. Site of former Bethlehem Mines yard. 2/2007",photo,historicalImage,patched,sbP4gqSkGjehGl77iALPha,Upper Merion; Railroad; donation:3,
CVR54,"Waste Management loads off Chester Valley Railroad, Summer 2006",photo,historicalImage,patched,WOdasKzWYNoImJ3aDFIuMo,Upper Merion; Railroad; donation:3,
CVR53,"Former Bethlehem Steel Co. King Manor quarry, Upper Merion Township,  October 1968",photo,historicalImage,patched,boIVl02DH7EDt0T3jKyb2Q,Upper Merion; Quarry; donation:3,
CVR52,Chester Valley Railroad freight heads westbound crossing DeKalb Pike / Route 202,photo,historicalImage,patched,sbP4gqSkGjehGl77iALQ1E,Upper Merion; Railroad; donation:3,
CVR55,"The ‘end-of-track’ of the Chester Valley Railroad in Upper Merion Township, just east of Henderson Road,",photo,historicalImage,patched,sbP4gqSkGjehGl77iALQXV,Upper Merion; Railroad; donation:3,
CVR57,"End of the line, switch into Waste Management, PA Turnpike construction",photo,historicalImage,patched,WOdasKzWYNoImJ3aDFIy92,Upper Merion; Railroad; donation:3,
CVR56,"Former Chester Valley Railroad locomotive hauls boxcars to Waste Management in Upper Merion Township,",photo,historicalImage,patched,sbP4gqSkGjehGl77iALQsY,Upper Merion; Railroad; donation:3,
CVR60,Diagram of Interchange Tracks & Signals at Henderson on Chester Valley Railroad,photo,historicalImage,patched,WOdasKzWYNoImJ3aDFJ3Le,Upper Merion; Railroad; donation:3,
CVR61,"Pennsylvania Railroad Trenton Cutoff looking east, King of Prussia",photo,historicalImage,patched,WOdasKzWYNoImJ3aDFJ2v8,Upper Merion; Railroad; donation:3,
CVR58,"Past the end of the line east of Henderson Road, Upper Merion",photo,historicalImage,patched,sbP4gqSkGjehGl77iALR3m,Upper Merion; Railroad; donation:3,
CVR62,"Pennsylvania Railroad Trenton Cutoff looking west, King of Prussia",photo,historicalImage,patched,WOdasKzWYNoImJ3aDFJ4dC,Upper Merion; Railroad; donation:3,
CVR63,"“152 PSM” Pennsylvania Railroad rail – BS Steelton 1946, located on Trenton Cutoff, King of Prussia",photo,historicalImage,patched,WOdasKzWYNoImJ3aDFJ3v0,Upper Merion; Railroad; donation:3,
CVR64,"Looking northwest, Chester Valley Railroad right-of-way at Gulph Road, King of Prussia, 1928.",photo,historicalImage,patched,sbP4gqSkGjehGl77iALRmg,Upper Merion; Railroad; donation:3,
CVR67,New Norfolk Southern railroad bridge crossing Gulph Road in King of Prussia,photo,historicalImage,patched,WOdasKzWYNoImJ3aDFJ5qK,Upper Merion; Railroad; donation:3,
CVR65,"Chester Valley Railway right of way, looking east under new PECO lines, King of Prussia Road, 1928.",photo,historicalImage,patched,sbP4gqSkGjehGl77iALS3W,Upper Merion; Railroad; donation:3,
CVR66,"Chester Valley Railroad right-of-way, King of Prussia",photo,historicalImage,patched,sbP4gqSkGjehGl77iALSKM,Upper Merion; Railroad; donation:3,
CVR70,"The Trenton Cutoff  track is re-laid on the Chester Valley Railroad bridge crossing the Schuylkill Expressway in King of Prussia, February 17, 2002.",photo,historicalImage,patched,sbP4gqSkGjehGl77iALSYO,Upper Merion; Railroad; donation:3,
CVR68,Railroad bridges over Schuylkill Expressway,photo,historicalImage,patched,sbP4gqSkGjehGl77iALSSm,Upper Merion; Railroad; donation:3,
CVR71,"Eastward view on the Trenton Cutoff right of way, King of Prussia",photo,historicalImage,patched,boIVl02DH7EDt0T3jKyffC,Upper Merion; Railroad; donation:3,
CVR73,Replacement railroad bridge over the Schuylkill Expressway in King of Prussia,photo,historicalImage,patched,sbP4gqSkGjehGl77iALT4f,Upper Merion; Railroad; donation:3,
CVR74,New King of Prussia railroad bridge over Schuylkill Expressway,photo,historicalImage,patched,boIVl02DH7EDt0T3jKygV8,Upper Merion; Railroad; donation:3,
CVR72,Newly relaid track on Chester Valley Railroad line at King of Prussia,photo,historicalImage,patched,WOdasKzWYNoImJ3aDFJ8ym,Upper Merion; Railroad; donation:3,
CVR75,Westward view of replaced rails through new truss railroad bridge over Schuylkill Expressway in King of Prussia,photo,historicalImage,patched,boIVl02DH7EDt0T3jKygty,Upper Merion; Railroad; donation:3,
CVR76,Looking east at relocated King of Prussia Inn over Schuylkill Expressway .,photo,historicalImage,patched,WOdasKzWYNoImJ3aDFJB7M,Upper Merion; Railroad; donation:3,
CVR77,"Eastward along former Chester Valley Railroad roadbed from Old Eagle School Road, Tredyffrin",photo,historicalImage,patched,sbP4gqSkGjehGl77iALTyn,Tredyffrin; Railroad; donation:3,
CVR78,Chester Valley Railroad right of way east of Old Eagle School Road,photo,historicalImage,patched,WOdasKzWYNoImJ3aDFJC2o,Tredyffrin; Railroad; donation:3,
CVR79,"Chester Valley Railroad right of way from West Valley Road, Tredyffrin",photo,historicalImage,patched,WOdasKzWYNoImJ3aDFJDBW,Tredyffrin; Railroad; donation:3,
CVR80,"View west along former Chester Valley Railroad roadbed near New Centerville, April 29, 2002.",photo,historicalImage,patched,WOdasKzWYNoImJ3aDFJFkc,Tredyffrin; Railroad; donation:3,
CVR83,"Remnants of the iron Chester Valley Railroad water trough in New Centerville, May 2000.",photo,historicalImage,patched,WOdasKzWYNoImJ3aDFJH6a,Tredyffrin; Railroad; donation:3,
CVR82,Remains of Chester Valley Railroad water tank at New Centerville,photo,historicalImage,patched,sbP4gqSkGjehGl77iALUx8,Tredyffrin; Railroad; donation:3,
CVR81,Remains of Chester Valley Railroad water tank at New Centerville,photo,historicalImage,patched,WOdasKzWYNoImJ3aDFJG6i,Tredyffrin; Railroad; donation:3,
CVR88,Reading diesel switcher hauls freight west across Valley Forge Road,photo,historicalImage,patched,sbP4gqSkGjehGl77iALVJa,Tredyffrin; Railroad; donation:3,
CVR84,Chester Valley Railroad water trough near the former New Centerville station,photo,historicalImage,patched,WOdasKzWYNoImJ3aDFJIAs,Tredyffrin; Railroad; donation:3,
CVR89,"Site of former Chester Valley Railroad overpass across Valley Forge Road, looking north,",photo,historicalImage,patched,sbP4gqSkGjehGl77iALW6h,Tredyffrin; Railroad; donation:3,
CVR91,"Westbound Valley freight past new Rte. 202 bridge, Tredyffrin Township, c. early 1970s.",photo,historicalImage,patched,sbP4gqSkGjehGl77iALVsf,Tredyffrin; Railroad; donation:3,
CVR90,"Westbound Valley freight approaches old Rte. 202 bridge, Tredyffrin Township,",photo,historicalImage,patched,boIVl02DH7EDt0T3jKykXm,Tredyffrin; Railroad; donation:3,
CVR92,"Eastbound Chester Valley Railroad Alco RS-3 near the present Chesterbrook Blvd., Tredyffrin Township",photo,historicalImage,patched,WOdasKzWYNoImJ3aDFJLb0,Tredyffrin; Railroad; donation:3,
CVR95,New (1970) Swedesford Road overpass.,photo,historicalImage,patched,WOdasKzWYNoImJ3aDFJN1O,Tredyffrin; Railroad; donation:3,
CVR93,Going-away shot – same train (see CVR92) heads north toward the old Rt. 202 overpass (later Route 252) near Chesterbrook.,photo,historicalImage,patched,boIVl02DH7EDt0T3jKylAA,Tredyffrin; Railroad; donation:3,
CVR94,"Hauling hoppers west past Johnson's Quarry, Howellville",photo,historicalImage,patched,sbP4gqSkGjehGl77iALWXM,Tredyffrin; Railroad; donation:3,
CVR100,Conductor uses telephone box near Cedar Hollow Road,photo,historicalImage,patched,boIVl02DH7EDt0T3jKyn86,Tredyffrin; Railroad; donation:3,
CVR99,"Chester Valley Railroad near Cedar Hollow Road, Tredyffrin Township",photo,historicalImage,patched,boIVl02DH7EDt0T3jKymsI,Tredyffrin; Railroad; donation:3,
CVR96,"West toward the Cedar Hollow Station, Chester Valley branch, November 23, 1961.",photo,historicalImage,patched,boIVl02DH7EDt0T3jKymMg,Tredyffrin; Railroad; donation:3,
CVR104,"Site of Warner spur off Chester Valley Railroad at Church and St. Johns Road, Tredyffrin",photo,historicalImage,patched,WOdasKzWYNoImJ3aDFJQIg,Tredyffrin; Railroad; donation:3,
CVR102,"Looking east, locomotive and caboose cross over Swedesford Road in Tredyffrin Township",photo,historicalImage,patched,WOdasKzWYNoImJ3aDFJP9y,Tredyffrin; Railroad; donation:3,
CVR103,"Looking north, a Reading locomotive and caboose approach the Church Road crossing",photo,historicalImage,patched,sbP4gqSkGjehGl77iALXSt,Tredyffrin; Railroad; donation:3,
CVR106,"Reading hoppers cross Cedar Hollow Road heading west, summer 1967.",photo,historicalImage,patched,WOdasKzWYNoImJ3aDFJQs2,Tredyffrin; Railroad; donation:3,
CVR108,"Westbound Valley freight crosses Cedar Hollow Road, Tredyffrin Township,",photo,historicalImage,patched,boIVl02DH7EDt0T3jKyoVu,Tredyffrin; Railroad; donation:3,
CVR107,Matthews Road Bridge over the Chester Valley Railroad,photo,historicalImage,patched,boIVl02DH7EDt0T3jKyoMs,Tredyffrin; Railroad; donation:3,
CVR110,"Amidst the destruction of the roadbed, a Chester Valley Railroad rail from 1912.",photo,historicalImage,patched,sbP4gqSkGjehGl77iALYcS,Tredyffrin; Railroad; donation:3,
CVR109,Looking east from Cedar Hollow Road along the former Chester Valley Railroad,photo,historicalImage,patched,boIVl02DH7EDt0T3jKyojS,Tredyffrin; Railroad; donation:3,
CVR111,"Chester Valley Railroad view east from Rte. 29, East Whiteland Township",photo,historicalImage,patched,boIVl02DH7EDt0T3jKypQM,East Whiteland; Railroad; donation:3,
CVR112,Looking west on Chester Valley Railroad line at Malins,photo,historicalImage,patched,boIVl02DH7EDt0T3jKyq9W,East Whiteland; Railroad; donation:3,
CVR114,"Malins, where Pennsylvania Railroad Knickerbocker Branch crosses Chester Valley Railroad",photo,historicalImage,patched,sbP4gqSkGjehGl77iALZnQ,East Whiteland; Railroad; donation:3,
CVR113,Pennsylvania Railroad Knickerbocker Branch crossed over Chester Valley Railroad right of way at Malins.,photo,historicalImage,patched,boIVl02DH7EDt0T3jKyqlu,East Whiteland; Railroad; donation:3,
CVR117,"Reading Camelback #692 on Chester Valley Railroad, Henderson Road, Upper Merion, January 11, 1947",photo,historicalImage,patched,boIVl02DH7EDt0T3jKysze,Upper Merion; Railroad; donation:3,
CVR116,"Former Chester Valley Railroad station at Mill Lane, East Whiteland",photo,historicalImage,patched,WOdasKzWYNoImJ3aDFJahu,East Whiteland; Railroad; donation:3,
CVR115,Line drawing of Knickerbocker Lime Company 0-4-0 T locomotive,drawing,historicalImage,patched,WOdasKzWYNoImJ3aDFJYM4,East Whiteland; Railroad; donation:3,
CVR120,"Closeup of Chester Valley Railroad right of way from the Church Farm School, Exton, PA.",photo,historicalImage,patched,sbP4gqSkGjehGl77iALcEy,West Whiteland; Railroad; donation:3,
CVR118,"Chester Valley Railroad freight heads west past Church Farm School, Exton, January, 1972.",photo,historicalImage,patched,sbP4gqSkGjehGl77iALbP3,West Whiteland; Railroad; donation:3,
CVR119,"View looking north at Valley freight from the Church Farm School, Exton, PA,",photo,historicalImage,patched,boIVl02DH7EDt0T3jKyuxa,West Whiteland; Railroad; donation:3,
CVR122,"Chester Valley Railroad freight heads west across the Lincoln Highway, Exton, 1972.",photo,historicalImage,patched,WOdasKzWYNoImJ3aDFJhGU,West Whiteland; Railroad; donation:3,
CVR121,"Valley caboose drop at the Church Farm School, Exton, PA.",photo,historicalImage,patched,boIVl02DH7EDt0T3jKyvTC,West Whiteland; Railroad; donation:3,
CVR123,Line drawing of Exton milk stop station on Chester Valley Railroad,drawing,historicalImage,patched,boIVl02DH7EDt0T3jKywr0,West Whiteland; Railroad; donation:3,
CVR126,Rail at Quarry Road crossing. Note 1993 date.,photo,historicalImage,patched,boIVl02DH7EDt0T3jKyyQ6,Railroad; donation:3,
CVR124,Line drawing of Exton milk stop station on Chester Valley Railroad,drawing,historicalImage,patched,WOdasKzWYNoImJ3aDFJhpq,Railroad; donation:3,
CVR125,"Stone quarry at Quarry Road, Downingtown on Chester Valley Railroad",photo,historicalImage,patched,WOdasKzWYNoImJ3aDFJlXe,Railroad; donation:3,
DEI11,Devon Horse Show carriages,photo,historicalImage,patched,WOdasKzWYNoImJ3aDFJpFS,Easttown; Cultural,donation:0
CVR129,"Pennsylvania Railroad interlocking diagram with the Chester Valley Railroad, Downingtown, PA, last revised July 16, 1925.",drawing,historicalImage,patched,sbP4gqSkGjehGl77iALdwD,Railroad; donation:3,
CVR130,"Near the former interlocking for the Pennsylvania Railroad - Chester Valley Railroad, Downingtown, PA",photo,historicalImage,patched,boIVl02DH7EDt0T3jKz17C,Railroad; donation:3,
SHA01,Hawthorne front view,photo,historicalImage,patched,WOdasKzWYNoImJ3aDFJv1Q,Easttown; House,
DAI01,Aero Service Company Aerial Image of Devon Horse Show area,photo,historicalImage,patched,sbP4gqSkGjehGl77iALfrU,Easttown; Cultural; donation:14,
BM04,Berwyn Methodist Church,photo,historicalImage,patched,boIVl02DH7EDt0T3jKz0ms,Easttown; Church; donation:12,
DAI04,Dallin Aerial Image of Devon Horse Show area,photo,historicalImage,patched,sbP4gqSkGjehGl77iALhHt,Easttown; Cultural; donation:14,
DAI03,Dallin Aerial Image of Devon Horse Show area,photo,historicalImage,patched,boIVl02DH7EDt0T3jKz4u2,Easttown; Cultural; donation:14,
DAI02,Dallin Aerial Image of Devon Horse Show area,photo,historicalImage,patched,WOdasKzWYNoImJ3aDFJtSC,Cultural; donation:14,
DAI07,Dallin Aerial Image of Devon Horse Show area,photo,historicalImage,patched,sbP4gqSkGjehGl77iALicg,Easttown; Cultural; donation:14,
DAI06,Dallin Aerial Image of Devon Horse Show area,photo,historicalImage,patched,boIVl02DH7EDt0T3jKz9Wo,Easttown; Cultural; donation:14,
DAI05,Dallin Aerial Image of Devon Horse Show area,photo,historicalImage,patched,sbP4gqSkGjehGl77iALhOu,Easttown; Cultural; donation:14,
DAI09,Dallin Aerial Image of Devon Horse Show area,photo,historicalImage,patched,boIVl02DH7EDt0T3jKz8pu,Easttown; Cultural; donation:14,
DAI10,Dallin Aerial Image of Devon Horse Show area,photo,historicalImage,patched,boIVl02DH7EDt0T3jKz8yw,Easttown; Cultural; donation:14,
DAI08,Dallin Aerial Image of Devon Horse Show area,photo,historicalImage,patched,boIVl02DH7EDt0T3jKz6VO,Easttown; Cultural; donation:14,
DAI12,Dallin Aerial Image of Devon Horse Show area,photo,historicalImage,patched,sbP4gqSkGjehGl77iALl2p,Easttown; Cultural; donation:14,
DAI11,Aerial Image of Devon Horse Show area,photo,historicalImage,patched,WOdasKzWYNoImJ3aDFKBH2,Easttown; Cultural; donation:15,
DAI13,Aerial Image of Devon Horse Show area,photo,historicalImage,patched,boIVl02DH7EDt0T3jKzAws,Easttown; Cultural; donation:15,
DAI14,Dallin Aerial Image of Devon Horse Show area,photo,historicalImage,patched,sbP4gqSkGjehGl77iALm8B,Easttown; Cultural; donation:14,
DAI15,Aerial Image of Devon Horse Show area,photo,historicalImage,patched,sbP4gqSkGjehGl77iALm3y,Easttown; Cultural; donation:15,
DAI16,Dallin Aerial Image of Devon Horse Show area,photo,historicalImage,patched,boIVl02DH7EDt0T3jKzCKg,Easttown; Cultural; donation:14,
DAI17,Aerial Image of Devon Horse Show area,photo,historicalImage,patched,WOdasKzWYNoImJ3aDFKETu,Easttown; Cultural; donation:15,
DAI18,Dallin Aerial Image of Devon Horse Show area,photo,historicalImage,patched,boIVl02DH7EDt0T3jKzCuo,Easttown; Cultural; donation:14,
DAI19,Aerial Image of Devon Horse Show area,photo,historicalImage,patched,sbP4gqSkGjehGl77iALmif,Easttown; Cultural; donation:15,
DAI20,Dallin Aerial Image of Devon Horse Show area,photo,historicalImage,patched,sbP4gqSkGjehGl77iALmy6,Easttown; Cultural; donation:14,
DAI21,Aerial Image of Devon Horse Show area,photo,historicalImage,patched,WOdasKzWYNoImJ3aDFKFyi,Easttown; Cultural; donation:15,
DAI22,Dallin Aerial Image of Devon Horse Show area,photo,historicalImage,patched,WOdasKzWYNoImJ3aDFKGKo,Easttown; Cultural; donation:14,
MM01,Old Mount Misery Parking Lot,photo,historicalImage,patched,WOdasKzWYNoImJ3aDFKIOy,Tredyffrin; Cultural,
MM02,Old Mount Misery Parking Lot,photo,historicalImage,patched,sbP4gqSkGjehGl77iALnqp,Tredyffrin; Cultural,
DAI23,Aerial Image of Devon Horse Show area,photo,historicalImage,patched,boIVl02DH7EDt0T3jKzEsk,Easttown; Cultural; donation:15,
DTA029,Devon Horse Show and Country Fair (DHSCF),photo,historicalImage,patched,WOdasKzWYNoImJ3aDFKK2c,Easttown; Cultural; donation:16,
DTA028,Devon Horse Show and Country Fair (DHSCF) Mr. Clothier and Daughter,photo,historicalImage,patched,sbP4gqSkGjehGl77iALo23,Easttown; Business; donation:16,
DTA030,Devon Horse Show and Country Fair (DHSCF),photo,historicalImage,patched,boIVl02DH7EDt0T3jKzFty,Easttown; Cultural; donation:16,
DTA031,Devon Horse Show and Country Fair (DHSCF),photo,historicalImage,patched,sbP4gqSkGjehGl77iALoqZ,Easttown; Cultural; donation:16,
DTA033,Devon Horse Show and Country Fair (DHSCF),photo,historicalImage,patched,boIVl02DH7EDt0T3jKzGvC,Easttown; Cultural; donation:16,
DTA032,Devon Horse Show and Country Fair (DHSCF),photo,historicalImage,patched,boIVl02DH7EDt0T3jKzHDG,Easttown; Cultural; donation:16,
DTA036,Devon Horse Show and Country Fair (DHSCF),photo,historicalImage,patched,boIVl02DH7EDt0T3jKzIdK,Easttown; Cultural; donation:16,
DTA034,Devon Horse Show and Country Fair (DHSCF),photo,historicalImage,patched,boIVl02DH7EDt0T3jKzICE,Easttown; Cultural; donation:16,
DTA035,Devon Horse Show and Country Fair (DHSCF),photo,historicalImage,patched,WOdasKzWYNoImJ3aDFKQWm,Easttown; Cultural; donation:16,
DTA038,Devon Horse Show and Country Fair (DHSCF),photo,historicalImage,patched,WOdasKzWYNoImJ3aDFKVW8,Easttown; Cultural; donation:16,
DTA037,Devon Horse Show and Country Fair (DHSCF),photo,historicalImage,patched,boIVl02DH7EDt0T3jKzKoo,Easttown; Cultural; donation:16,
DTA039,Devon Horse Show and Country Fair (DHSCF),photo,historicalImage,patched,boIVl02DH7EDt0T3jKzL4c,Easttown; Cultural; donation:16,
DTA042,Devon Horse Show and Country Fair (DHSCF),photo,historicalImage,patched,sbP4gqSkGjehGl77iALrla,Easttown; Cultural; donation:16,
DTA041,Devon Horse Show and Country Fair (DHSCF),photo,historicalImage,patched,boIVl02DH7EDt0T3jKzMbS,Easttown; Cultural; donation:16,
DTA040,Devon Horse Show and Country Fair (DHSCF),photo,historicalImage,patched,boIVl02DH7EDt0T3jKzMiE,Easttown; Cultural; donation:16,
DTA043,Devon Horse Show and Country Fair (DHSCF),photo,historicalImage,patched,boIVl02DH7EDt0T3jKzO62,Easttown; Cultural; donation:16,
DTA045,Devon Horse Show and Country Fair (DHSCF),photo,historicalImage,patched,WOdasKzWYNoImJ3aDFKbeC,Easttown; Cultural; donation:16,
DTA044,Devon Horse Show and Country Fair (DHSCF),photo,historicalImage,patched,WOdasKzWYNoImJ3aDFKbrS,Easttown; Cultural; donation:16,
DTA047,Devon Horse Show and Country Fair (DHSCF),photo,historicalImage,patched,sbP4gqSkGjehGl77iALtbF,Easttown; Cultural; donation:16,
DTA048,Devon Horse Show and Country Fair (DHSCF),photo,historicalImage,patched,sbP4gqSkGjehGl77iALttU,Easttown; Cultural; donation:16,
DTA046,Devon Horse Show and Country Fair (DHSCF),photo,historicalImage,patched,sbP4gqSkGjehGl77iALtmT,Easttown; Cultural; donation:16,
DTA050,Devon Horse Show and Country Fair (DHSCF),photo,historicalImage,patched,sbP4gqSkGjehGl77iALv0F,Easttown; Cultural; donation:16,
DTA069,Devon Horse Show and Country Fair (DHSCF),photo,historicalImage,patched,boIVl02DH7EDt0T3jKzQe6,Easttown; Cultural; donation:16,
DTA049,Devon Horse Show and Country Fair (DHSCF),photo,historicalImage,patched,boIVl02DH7EDt0T3jKzQM2,Easttown; Cultural; donation:16,
DTA052,Devon Horse Show and Country Fair (DHSCF),photo,historicalImage,patched,WOdasKzWYNoImJ3aDFKk3g,Easttown; Cultural; donation:16,
DTA051,Devon Horse Show and Country Fair (DHSCF),photo,historicalImage,patched,WOdasKzWYNoImJ3aDFKkLM,Easttown; Cultural; donation:16,
DTA053,Devon Horse Show and Country Fair (DHSCF),photo,historicalImage,patched,WOdasKzWYNoImJ3aDFKl3Y,Easttown; Cultural; donation:16,
DTA055,Devon Horse Show and Country Fair (DHSCF),photo,historicalImage,patched,boIVl02DH7EDt0T3jKzTUE,Easttown; Cultural; donation:16,
DTA056,Devon Horse Show and Country Fair (DHSCF),photo,historicalImage,patched,sbP4gqSkGjehGl77iALwWG,Easttown; Cultural; donation:16,
DTA054,Devon Horse Show and Country Fair (DHSCF),photo,historicalImage,patched,boIVl02DH7EDt0T3jKzTt4,Easttown; Cultural; donation:16,
DTA058,Devon Horse Show and Country Fair (DHSCF),photo,historicalImage,patched,sbP4gqSkGjehGl77iALxhE,Easttown; Cultural; donation:16,
DTA057,Devon Horse Show and Country Fair (DHSCF),photo,historicalImage,patched,WOdasKzWYNoImJ3aDFKo7a,Easttown; Cultural; donation:16,
DTA059,Devon Horse Show and Country Fair (DHSCF),photo,historicalImage,patched,sbP4gqSkGjehGl77iALxAx,Easttown; Cultural; donation:16,
DTA062,Devon Horse Show and Country Fair (DHSCF),photo,historicalImage,patched,WOdasKzWYNoImJ3aDFKttY,Easttown; Cultural; donation:16,
DTA060,Devon Horse Show and Country Fair (DHSCF),photo,historicalImage,patched,sbP4gqSkGjehGl77iALxXP,Easttown; Cultural; donation:16,
DTA061,Devon Horse Show and Country Fair (DHSCF),photo,historicalImage,patched,WOdasKzWYNoImJ3aDFKrgY,Easttown; Cultural; donation:16,
DTA063,Devon Horse Show and Country Fair (DHSCF),photo,historicalImage,patched,WOdasKzWYNoImJ3aDFKskq,Easttown; Cultural; donation:16,
DTA064,Devon Horse Show and Country Fair (DHSCF),photo,historicalImage,patched,boIVl02DH7EDt0T3jKzXLa,Easttown; Cultural; donation:16,
DTA065,Devon Horse Show and Country Fair (DHSCF),photo,historicalImage,patched,boIVl02DH7EDt0T3jKzXvi,Easttown; Cultural; donation:16,
DTA068,Devon Horse Show and Country Fair (DHSCF),photo,historicalImage,patched,WOdasKzWYNoImJ3aDFL1ww,Easttown; Cultural; donation:16,
DTA066,Devon Horse Show and Country Fair (DHSCF),photo,historicalImage,patched,sbP4gqSkGjehGl77iALzAR,Easttown; Cultural; donation:16,
DTA067,Devon Horse Show and Country Fair (DHSCF),photo,historicalImage,patched,WOdasKzWYNoImJ3aDFL1Na,Easttown; Cultural; donation:16,
DTA072,Devon Horse Show and Country Fair (DHSCF),photo,historicalImage,patched,sbP4gqSkGjehGl77iAM1oc,Easttown; Cultural; donation:16,
DTA071,Devon Horse Show and Country Fair (DHSCF),photo,historicalImage,patched,WOdasKzWYNoImJ3aDFL4NC,Easttown; Cultural; donation:16,
DTA070,Devon Horse Show and Country Fair (DHSCF),photo,historicalImage,patched,boIVl02DH7EDt0T3jKzeUA,Easttown; Cultural; donation:16,
DTA073,Devon Horse Show and Country Fair (DHSCF),photo,historicalImage,patched,boIVl02DH7EDt0T3jKzfOc,Easttown; Cultural; donation:16,
DTA075,Devon Horse Show and Country Fair (DHSCF),photo,historicalImage,patched,WOdasKzWYNoImJ3aDFL99I,Easttown; Cultural; donation:16,
DTA074,Devon Horse Show and Country Fair (DHSCF),photo,historicalImage,patched,boIVl02DH7EDt0T3jKzfiw,Easttown; Cultural; donation:16,
DTA077,Devon Horse Show and Country Fair (DHSCF),photo,historicalImage,patched,sbP4gqSkGjehGl77iAM3jt,Easttown; Cultural; donation:16,
DTA078,Devon Horse Show and Country Fair (DHSCF),photo,historicalImage,patched,boIVl02DH7EDt0T3jKzha6,Easttown; Cultural; donation:16,
DTA076,Devon Horse Show and Country Fair (DHSCF),photo,historicalImage,patched,boIVl02DH7EDt0T3jKzhDW,Easttown; Cultural; donation:16,
DTA080,Devon Horse Show and Country Fair (DHSCF),photo,historicalImage,patched,boIVl02DH7EDt0T3jKzjla,Easttown; Cultural; donation:16,
DTA079,Devon Horse Show and Country Fair (DHSCF),photo,historicalImage,patched,sbP4gqSkGjehGl77iAM5HJ,Easttown; Cultural; donation:16,
DTA081,Devon Horse Show and Country Fair (DHSCF),photo,historicalImage,patched,boIVl02DH7EDt0T3jKzjRG,Easttown; Cultural; donation:16,
DTA083,Devon Horse Show and Country Fair (DHSCF),photo,historicalImage,patched,boIVl02DH7EDt0T3jKzs6g,Easttown; Cultural; donation:16,
DTA084,Devon Horse Show and Country Fair (DHSCF),photo,historicalImage,patched,sbP4gqSkGjehGl77iAM6yY,Easttown; Cultural; donation:16,
DTA082,Devon Horse Show and Country Fair (DHSCF),photo,historicalImage,patched,WOdasKzWYNoImJ3aDFLOGC,Easttown; Cultural; donation:16,
DTA086,Devon Horse Show and Country Fair (DHSCF),photo,historicalImage,patched,WOdasKzWYNoImJ3aDFLSXM,Easttown; Cultural; donation:16,
DTA085,Devon Horse Show and Country Fair (DHSCF),photo,historicalImage,patched,WOdasKzWYNoImJ3aDFLRT4,Easttown; Cultural; donation:16,
DTA087,Devon Horse Show and Country Fair (DHSCF),photo,historicalImage,patched,sbP4gqSkGjehGl77iAM8Rl,Easttown; Cultural; donation:16,
DTA088,Devon Horse Show and Country Fair (DHSCF),photo,historicalImage,patched,WOdasKzWYNoImJ3aDFLXAc,Easttown; Cultural; donation:16,
DTA089,Devon Horse Show and Country Fair (DHSCF),photo,historicalImage,patched,WOdasKzWYNoImJ3aDFLXb8,Easttown; Cultural; donation:16,
DTA090,Devon Horse Show and Country Fair (DHSCF),photo,historicalImage,patched,WOdasKzWYNoImJ3aDFLXoO,Easttown; Cultural; donation:16,
DTA091,Devon Horse Show and Country Fair (DHSCF),photo,historicalImage,patched,WOdasKzWYNoImJ3aDFLenU,Easttown; Cultural; donation:16,
DTA092,Devon Horse Show and Country Fair (DHSCF),photo,historicalImage,patched,boIVl02DH7EDt0T3jL00PW,Easttown; Cultural; donation:16,
DTA093,Devon Horse Show and Country Fair (DHSCF),photo,historicalImage,patched,boIVl02DH7EDt0T3jL00YY,Easttown; Cultural; donation:16,
DTA094,Devon Horse Show and Country Fair (DHSCF),photo,historicalImage,patched,boIVl02DH7EDt0T3jL02b0,Easttown; Cultural; donation:16,
DTA096,Devon Horse Show and Country Fair (DHSCF),photo,historicalImage,patched,sbP4gqSkGjehGl77iAMCUw,Easttown; Cultural; donation:16,
DTA095,Devon Horse Show and Country Fair (DHSCF),photo,historicalImage,patched,sbP4gqSkGjehGl77iAMCGu,Easttown; Cultural; donation:16,
DTA097,Devon Horse Show and Country Fair (DHSCF),photo,historicalImage,patched,sbP4gqSkGjehGl77iAMDRs,Easttown; Cultural; donation:16,
DTA098,Devon Horse Show and Country Fair (DHSCF),photo,historicalImage,patched,sbP4gqSkGjehGl77iAMDMG,Easttown; Cultural; donation:16,
DTA099,Devon Horse Show and Country Fair (DHSCF),photo,historicalImage,patched,WOdasKzWYNoImJ3aDFLmD6,Easttown; Cultural; donation:16,
DTA100,Devon Horse Show and Country Fair (DHSCF),photo,historicalImage,patched,sbP4gqSkGjehGl77iAMEiS,Easttown; Cultural; donation:16,
DTA101,Devon Horse Show and Country Fair (DHSCF),photo,historicalImage,patched,sbP4gqSkGjehGl77iAMEcq,Easttown; Cultural; donation:16,
DTA102,Devon Horse Show and Country Fair (DHSCF),photo,historicalImage,patched,WOdasKzWYNoImJ3aDFLozS,Easttown; Cultural; donation:16,
DTA105,Devon Horse Show and Country Fair (DHSCF),photo,historicalImage,patched,boIVl02DH7EDt0T3jL0B7O,Easttown; Cultural; donation:16,
DTA104,Devon Horse Show and Country Fair (DHSCF),photo,historicalImage,patched,boIVl02DH7EDt0T3jL0BEA,Easttown; Church; donation:16,
DTA103,Devon Horse Show and Country Fair (DHSCF),photo,historicalImage,patched,sbP4gqSkGjehGl77iAMGf8,Easttown; Cultural; donation:16,
DTA106,Devon Horse Show and Country Fair (DHSCF),photo,historicalImage,patched,boIVl02DH7EDt0T3jL0CAs,Easttown; Cultural; donation:16,
DTA108,Devon Horse Show and Country Fair (DHSCF),photo,historicalImage,patched,sbP4gqSkGjehGl77iAMHXr,Easttown; Cultural; donation:16,
DTA107,Devon Horse Show and Country Fair (DHSCF),photo,historicalImage,patched,WOdasKzWYNoImJ3aDFLvBw,Easttown; Cultural; donation:16,
DTA111,Devon Horse Show and Country Fair (DHSCF),photo,historicalImage,patched,boIVl02DH7EDt0T3jL0HLW,Easttown; Cultural; donation:16,
DTA110,Devon Horse Show and Country Fair (DHSCF),photo,historicalImage,patched,boIVl02DH7EDt0T3jL0Gpu,Easttown; Cultural; donation:16,
DTA109,Devon Horse Show and Country Fair (DHSCF),photo,historicalImage,patched,sbP4gqSkGjehGl77iAMHvi,Easttown; Cultural; donation:16,
DTA112,Devon Horse Show and Country Fair (DHSCF),photo,historicalImage,patched,tpRlRfrqQcYWXiVfz6NEPF,Easttown; Cultural; donation:16,
DTA113,Devon Horse Show and Country Fair (DHSCF),photo,historicalImage,patched,sbP4gqSkGjehGl77iAMLjS,Easttown; Cultural; donation:16,
DTA114,Devon Horse Show and Country Fair (DHSCF),photo,historicalImage,patched,sbP4gqSkGjehGl77iAMLrs,Easttown; Cultural; donation:16,
DTA117,Devon Horse Show and Country Fair (DHSCF),photo,historicalImage,patched,WOdasKzWYNoImJ3aDFM3fq,Easttown; Cultural; donation:16,
DTA116,Devon Horse Show and Country Fair (DHSCF),photo,historicalImage,patched,boIVl02DH7EDt0T3jL0JSU,Easttown; Cultural; donation:16,
DTA115,Devon Horse Show and Country Fair (DHSCF),photo,historicalImage,patched,tpRlRfrqQcYWXiVfz6NEx7,Easttown; Cultural; donation:16,
DTA003,Devon Horse Show and Country Fair (DHSCF),photo,historicalImage,patched,tpRlRfrqQcYWXiVfz6NGhz,Easttown; Cultural; donation:16,
DTA001,Devon Horse Show and Country Fair (DHSCF),photo,historicalImage,patched,boIVl02DH7EDt0T3jL0Kck,Easttown; Cultural; donation:16,
DTA002,Devon Horse Show and Country Fair (DHSCF),photo,historicalImage,patched,tpRlRfrqQcYWXiVfz6NGaj,Easttown; Cultural; donation:16,
DTA006,Devon Horse Show and Country Fair (DHSCF),photo,historicalImage,patched,tpRlRfrqQcYWXiVfz6NHYP,Easttown; Cultural; donation:16,
DTA004,Devon Horse Show and Country Fair (DHSCF),photo,historicalImage,patched,boIVl02DH7EDt0T3jL0Mcw,Easttown; Cultural; donation:16,
DTA005,Devon Horse Show and Country Fair (DHSCF),photo,historicalImage,patched,boIVl02DH7EDt0T3jL0MWA,Easttown; Cultural; donation:16,
DTA007,Devon Horse Show and Country Fair (DHSCF),photo,historicalImage,patched,boIVl02DH7EDt0T3jL0OPa,Easttown; Cultural; donation:16,
DTA008,Devon Horse Show and Country Fair (DHSCF),photo,historicalImage,patched,sbP4gqSkGjehGl77iAMQ3T,Easttown; Cultural; donation:16,
DTA009,Devon Horse Show and Country Fair (DHSCF),photo,historicalImage,patched,WOdasKzWYNoImJ3aDFMDRI,Easttown; Cultural; donation:16,
DTA010,Devon Horse Show and Country Fair (DHSCF),photo,historicalImage,patched,sbP4gqSkGjehGl77iAMU83,Easttown; Cultural; donation:16,
DTA013,Devon Horse Show and Country Fair (DHSCF),photo,historicalImage,patched,tpRlRfrqQcYWXiVfz6NIiB,Easttown; Cultural; donation:16,
DTA015,Devon Horse Show and Country Fair (DHSCF),photo,historicalImage,patched,WOdasKzWYNoImJ3aDFMJ4Q,Easttown; Cultural; donation:16,
DTA019,Devon Horse Show and Country Fair (DHSCF),photo,historicalImage,patched,sbP4gqSkGjehGl77iAMV6O,Easttown; Cultural; donation:16,
DTA021,Devon Horse Show and Country Fair (DHSCF),photo,historicalImage,patched,sbP4gqSkGjehGl77iAMVQ2,Easttown; Cultural; donation:16,
DTA017,Devon Horse Show and Country Fair (DHSCF),photo,historicalImage,patched,tpRlRfrqQcYWXiVfz6NJ9b,Easttown; Cultural; donation:16,
DTA026,Devon Horse Show and Country Fair (DHSCF),photo,historicalImage,patched,tpRlRfrqQcYWXiVfz6NL07,Easttown; Cultural; donation:16,
DTA022,Devon Horse Show and Country Fair (DHSCF),photo,historicalImage,patched,WOdasKzWYNoImJ3aDFMNdG,Easttown; Cultural; donation:16,
DTA023,Devon Horse Show and Country Fair (DHSCF),photo,historicalImage,patched,WOdasKzWYNoImJ3aDFMN8K,Easttown; Cultural; donation:16,
DTA027,Devon Horse Show and Country Fair (DHSCF),photo,historicalImage,patched,WOdasKzWYNoImJ3aDFMUTW,Easttown; Cultural; donation:16,
DTA025,Devon Horse Show and Country Fair (DHSCF),photo,historicalImage,patched,boIVl02DH7EDt0T3jL0UAM,Easttown; Cultural; donation:16,
DTA120,Devon Horse Show and Country Fair (DHSCF),photo,historicalImage,patched,sbP4gqSkGjehGl77iAMXXw,Easttown; Cultural; donation:16,
DTA119,Devon Horse Show and Country Fair (DHSCF),photo,historicalImage,patched,boIVl02DH7EDt0T3jL0Ufy,Easttown; Cultural; donation:16,
DTA118,Devon Horse Show and Country Fair (DHSCF),photo,historicalImage,patched,sbP4gqSkGjehGl77iAMXQv,Easttown; Cultural; donation:16,
DTA126,Devon Horse Show and Country Fair (DHSCF),photo,historicalImage,patched,WOdasKzWYNoImJ3aDFMag0,Easttown; Cultural; donation:16,
DTA125,Devon Horse Show and Country Fair (DHSCF),photo,historicalImage,patched,WOdasKzWYNoImJ3aDFMZxo,Easttown; Cultural; donation:16,
DTA124,Devon Horse Show and Country Fair (DHSCF),photo,historicalImage,patched,sbP4gqSkGjehGl77iAMY8Q,Easttown; Cultural; donation:16,
DTA128,Devon Horse Show and Country Fair (DHSCF),photo,historicalImage,patched,WOdasKzWYNoImJ3aDFMdAg,Easttown; Cultural; donation:16,
DTA127,Devon Horse Show and Country Fair (DHSCF),photo,historicalImage,patched,sbP4gqSkGjehGl77iAMYbt,Easttown; Cultural; donation:16,
DTA129,Devon Horse Show and Country Fair (DHSCF),photo,historicalImage,patched,boIVl02DH7EDt0T3jL0XBm,Easttown; Cultural; donation:16,
DTA130,Devon Horse Show and Country Fair (DHSCF),photo,historicalImage,patched,boIVl02DH7EDt0T3jL0XN4,Easttown; Cultural; donation:16,
DTA131,Devon Horse Show and Country Fair (DHSCF),photo,historicalImage,patched,WOdasKzWYNoImJ3aDFMeAY,Easttown; Cultural; donation:16,
DTA132,Devon Horse Show and Country Fair (DHSCF),photo,historicalImage,patched,sbP4gqSkGjehGl77iAMZTD,Easttown; Cultural; donation:16,
DTA133,Devon Horse Show and Country Fair (DHSCF),photo,historicalImage,patched,sbP4gqSkGjehGl77iAMZYp,Easttown; Cultural; donation:16,
DEI19,Design for Devon Inn Stables 1882,photo,historicalImage,patched,WOdasKzWYNoImJ3aDFMfsc,Easttown; Cultural,donation:0
DSS001,"Barn #1, Devon Horse Show",photo,historicalImage,patched,boIVl02DH7EDt0T3jL0bCA,Easttown; Cultural,donation:0
DSS003,"Barn #1, Devon Horse Show",photo,historicalImage,patched,WOdasKzWYNoImJ3aDFMh5k,Easttown; Cultural,donation:0
DSS002,"Barn #1, Devon Horse Show",photo,historicalImage,patched,tpRlRfrqQcYWXiVfz6NMg9,Easttown; Cultural,donation:0
DSS004,"Barn #1, Devon Horse Show",photo,historicalImage,patched,WOdasKzWYNoImJ3aDFMhwm,Easttown; Cultural,donation:0
EHE02,Victor Charles Mayer and Catherine Earle Mayer,photo,historicalImage,patched,sbP4gqSkGjehGl77iAMaSx,Easttown; Cultural,donation:0
EHE01,Catharine Earle Schober (nee Mather) and Emlen Hutchinson Shober,photo,historicalImage,patched,WOdasKzWYNoImJ3aDFMiNI,Cultural,donation:0
DSS005,"Barn #1, Devon Horse Show",photo,historicalImage,patched,boIVl02DH7EDt0T3jL0cuI,Easttown; Cultural,donation:0
DSS007,"Barn #1, Devon Horse Show",photo,historicalImage,patched,tpRlRfrqQcYWXiVfz6NN7Z,Easttown; Cultural,donation:0
DSS006,"Barn #1, Devon Horse Show",photo,historicalImage,patched,boIVl02DH7EDt0T3jL0ceU,Easttown; Cultural,donation:0
DSS010,"Barn #1, Devon Horse Show",photo,historicalImage,patched,sbP4gqSkGjehGl77iAMbSh,Easttown; Cultural,donation:0
DSS008,"Barn #1, Devon Horse Show",photo,historicalImage,patched,tpRlRfrqQcYWXiVfz6NNQ7,Easttown; Cultural,donation:0
DSS009,"Barn #1, Devon Horse Show",photo,historicalImage,patched,boIVl02DH7EDt0T3jL0d7q,Easttown; Cultural,donation:0
DSS011,"Barn #1, Devon Horse Show",photo,historicalImage,patched,WOdasKzWYNoImJ3aDFMkwO,Easttown; Cultural,donation:0
DSS012,"Barn #1, Devon Horse Show",photo,historicalImage,patched,boIVl02DH7EDt0T3jL0e4Y,Easttown; Cultural,donation:0
DCF001,Devon Horse Show and Country Fair Cafeteria Committee,photo,historicalImage,patched,sbP4gqSkGjehGl77iAMbgj,Easttown; Cultural; donation:18,
DCF004,Devon Horse Show and Country Fair Poster,photo,historicalImage,patched,sbP4gqSkGjehGl77iAMcAC,Easttown; Cultural; donation:18,
DCF003,Devon Horse Show and Country Fair - Mrs Croll retires,photo,historicalImage,patched,boIVl02DH7EDt0T3jL0ecQ,Easttown; Cultural; donation:18,
DCF002,Devon Horse Show and Country Fair - food sampling,photo,historicalImage,patched,sbP4gqSkGjehGl77iAMbwA,Easttown; Cultural; donation:18,
KCB16,Knox Covered Bridge 2006 damage - Damaged Beam,photo,historicalImage,patched,tpRlRfrqQcYWXiVfz6NO4R,Tredyffrin; donation:20,Place
KCB15,Knox Covered Bridge 2006 damage - siding and clearance sign,Digital Image,historicalImage,patched,boIVl02DH7EDt0T3jL0ewk,Tredyffrin; donation:20,Place
DCF005,Devon Horse Show and Country Fair Garden Booth,photo,historicalImage,patched,sbP4gqSkGjehGl77iAMcIc,Easttown; Cultural; donation:18,
KCB19,"Knox Covered Bridge, 1940",photo,historicalImage,patched,boIVl02DH7EDt0T3jL0ffu,Tredyffrin,Place
KCB18,Knox Covered Bridge 2006 damage - Temporary repairs,photo,historicalImage,patched,sbP4gqSkGjehGl77iAMcdf,Tredyffrin; donation:20,Place
KCB17,Knox Covered Bridge 2006 damage - Damaged Bridge,photo,historicalImage,patched,WOdasKzWYNoImJ3aDFMn9O,Tredyffrin; donation:20,Place
KCB22,Knox Covered Bridge,postcard,historicalImage,patched,boIVl02DH7EDt0T3jL0gBW,Tredyffrin,Place
KCB21,Knox Covered Bridge,painting,historicalImage,patched,tpRlRfrqQcYWXiVfz6NOLN,Tredyffrin,Place
KCB20,"Knox Covered Bridge, 1940",photo,historicalImage,patched,boIVl02DH7EDt0T3jL0fxy,Tredyffrin,Place
KCB25,Knox Covered Bridge,painting,historicalImage,patched,sbP4gqSkGjehGl77iAMdab,Tredyffrin,Place
KCB23,"Damaged Knox Covered Bridge, 1967",photo,historicalImage,patched,WOdasKzWYNoImJ3aDFMpMO,Tredyffrin,Place
KCB26,Knox Covered Bridge,photo,historicalImage,patched,boIVl02DH7EDt0T3jL0h1S,Tredyffrin; donation:21,Place
KCB27,Knox Covered Bridge,photo,historicalImage,patched,tpRlRfrqQcYWXiVfz6NOoP,Tredyffrin; donation:21,Place
KCB28,Knox Covered Bridge,postcard,historicalImage,patched,boIVl02DH7EDt0T3jL0hkc,Tredyffrin,Place
KCB29,Knox Covered Bridge - view looking north,photo,historicalImage,patched,sbP4gqSkGjehGl77iAMeTK,Tredyffrin; donation:20,Place
KCB31,Knox Covered Bridge - view looking north,photo,historicalImage,patched,WOdasKzWYNoImJ3aDFMuHK,Tredyffrin; donation:20,Place
KCB30,Knox Covered Bridge - view looking north,photo,historicalImage,patched,tpRlRfrqQcYWXiVfz6NPHR,Tredyffrin; donation:20,Place
OLA6,"William H. Holstein Residence near Bridgeport, Upper Merion",lithograph,historicalImage,patched,WOdasKzWYNoImJ3aDFMw8E,Upper Merion; House; donation:21,
GBF01,"Paist Residence, Green Bank Farm",lithograph,historicalImage,patched,WOdasKzWYNoImJ3aDFMwqQ,Easttown; House,
NAW06,Nawbeek,photo,historicalImage,patched,sbP4gqSkGjehGl77iAMfYg,Willistown; House; donation:26,
NAW01,Nawbeek,photo,historicalImage,patched,tpRlRfrqQcYWXiVfz6NQS1,Willistown; House; donation:26,
NAW02,Nawbeek,photo,historicalImage,patched,WOdasKzWYNoImJ3aDFMzCG,Willistown; House; donation:26,
NAW07,Nawbeek,photo,historicalImage,patched,WOdasKzWYNoImJ3aDFMxls,Willistown; House; donation:26,
NAW05,Nawbeek,photo,historicalImage,patched,WOdasKzWYNoImJ3aDFN1Kq,Willistown; House; donation:26,
NAW04,Nawbeek,photo,historicalImage,patched,tpRlRfrqQcYWXiVfz6NQsd,Willistown; House; donation:26,
NAW03,Nawbeek,photo,historicalImage,patched,boIVl02DH7EDt0T3jL0lik,Willistown; House; donation:26,
MEC01,J. Howard Mecke residence,photo,historicalImage,patched,boIVl02DH7EDt0T3jL0npi,Tredyffrin; House; donation:26,
MEC02,J. Howard Mecke residence,photo,historicalImage,patched,WOdasKzWYNoImJ3aDFN32u,Tredyffrin; House; donation:26,
HHO01,"Hillhouse, White Horse Road, built 1926",photo,historicalImage,patched,WOdasKzWYNoImJ3aDFN2lE,Easttown; House; donation:26,
HHO02,"Hillhouse, White Horse Road, built 1926",photo,historicalImage,patched,tpRlRfrqQcYWXiVfz6NRlT,Easttown; House; donation:26,
HHO04,"Hillhouse, White Horse Road, built 1926",photo,historicalImage,patched,sbP4gqSkGjehGl77iAMiTh,Easttown; House; donation:26,
HHO03,"Hillhouse, White Horse Road, built 1926",photo,historicalImage,patched,WOdasKzWYNoImJ3aDFN5KK,Easttown; House; donation:26,
HHO05,"Hillhouse, White Horse Road, built 1926",photo,historicalImage,patched,WOdasKzWYNoImJ3aDFN9FO,Easttown; House; donation:26,
HHO07,"Hillhouse, White Horse Road, built 1926",photo,historicalImage,patched,tpRlRfrqQcYWXiVfz6NSUd,Easttown; House; donation:26,
HHO06,"Hillhouse, White Horse Road, built 1926",photo,historicalImage,patched,sbP4gqSkGjehGl77iAMizy,Easttown; House; donation:26,
GCR02,"Grey Craig, Weatherby Lane",photo,historicalImage,patched,WOdasKzWYNoImJ3aDFND1c,Easttown; House; donation:26,
KEE01,"Keen residence, West Valley Road",photo,historicalImage,patched,WOdasKzWYNoImJ3aDFNC6A,Tredyffrin; House; donation:26,
GCR01,"Grey Craig, Weatherby Lane",photo,historicalImage,patched,tpRlRfrqQcYWXiVfz6NSsp,Easttown; House; donation:26,
GCR04,"Grey Craig, Weatherby Lane",photo,historicalImage,patched,boIVl02DH7EDt0T3jL0srK,Easttown; House; donation:26,
GCR03,"Grey Craig, Weatherby Lane",photo,historicalImage,patched,WOdasKzWYNoImJ3aDFNFNS,Easttown; House; donation:26,
GCR05,"Grey Craig, Weatherby Lane",photo,historicalImage,patched,WOdasKzWYNoImJ3aDFNGWA,Easttown; House; donation:26,
