clipId,title,csvType,schemaType,action,sanityId,mappedKeywords,unmappedKeywords
GPI08,Banquet Room at the Paoli Inn,photo,historicalImage,patched,sbP4gqSkGjehGl77iAnr9K,Inn; donation:51,Tredyffrin
OGD02,Ogden School plaque,photo,historicalImage,patched,sbP4gqSkGjehGl77iAnrDX,School; donation:47,Easttown
MLP11,Pennsylvania Railroad Paoli Car Shop Employees,photo,historicalImage,patched,WOdasKzWYNoImJ3aDGt5Ws,Railroad; donation:54,Tredyffrin
OGD04,Ogden School,photo,historicalImage,patched,WOdasKzWYNoImJ3aDGt7JM,School; donation:47,Easttown
OGD05,Ogden School,photo,historicalImage,patched,WOdasKzWYNoImJ3aDGt71g,School; donation:47,Easttown
OGD03,Ogden School,photo,historicalImage,patched,boIVl02DH7EDt0T3jLmTfy,School; donation:47,Easttown
OGD07,Ogden School,photo,historicalImage,patched,boIVl02DH7EDt0T3jLmU74,School; donation:53,Easttown
OGD06,Ogden School,photo,historicalImage,patched,sbP4gqSkGjehGl77iAnrpQ,School; donation:53,Easttown
OGD08,Letter re Ogden Schoolhouse,photo,historicalImage,patched,boIVl02DH7EDt0T3jLmU2Y,School; donation:53,Easttown
OGD09,Conversion of Ogden Schoolhouse to private home,photo,historicalImage,patched,o0l5qvsLjR3qW1ARogxdQf,School; donation:53,Easttown
OGD11,Ogden School as a private residence,photo,historicalImage,patched,WOdasKzWYNoImJ3aDGt8sa,School; donation:53,Easttown
OGD10,Ogden School as a private residence,photo,historicalImage,patched,boIVl02DH7EDt0T3jLmUcg,School; donation:53,Easttown
OGD12,Ogden School being converted to a private residence,photo,historicalImage,patched,VKm3s5XxCiCilKUrIXHMrz,School; donation:53,Easttown
OGD13,Letter concerning the history of the Ogden Schhol as a private residence,photo,historicalImage,patched,sbP4gqSkGjehGl77iAnsOV,School; donation:53,Easttown
OGD14,Ogden School with teacher and pupils,photo,historicalImage,patched,VKm3s5XxCiCilKUrIXHN5L,School; donation:53,Easttown
OGD16,Old Bathtub in Ogden Schoolhouse,photo,historicalImage,patched,WOdasKzWYNoImJ3aDGtAEY,School; donation:47,Easttown
OGD17,Ogden Schoolhouse as a private residence,photo,historicalImage,patched,VKm3s5XxCiCilKUrIXHNmk,School; donation:47,Easttown
OGD15,Detail of photograph of Ogden School teacher and pupils,photo,historicalImage,patched,o0l5qvsLjR3qW1ARogxebb,School; donation:53,Easttown
OLA37,"Conestoga Mill Restaurant, Bryn Mawr",photo,historicalImage,patched,boIVl02DH7EDt0T3jLmVmw,Business; donation:21,
OGD19,Ogden Schoolhouse as a private residence,photo,historicalImage,patched,sbP4gqSkGjehGl77iAnsxa,School; donation:47,Easttown
OGD18,Ogden Schoolhouse as a private residence,photo,historicalImage,patched,WOdasKzWYNoImJ3aDGtAae,School; donation:47,Easttown
TCC02,"Grounds crew at Tredyffrin Country Club, Paoli",photo,historicalImage,patched,WOdasKzWYNoImJ3aDGtC5S,Business; donation:55,Tredyffrin
PA34,Aerial Photograph of Paoli looking east,photo,historicalImage,patched,VKm3s5XxCiCilKUrIXHPBY,donation:6,Tredyffrin; Place
RBE20,"Railroad Overpass, Berwyn",photo,historicalImage,patched,WOdasKzWYNoImJ3aDGtBnm,Railroad; donation:52,Easttown
BBR02,Site of Berwyn Baptist Road apartments,photo,historicalImage,patched,boIVl02DH7EDt0T3jLmXAk,,Tredyffrin; Place
BBR03,Site of Berwyn Baptist Road apartments,photo,historicalImage,patched,VKm3s5XxCiCilKUrIXHQCz,,Tredyffrin; Place
BBR01,Site of Berwyn Baptist Road apartments,photo,historicalImage,patched,o0l5qvsLjR3qW1ARogxqEN,,Tredyffrin; Place
BBR06,Berwyn Baptist Road (Quigleytown) townhouses,photo,historicalImage,patched,boIVl02DH7EDt0T3jLmXgM,,Tredyffrin; Place
BBR04,Site of Berwyn-baptist Road appartments,photo,historicalImage,patched,o0l5qvsLjR3qW1ARogxrGj,,Tredyffrin; Place
BBR05,Site of Berwyn Baptist Road apartments,photo,historicalImage,patched,boIVl02DH7EDt0T3jLmXpO,,Tredyffrin; Place
BBR07,Berwyn Baptist Road townhouses,photo,historicalImage,patched,boIVl02DH7EDt0T3jLmYNG,Business,Tredyffrin
BBR09,Berwyn Baptist Road townhouses,photo,historicalImage,patched,sbP4gqSkGjehGl77iAnu08,,Tredyffrin; Place
BBR08,Berwyn Baptist Road townhouses,photo,historicalImage,patched,boIVl02DH7EDt0T3jLmYU2,,Tredyffrin; Place
BE162,Conestoga and Cassatt Roads,photo,historicalImage,patched,boIVl02DH7EDt0T3jLmYm6,,Tredyffrin; Place
BBR11,Berwyn Baptist Road townhouses,photo,historicalImage,patched,VKm3s5XxCiCilKUrIXHSPs,,Tredyffrin; Place
BBR10,Berwyn Baptist Road townhouses,photo,historicalImage,patched,VKm3s5XxCiCilKUrIXHSCW,,Tredyffrin; Place
BE119,Cassatt and State Roads,photo,historicalImage,patched,sbP4gqSkGjehGl77iAnuTb,,Tredyffrin; Place
BE118,Cassatt and State Roads,photo,historicalImage,patched,o0l5qvsLjR3qW1ARogxty3,,Tredyffrin; Place
BE117,View of NE Berwyn from Station,photo,historicalImage,patched,boIVl02DH7EDt0T3jLmZ4A,,Easttown; Place
BE120,Leopard and Darby – Paoli Roads,photo,historicalImage,patched,sbP4gqSkGjehGl77iAnv6t,Business,Easttown
BE121,"Warren Avenue, Berwyn",photo,historicalImage,patched,boIVl02DH7EDt0T3jLmZME,,Easttown; Place
BE122,"Warren Avenue, Berwyn",photo,historicalImage,patched,WOdasKzWYNoImJ3aDGtJQe,,Easttown; Place
BE125,"Warren Avenue, Berwyn after Hurricane Hazel",photo,historicalImage,patched,VKm3s5XxCiCilKUrIXHUM4,,Easttown; Place
BE123,"Warren Avenue, Berwyn",photo,historicalImage,patched,boIVl02DH7EDt0T3jLmZpa,,Easttown; Place
BE124,"Warren Avenue, Berwyn",photo,historicalImage,patched,boIVl02DH7EDt0T3jLmZwM,,Easttown; Place
BE126,"Warren Avenue, Berwyn",photo,historicalImage,patched,sbP4gqSkGjehGl77iAnvmz,,Easttown; Place
BE128,"Warren Avenue, Berwyn after Hurricane Hazel",photo,historicalImage,patched,o0l5qvsLjR3qW1ARogxxUr,,Easttown; Place
BE127,"Warren Avenue, Berwyn after Hurricane Hazel",photo,historicalImage,patched,sbP4gqSkGjehGl77iAnvzc,,Easttown; Place
BE129,Kromer Avenue,photo,historicalImage,patched,VKm3s5XxCiCilKUrIXHVeC,,Easttown; Place
BE131,"Roberts home, Kromer Avenue, Berwyn",photo,historicalImage,patched,VKm3s5XxCiCilKUrIXHVrY,,Easttown; Place
BE130,Kromer Avenue,photo,historicalImage,patched,sbP4gqSkGjehGl77iAnwCF,,Easttown; Place
BE132,Trout Run below Laurel Dell,photo,historicalImage,patched,boIVl02DH7EDt0T3jLmbHu,,Tredyffrin; Place
BE134,"Armistice Day, Berwyn, 1920",photo,historicalImage,patched,boIVl02DH7EDt0T3jLmbZy,,Easttown; Place
BE133,"Armistice Day, Berwyn, 1920",photo,historicalImage,patched,o0l5qvsLjR3qW1ARogxzE7,Business,Easttown
BE135,"Armistice Day, Berwyn, 1920",photo,historicalImage,patched,sbP4gqSkGjehGl77iAnwtk,,Easttown; Place
BE137,"Armistice Day, Berwyn, 1920",photo,historicalImage,patched,sbP4gqSkGjehGl77iAnx9B,,Easttown; Place
BE136,"Armistice Day, Berwyn, 1920",photo,historicalImage,patched,o0l5qvsLjR3qW1ARogxzzJ,,Easttown; Place
BE139,Berwyn view,photo,historicalImage,patched,WOdasKzWYNoImJ3aDGtO3u,,Place
BE138,Berwyn view,photo,historicalImage,patched,VKm3s5XxCiCilKUrIXHX9g,,Place
BE140,Berwyn view,photo,historicalImage,patched,boIVl02DH7EDt0T3jLmcLO,,Place
BIP03,Berwyn Ice Plant location after demolition,photo,historicalImage,patched,WOdasKzWYNoImJ3aDGtPUI,Business,Easttown
BE141,Berwyn view,photo,historicalImage,patched,boIVl02DH7EDt0T3jLmcfi,,Place
BE142,Berwyn view,photo,historicalImage,patched,o0l5qvsLjR3qW1ARogy1iZ,,Place
BIP04,Berwyn Ice Plant,photo,historicalImage,patched,o0l5qvsLjR3qW1ARogy3eh,Business,Easttown
BIP05,Berwyn Ice Plant,photo,historicalImage,patched,boIVl02DH7EDt0T3jLmd2I,Business,Easttown
BPM03,Berwyn Planing Mill,photo,historicalImage,patched,boIVl02DH7EDt0T3jLmdBK,Business,Easttown
BRH03,Bair Road houses,photo,historicalImage,patched,boIVl02DH7EDt0T3jLmduU,House,Tredyffrin
BRH10,Bair Road houses,photo,historicalImage,patched,o0l5qvsLjR3qW1ARogy409,Business,Tredyffrin
BRH20,143 Bair Road,photo,historicalImage,patched,sbP4gqSkGjehGl77iAnxz6,House,Tredyffrin
BRH04,Bair Road houses,photo,historicalImage,patched,WOdasKzWYNoImJ3aDGtRli,House,Tredyffrin
BRH06,Bair Road houses,photo,historicalImage,patched,boIVl02DH7EDt0T3jLmetS,House,Tredyffrin
BRH05,Bair Road houses,photo,historicalImage,patched,boIVl02DH7EDt0T3jLmemg,House,Tredyffrin
BRH09,Bair Road houses,photo,historicalImage,patched,WOdasKzWYNoImJ3aDGtb2E,House,Tredyffrin
BRH08,Bair Road houses,photo,historicalImage,patched,boIVl02DH7EDt0T3jLmfh8,House,Tredyffrin
BRH07,Bair Road houses,photo,historicalImage,patched,VKm3s5XxCiCilKUrIXHcXY,House,Tredyffrin
BRH12,Bair Road houses,photo,historicalImage,patched,VKm3s5XxCiCilKUrIXHdmL,House,Tredyffrin
BRH13,Bair Road houses,photo,historicalImage,patched,WOdasKzWYNoImJ3aDGtcJm,House,Tredyffrin
BRH11,Bair Road houses,photo,historicalImage,patched,VKm3s5XxCiCilKUrIXHdSJ,House,Tredyffrin
BRH15,143 Bair Road,photo,historicalImage,patched,WOdasKzWYNoImJ3aDGtcxY,House,Tredyffrin
BRH14,143 Bair Road,photo,historicalImage,patched,VKm3s5XxCiCilKUrIXHeJj,House,Tredyffrin
BRH16,143 Bair Road,photo,historicalImage,patched,VKm3s5XxCiCilKUrIXHfB9,House,Tredyffrin
BRH17,143 Bair Road,photo,historicalImage,patched,WOdasKzWYNoImJ3aDGtdfk,House,Tredyffrin
BRH19,143 Bair Road,photo,historicalImage,patched,boIVl02DH7EDt0T3jLmh2g,House,Tredyffrin
BRH18,143 Bair Road,photo,historicalImage,patched,sbP4gqSkGjehGl77iAo2qn,House,Tredyffrin
BRH21,143 Bair Road,photo,historicalImage,patched,boIVl02DH7EDt0T3jLmh9S,House,Tredyffrin
BRH23,117 Bair Road,photo,historicalImage,patched,boIVl02DH7EDt0T3jLmhaY,House,Tredyffrin
BRH22,117 Bair Road,photo,historicalImage,patched,WOdasKzWYNoImJ3aDGtfxA,House,Tredyffrin
BUS28,Leopard Post Office,photo,historicalImage,patched,VKm3s5XxCiCilKUrIXHiPT,Business,Easttown
BRH24,117 Bair Road,photo,historicalImage,patched,sbP4gqSkGjehGl77iAo3AR,House,Tredyffrin
CAR19,Cassatt Road,photo,historicalImage,patched,WOdasKzWYNoImJ3aDGtgx2,,Tredyffrin; Place
CAR22,Cassatt Road,photo,historicalImage,patched,VKm3s5XxCiCilKUrIXHjXa,,Tredyffrin; Place
CAR20,Cassatt Road,photo,historicalImage,patched,sbP4gqSkGjehGl77iAo3U5,,Tredyffrin; Place
CAR21,Cassatt Road,photo,historicalImage,patched,WOdasKzWYNoImJ3aDGthfE,,Tredyffrin; Place
CAR24,Cassatt Road,photo,historicalImage,patched,boIVl02DH7EDt0T3jLmjqY,,Tredyffrin; Place
BE95,Berwyn War Memorial,photo,historicalImage,patched,sbP4gqSkGjehGl77iAo4Ba,,Place
CAR23,Cassatt Road,photo,historicalImage,patched,boIVl02DH7EDt0T3jLmjEA,,Tredyffrin; Place
BE97,Conestoga and Cassatt Roads,photo,historicalImage,patched,boIVl02DH7EDt0T3jLmkpW,,Tredyffrin; Place
BE96,Conestoga and Cassatt Roads,photo,historicalImage,patched,boIVl02DH7EDt0T3jLmjza,Business,Tredyffrin
BE99,Conestoga and Cassatt Roads,photo,historicalImage,patched,VKm3s5XxCiCilKUrIXHlJl,Business,Tredyffrin
BE100,Conestoga and Cassatt Roads,photo,historicalImage,patched,boIVl02DH7EDt0T3jLml0o,,Tredyffrin; Place
BE101,View of ACME site,photo,historicalImage,patched,sbP4gqSkGjehGl77iAo58W,,Easttown; Place
BE98,Conestoga and Cassatt Roads,photo,historicalImage,created,N1G5rtOZj8187JlhVeCduL,,Tredyffrin; Place
BE102,View of ACME site,photo,historicalImage,created,h7jyTqsbY1egLREo29druY,,Easttown; Place
BE103,View of ACME site,photo,historicalImage,created,N1G5rtOZj8187JlhVeCfeP,,Easttown; Place
BE104,View of ACME site,photo,historicalImage,created,N1G5rtOZj8187JlhVeCgYb,,Easttown; Place
BE105,View of ACME site,photo,historicalImage,created,h7jyTqsbY1egLREo29dsM6,,Easttown; Place
BE106,View of ACME site,photo,historicalImage,created,h7jyTqsbY1egLREo29dsXu,,Easttown; Place
BE107,View of ACME site,photo,historicalImage,created,h7jyTqsbY1egLREo29dtRz,,Easttown; Place
BE108,View of ACME site from Ale House on Lincoln highway,photo,historicalImage,created,0YKpiHcLUDtAprmSVOAl4w,,Easttown; Place
BE109,View of ACME site from Ale House on Lincoln highway,photo,historicalImage,created,0YKpiHcLUDtAprmSVOAlU7,,Easttown; Place
BE110,View of ACME site from township grounds,photo,historicalImage,created,N1G5rtOZj8187JlhVeClzl,,Easttown; Place
BE111,View of ACME site,photo,historicalImage,created,N1G5rtOZj8187JlhVeCmyH,,Easttown; Place
BE112,View of ACME site,photo,historicalImage,created,0YKpiHcLUDtAprmSVOAnkO,,Easttown; Place
BE115,Fire House and Ambulance Service,photo,historicalImage,patched,VKm3s5XxCiCilKUrIXHn9H,,Easttown; Place
BE114,Fire House and Ambulance Service,photo,historicalImage,patched,WOdasKzWYNoImJ3aDGtks6,,Easttown; Place
COR01,Conestoga Road,photo,historicalImage,patched,boIVl02DH7EDt0T3jLmlfS,,Tredyffrin; Place
COR02,"Harry K. Ong house, Conestoga Road",photo,historicalImage,patched,sbP4gqSkGjehGl77iAo5sp,,Tredyffrin; Place
BE113,View of ACME site,photo,historicalImage,created,N1G5rtOZj8187JlhVeCrDx,,Easttown; Place
BE116,Waterloo Road,photo,historicalImage,created,0YKpiHcLUDtAprmSVOApig,,Place
COR03,"Ong home, corner of Bair and Conestoga Roads",photo,historicalImage,patched,boIVl02DH7EDt0T3jLmmQs,,Tredyffrin; Place
COR04,Conestoga Road,photo,historicalImage,patched,boIVl02DH7EDt0T3jLmmXe,,Tredyffrin; Place
COR05,"Former home of Mrs John Heagy,  Conestoga Road",photo,historicalImage,patched,WOdasKzWYNoImJ3aDGto4y,,Tredyffrin; Place
COR06,"Former home of Mrs John Heagy, 755 Conestoga Road",photo,historicalImage,patched,boIVl02DH7EDt0T3jLmn7m,,Tredyffrin; Place
COR09,Conestoga Road,photo,historicalImage,patched,WOdasKzWYNoImJ3aDGtrDQ,,Tredyffrin; Place
COR08,Rear of 765 Conestoga Road,photo,historicalImage,patched,VKm3s5XxCiCilKUrIXHpPV,,Tredyffrin; Place
COR07,"Former home of Mrs John Heagy, Conestoga Road",photo,historicalImage,patched,VKm3s5XxCiCilKUrIXHoyn,,Tredyffrin; Place
COR11,"Mansley house, 759 Conestoga Road",photo,historicalImage,patched,boIVl02DH7EDt0T3jLmnvS,,Tredyffrin; Place
COR12,"Mansley home, 759 Conestoga Road",photo,historicalImage,patched,boIVl02DH7EDt0T3jLmnqw,,Tredyffrin; Place
COR10,"W. C. Latch home, Conestoga Road",photo,historicalImage,patched,boIVl02DH7EDt0T3jLmnb8,,Tredyffrin; Place
COR15,Conestoga Road being relaid 1970,photo,historicalImage,patched,sbP4gqSkGjehGl77iAo8iE,,Tredyffrin; Place
COR14,Conestoga Road being relaid 1970,photo,historicalImage,patched,WOdasKzWYNoImJ3aDGtsr4,,Tredyffrin; Place
COR13,"Norcini's house being built, Conestoga Road",photo,historicalImage,patched,sbP4gqSkGjehGl77iAo8GA,,Tredyffrin; Place
COR17,678 Conestoga Road,photo,historicalImage,patched,boIVl02DH7EDt0T3jLmpEk,,Tredyffrin; Place
COR16,Conestoga Road being relaid 1970,photo,historicalImage,patched,VKm3s5XxCiCilKUrIXHr8L,,Tredyffrin; Place
COR18,678 Conestoga Road,photo,historicalImage,patched,VKm3s5XxCiCilKUrIXHrzl,,Tredyffrin; Place
COR21,586 Conestoga Road,photo,historicalImage,patched,boIVl02DH7EDt0T3jLmqVm,,Tredyffrin; Place
COR20,617 Conestoga Road,photo,historicalImage,patched,sZarkGCWKodXiPseaTZ7Nr,,Tredyffrin; Place
COR19,617 Conestoga Road,photo,historicalImage,patched,WOdasKzWYNoImJ3aDGtuqo,,Tredyffrin; Place
COR23,560 Conestoga Road,photo,historicalImage,patched,sZarkGCWKodXiPseaTZ7qf,,Tredyffrin; Place
COR22,586 Conestoga Road,photo,historicalImage,patched,boIVl02DH7EDt0T3jLmqsM,,Tredyffrin; Place
COR24,560 Conestoga Road,photo,historicalImage,patched,uBwiUtn9Wx8WqRIUPYR10h,,Tredyffrin; Place
COR26,"Conestoga Road, work outside Hillcrest",photo,historicalImage,patched,otUyWOFVcxQBV4wYWgDuxX,,Tredyffrin; Place
COR25,Conestoga Road,photo,historicalImage,patched,otUyWOFVcxQBV4wYWgDsJ9,,Tredyffrin; Place
COR27,Conestoga Road outside Bair estate,photo,historicalImage,patched,otUyWOFVcxQBV4wYWgDvsZ,,Tredyffrin; Place
COR28,Conestoga Road at Bairs estate,photo,historicalImage,patched,otUyWOFVcxQBV4wYWgDvf9,,Tredyffrin; Place
COR30,"Pavement preparation, Conestoga Road",photo,historicalImage,patched,sZarkGCWKodXiPseaTZ9OB,,Tredyffrin; Place
COR29,Conestoga Road at Bair estate,photo,historicalImage,patched,uBwiUtn9Wx8WqRIUPYqE3w,,Tredyffrin; Place
COR31,"Pavement work, Conestoga Road",photo,historicalImage,patched,otUyWOFVcxQBV4wYWgDxVD,,Tredyffrin; Place
COR33,"Sewer work, Conestoga Road",photo,historicalImage,patched,uBwiUtn9Wx8WqRIUPYqJVi,,Tredyffrin; Place
COR32,"Pavemnet work, Conestoga Road",photo,historicalImage,patched,uBwiUtn9Wx8WqRIUPYqIG7,,Tredyffrin; Place
COR34,"Storm damage, Conestoga Road",photo,historicalImage,patched,sZarkGCWKodXiPseaTZAM4,,Tredyffrin; Place
COR35,"Sewer work, Conestoga Road",photo,historicalImage,patched,otUyWOFVcxQBV4wYWgE3LX,,Tredyffrin; Place
TRE14,"Tredyffrin township building, Old Lancaster Road",photo,historicalImage,patched,otUyWOFVcxQBV4wYWgE1LP,,Tredyffrin; building
CRC02,Church Road Cabin,photo,historicalImage,patched,sZarkGCWKodXiPseaTZBEe,House,Tredyffrin
CWB04,Carriage Way Houses,photo,historicalImage,patched,uBwiUtn9Wx8WqRIUPYqOsv,,Tredyffrin; Place
GWQ05,"General Wayne’s Quarters, Many Springs Farm",Photo,historicalImage,patched,otUyWOFVcxQBV4wYWgE26N,House,Tredyffrin
CWB07,Carriage Way Houses,photo,historicalImage,patched,uBwiUtn9Wx8WqRIUPYqUm5,,Tredyffrin; Place
CWB05,Carriage Way Houses,photo,historicalImage,patched,uBwiUtn9Wx8WqRIUPYqSZ9,,Tredyffrin; Place
CWB06,Carriage Way Houses,photo,historicalImage,patched,otUyWOFVcxQBV4wYWgE7F5,,Tredyffrin; Place
CWB08,Carriage Way Houses,photo,historicalImage,patched,sZarkGCWKodXiPseaTZCKs,,Tredyffrin; Place
CWB09,Carriage Way Houses,photo,historicalImage,patched,otUyWOFVcxQBV4wYWgE9Br,,Tredyffrin; Place
CWB10,"4 Carriage Way, Berwyn",photo,historicalImage,patched,otUyWOFVcxQBV4wYWgEBSl,,Tredyffrin; Place
CWB11,"4 Carriage Way, Berwyn",photo,historicalImage,patched,otUyWOFVcxQBV4wYWgECDj,,Tredyffrin; Place
CWB13,"4 Carriage Way, Berwyn",photo,historicalImage,patched,otUyWOFVcxQBV4wYWgEDSt,,Tredyffrin; Place
CWB12,"4 Carriage Way, Berwyn",photo,historicalImage,patched,sZarkGCWKodXiPseaTZD5s,,Tredyffrin; Place
CWB16,"4 Carriage Way, Berwyn",photo,historicalImage,patched,uBwiUtn9Wx8WqRIUPYqcME,,Tredyffrin; Place
CWB14,"4 Carriage Way, Berwyn",photo,historicalImage,patched,uBwiUtn9Wx8WqRIUPYqbOt,,Tredyffrin; Place
CWB15,"4 Carriage Way, Berwyn",photo,historicalImage,patched,otUyWOFVcxQBV4wYWgEERH,,Tredyffrin; Place
CWB17,"4 Carriage Way, Berwyn",photo,historicalImage,patched,uBwiUtn9Wx8WqRIUPYqf0Y,,Tredyffrin; Place
CWB18,"4 Carriage Way, Berwyn",photo,historicalImage,patched,sZarkGCWKodXiPseaTZE62,,Tredyffrin; Place
CWB19,"4 Carriage Way, Berwyn",photo,historicalImage,patched,uBwiUtn9Wx8WqRIUPYqffd,,Tredyffrin; Place
CWB22,"4 Carriage Way, Berwyn",photo,historicalImage,patched,uBwiUtn9Wx8WqRIUPYqhDU,,Tredyffrin; Place
CWB21,"4 Carriage Way, Berwyn",photo,historicalImage,patched,otUyWOFVcxQBV4wYWgEJ2R,,Tredyffrin; Place
CWB20,"4 Carriage Way, Berwyn",photo,historicalImage,patched,uBwiUtn9Wx8WqRIUPYqgKi,,Tredyffrin; Place
DEV15,"Lakeside Road, Devon",photo,historicalImage,patched,uBwiUtn9Wx8WqRIUPYqilL,,Easttown; Place
CWB23,Carriage Way Houses,photo,historicalImage,patched,otUyWOFVcxQBV4wYWgEKf5,,Tredyffrin; Place
CWB24,Carriage Way Houses,photo,historicalImage,patched,sZarkGCWKodXiPseaTZF0t,,Tredyffrin; Place
DEV16,"Lakeside Road, Devon",photo,historicalImage,patched,otUyWOFVcxQBV4wYWgEMHj,,Place
DEV17,Lakeside Avenue,photo,historicalImage,patched,uBwiUtn9Wx8WqRIUPYqm4k,,Easttown; Place
DEV18,Lakeside Road,photo,historicalImage,patched,sZarkGCWKodXiPseaTZFJq,,Easttown; Place
DRH9,Dorothy Reed house,photo,historicalImage,patched,uBwiUtn9Wx8WqRIUPYqoj4,House,
DLC05,Devon Log Cabin,photo,historicalImage,patched,uBwiUtn9Wx8WqRIUPYqn6e,House,Tredyffrin
DLC06,Devon Log Cabin,photo,historicalImage,patched,sZarkGCWKodXiPseaTZFeJ,House,Tredyffrin
DRH10,Dorothy Reed house,photo,historicalImage,patched,sZarkGCWKodXiPseaTZFoA,House,Tredyffrin
DRH11,Dorothy Reed house,photo,historicalImage,created,N1G5rtOZj8187JlhVeD7kP,House,Tredyffrin
DRH12,Dorothy Reed house,photo,historicalImage,created,h7jyTqsbY1egLREo29e1J0,House,Tredyffrin
DRH13,Dorothy Reed house,photo,historicalImage,created,h7jyTqsbY1egLREo29e1mW,House,Tredyffrin
DRH14,Dorothy Reed house,photo,historicalImage,created,N1G5rtOZj8187JlhVeDFYX,House,Tredyffrin
EHC35,TE History Club at Crooked Chimney Picket Post,photo,historicalImage,patched,sZarkGCWKodXiPseaTZGp5,Military,Tredyffrin
DRH16,Dorothy Reed house,photo,historicalImage,created,h7jyTqsbY1egLREo29e2To,House,Tredyffrin
EHC36,History Club visit to Longwood Gardens,photo,historicalImage,patched,uBwiUtn9Wx8WqRIUPYqs2T,,Place
DRH15,Dorothy Reed house,photo,historicalImage,created,N1G5rtOZj8187JlhVeDHrB,House,Tredyffrin
FBI01,First Blue Ball Inn,photo,historicalImage,patched,uBwiUtn9Wx8WqRIUPYqtI4,Inn,Tredyffrin
FBI02,First Blue Ball Inn,photo,historicalImage,patched,uBwiUtn9Wx8WqRIUPYquOX,Inn,
GJI06,Windmill Tea Room,postcard,historicalImage,patched,otUyWOFVcxQBV4wYWgEWP5,Inn,Tredyffrin
GWQ06,Wayne’s Quarters; Many Springs Farm (Joseph Walker house),photo,historicalImage,patched,otUyWOFVcxQBV4wYWgEXat,House,Tredyffrin
HIC03,Hillcrest,photo,historicalImage,patched,uBwiUtn9Wx8WqRIUPYqx7Q,House,Tredyffrin
HIC04,Hillcrest,photo,historicalImage,patched,otUyWOFVcxQBV4wYWgEaLz,House,Tredyffrin
HIC02,Hillcrest,photo,historicalImage,patched,sZarkGCWKodXiPseaTZHIe,House,Tredyffrin
HIC05,Entrance to Hillcrest,photo,historicalImage,patched,otUyWOFVcxQBV4wYWgEacl,House,Tredyffrin
HIC06,Hillcrest,photo,historicalImage,patched,otUyWOFVcxQBV4wYWgEamp,House,Tredyffrin
HIC07,Hillcrest,photo,historicalImage,patched,otUyWOFVcxQBV4wYWgEb6x,House,Tredyffrin
HIC08,"Bair estate, Hillcrest",photo,historicalImage,patched,sZarkGCWKodXiPseaTZIPd,House,Tredyffrin
HIC10,Hillcrest estate,photo,historicalImage,patched,otUyWOFVcxQBV4wYWgEgnD,House,Tredyffrin
HIC09,Housing development on Hillcrest estate,photo,historicalImage,patched,otUyWOFVcxQBV4wYWgEbNj,House,Tredyffrin
HIC11,Hillcrest,photo,historicalImage,patched,otUyWOFVcxQBV4wYWgEhKl,House,Tredyffrin
HIC12,Entrance to Hillcrest estate,photo,historicalImage,patched,uBwiUtn9Wx8WqRIUPYr1gQ,House,Tredyffrin
HIC13,"Pavement work, Hillcrest",photo,historicalImage,patched,otUyWOFVcxQBV4wYWgEj7T,House,Tredyffrin
HIC14,"Preparatory work for housing, Hillcrest",photo,historicalImage,patched,uBwiUtn9Wx8WqRIUPYr359,House,Tredyffrin
HIC16,Sewer lines into Hillcrest estate,photo,historicalImage,patched,uBwiUtn9Wx8WqRIUPYr3on,House,Tredyffrin
HIC15,New road into Hillcrest property,photo,historicalImage,patched,sZarkGCWKodXiPseaTZJcg,House,Tredyffrin
HIC18,"Hillcrest, looking south",photo,historicalImage,patched,otUyWOFVcxQBV4wYWgEkTL,House,Tredyffrin
HIC17,"House foundations, Hillcrest estate",photo,historicalImage,patched,uBwiUtn9Wx8WqRIUPYr4GB,House,Tredyffrin
HIC19,Hillcrest,photo,historicalImage,patched,sZarkGCWKodXiPseaTZKTk,House,Tredyffrin
HLC10,Reese Homestead,photo,historicalImage,patched,sZarkGCWKodXiPseaTZKy4,House,Tredyffrin
HIC21,"home of Ellwood Tunnel, Hillcrest",photo,historicalImage,patched,sZarkGCWKodXiPseaTZLH1,House,Tredyffrin
HIC20,Hillcrest,photo,historicalImage,patched,sZarkGCWKodXiPseaTZKXX,House,Tredyffrin
HLC11-3243,Reese Homestead,photo,historicalImage,patched,otUyWOFVcxQBV4wYWgEnB5,House,Tredyffrin
HOU91,Steen - Rumrill House,photo,historicalImage,patched,uBwiUtn9Wx8WqRIUPYr78C,House,Tredyffrin
HOU92,"Steen -  Rumrill House, Conestoga Road",photo,historicalImage,patched,uBwiUtn9Wx8WqRIUPYr7e9,House,Tredyffrin
HOU95,McKim cabin,photo,historicalImage,patched,sZarkGCWKodXiPseaTZMCd,House,
HOU96,Mr Le Fevre and grandfather clock,photo,historicalImage,patched,sZarkGCWKodXiPseaTZMHB,House,
HOU97,Living Room of Mr and Mrs L. Fisher,photo,historicalImage,patched,otUyWOFVcxQBV4wYWgEqaR,House,
HOU98,"Lobb-Honston house, Berwyn",photo,historicalImage,patched,otUyWOFVcxQBV4wYWgErfX,House,Easttown
HOU93,site of George Washington Lewis house,photo,historicalImage,created,N1G5rtOZj8187JlhVeDRCP,House,Tredyffrin
HOU94,Site of George Washington Lewis house,photo,historicalImage,created,0YKpiHcLUDtAprmSVOBHZ8,House,Tredyffrin
HOU99,"Englebert House, Ambleside Court",photo,historicalImage,patched,otUyWOFVcxQBV4wYWgFYqh,House,Easttown
HOU101,"Kromer House, 22 Waterloo Road",photo,historicalImage,patched,otUyWOFVcxQBV4wYWgFaxX,House,Easttown
HOU102,"Kromer House, 22 Waterloo Road",photo,historicalImage,patched,uBwiUtn9Wx8WqRIUPYs03K,House,Easttown
HOU104,Yerkes House,photo,historicalImage,patched,sZarkGCWKodXiPseaTZWdG,House,Easttown
HOU103,"Apdyke house, Waterloo Road",photo,historicalImage,patched,otUyWOFVcxQBV4wYWgFXAh,House,Easttown
HOU100,"Yerkes House, Berwyn and Main Streets.",photo,historicalImage,created,h7jyTqsbY1egLREo29e4fa,House,Easttown
HOU106,Site of former Yerkes House,photo,historicalImage,patched,sZarkGCWKodXiPseaTZX2H,Business,Easttown
HOU105,Yerkes House,photo,historicalImage,patched,sZarkGCWKodXiPseaTZWrf,House,Easttown
HOU108,Travelgwyn,photo,historicalImage,patched,sZarkGCWKodXiPseaTZX8L,House,Easttown
HOU109,Travelgwyn,photo,historicalImage,patched,uBwiUtn9Wx8WqRIUPYs53i,House,Easttown
HOU111,"Bernard House, Russell Road",photo,historicalImage,patched,sZarkGCWKodXiPseaTZXLz,House,Tredyffrin
HOU110,Travelgwyn,photo,historicalImage,patched,otUyWOFVcxQBV4wYWgFaPz,House,Easttown
HOU112,"Norman Acker house, from Warren Avenue, Berwyn",photo,historicalImage,patched,otUyWOFVcxQBV4wYWgFbL1,House,Easttown
HOU113,"Norman Acker house, from Old Lancaster Road",photo,historicalImage,patched,sZarkGCWKodXiPseaTZXUK,House,Easttown
HOU107,Rear view of Yerkes house,photo,historicalImage,created,h7jyTqsbY1egLREo29e5Ku,Business,Easttown
HOU115,"House, 1085 Old Lancaster Road.",photo,historicalImage,patched,uBwiUtn9Wx8WqRIUPYs8jw,House,Tredyffrin
HOU114,Hettinger Farm,photo,historicalImage,patched,sZarkGCWKodXiPseaTZXcf,House,Tredyffrin
HOU118,"Valley View, Howellville Road",photo,historicalImage,patched,sZarkGCWKodXiPseaTZXu6,House,Tredyffrin
HOU117,Iddings House,photo,historicalImage,patched,sZarkGCWKodXiPseaTZXqJ,House,Tredyffrin
HOU116,Iddings House,photo,historicalImage,patched,otUyWOFVcxQBV4wYWgFcaB,House,Tredyffrin
HOU121,Travelgwyn,Notecard,historicalImage,patched,sZarkGCWKodXiPseaTZY4i,House,
HOU119,"Esther Lewis House, Berwyn Baptist Road",photo,historicalImage,patched,uBwiUtn9Wx8WqRIUPYsA8f,House,Tredyffrin
HOU120,"Esther Lewis House, Berwyn Baptist Road",photo,historicalImage,patched,uBwiUtn9Wx8WqRIUPYsAec,House,Tredyffrin
HOU123,"John Acker House, Conestoga Road",photo,historicalImage,patched,uBwiUtn9Wx8WqRIUPYsC3L,House,Tredyffrin
HOU122,Iddings house interior,photo,historicalImage,patched,uBwiUtn9Wx8WqRIUPYsBOG,House,Tredyffrin
JRH02,John Reese house,photo,historicalImage,patched,sZarkGCWKodXiPseaTZYJ7,House,Tredyffrin
JRH01,"John Reese house, 638 Conestoga Road",photo,historicalImage,patched,uBwiUtn9Wx8WqRIUPYsCLb,House,Tredyffrin
JRH03,John Reese house,photo,historicalImage,patched,otUyWOFVcxQBV4wYWgFf4V,House,
KRH01,Keller Road houses,photo,historicalImage,patched,sZarkGCWKodXiPseaTZYSD,House,Tredyffrin
HOU124,Unknown House Ruins,photo,historicalImage,created,N1G5rtOZj8187JlhVeDzv3,House,
KRH02,Keller Road houses,photo,historicalImage,patched,otUyWOFVcxQBV4wYWgFfYh,House,Tredyffrin
KRH03,Keller Road houses,photo,historicalImage,patched,uBwiUtn9Wx8WqRIUPYsEPP,House,Tredyffrin
KRL04,Keller Road houses,photo,historicalImage,patched,uBwiUtn9Wx8WqRIUPYsEhf,House,Tredyffrin
KRH06,Keller Road houses,photo,historicalImage,patched,uBwiUtn9Wx8WqRIUPYsFaR,House,Tredyffrin
KRH05,Keller Road houses,photo,historicalImage,patched,sZarkGCWKodXiPseaTZYZ2,House,Tredyffrin
KRH09,Keller Road houses,photo,historicalImage,patched,otUyWOFVcxQBV4wYWgFhmF,House,Tredyffrin
KRH08,Keller Road houses,photo,historicalImage,patched,uBwiUtn9Wx8WqRIUPYsGOe,House,Tredyffrin
KRH07,Keller Road houses,photo,historicalImage,patched,uBwiUtn9Wx8WqRIUPYsFsh,House,Tredyffrin
KRH10,Keller Road houses,photo,historicalImage,patched,uBwiUtn9Wx8WqRIUPYsH3j,House,Tredyffrin
KRH11,Keller Road houses,photo,historicalImage,patched,otUyWOFVcxQBV4wYWgFidv,House,Tredyffrin
KRH12,Keller Road houses,photo,historicalImage,patched,sZarkGCWKodXiPseaTZZ79,House,Tredyffrin
LAB20,"Lancaster Avenue, Berwyn",photo,historicalImage,patched,uBwiUtn9Wx8WqRIUPYsHwV,,Place
KRH13,Keller Road houses,photo,historicalImage,patched,sZarkGCWKodXiPseaTZZCS,House,Tredyffrin
LAB19,"Lancaster Avenue, Berwyn",photo,historicalImage,patched,uBwiUtn9Wx8WqRIUPYsISS,,Place
LAS28,The Maples,photo,historicalImage,patched,otUyWOFVcxQBV4wYWgFjj1,School,Easttown
LAS26,The Maples,photo,historicalImage,patched,otUyWOFVcxQBV4wYWgFjYx,School,Easttown
LAS27,The Maples,photo,historicalImage,patched,sZarkGCWKodXiPseaTZZK2,School,Easttown
LAS30,The Maples,photo,historicalImage,patched,sZarkGCWKodXiPseaTZZcz,School,Easttown
LAS31,The Maples,photo,historicalImage,patched,uBwiUtn9Wx8WqRIUPYsK0J,School,Easttown
LAS29,The Maples,photo,historicalImage,patched,otUyWOFVcxQBV4wYWgFjzn,School,Easttown
LAS33,The Maples,photo,historicalImage,patched,otUyWOFVcxQBV4wYWgFko7,School,Easttown
LAS32,The Maples,photo,historicalImage,patched,uBwiUtn9Wx8WqRIUPYsKoW,School,Easttown
LAS34,Leopard Road from The Maples,photo,historicalImage,patched,sZarkGCWKodXiPseaTZZp7,School,Easttown
LAS35,Leopard Road from The Maples,photo,historicalImage,patched,uBwiUtn9Wx8WqRIUPYsM47,School,Easttown
LAS36,The Maples,photo,historicalImage,patched,sZarkGCWKodXiPseaTZZuQ,School,Easttown
LAS37,The Maples,photo,historicalImage,patched,sZarkGCWKodXiPseaTZZyy,School,Easttown
LEO02,410 Leopard Road,photo,historicalImage,patched,uBwiUtn9Wx8WqRIUPYsO3M,House,Easttown
LES01,Leopard School,photo,historicalImage,patched,sZarkGCWKodXiPseaTZaCc,School,Easttown
MOC01,Mack Oil,photo,historicalImage,patched,otUyWOFVcxQBV4wYWgFmNP,Business,
MOC02,Mack Oil,photo,historicalImage,patched,otUyWOFVcxQBV4wYWgFnBj,Business,
MOC03,Mack Oil,photo,historicalImage,patched,sZarkGCWKodXiPseaTZaR1,Business,
MZC04,Mount Zion Church,photo,historicalImage,patched,uBwiUtn9Wx8WqRIUPYsP9p,Church,Tredyffrin
OEH02,Okie Estate houses,photo,historicalImage,patched,sZarkGCWKodXiPseaTZakj,House,Tredyffrin
OEH01,Okie Estate houses,photo,historicalImage,patched,sZarkGCWKodXiPseaTZan0,House,Tredyffrin
OEH04,Okie Estate houses,photo,historicalImage,patched,uBwiUtn9Wx8WqRIUPYsSlU,House,Tredyffrin
OEH03,Okie Estate houses,photo,historicalImage,patched,uBwiUtn9Wx8WqRIUPYsRMl,House,Tredyffrin
MAX20,Maxwells Quarters,photo,historicalImage,created,0YKpiHcLUDtAprmSVOBVtX,House,Tredyffrin
MAL17,Malvern Baptist Church,photo,historicalImage,patched,sZarkGCWKodXiPseaTZbQQ,Malvern; Church,
OEH05,Okie Estate houses,photo,historicalImage,patched,uBwiUtn9Wx8WqRIUPYsSXn,House,Tredyffrin
OEH06,Okie Estate houses,photo,historicalImage,patched,sZarkGCWKodXiPseaTZbEI,House,Tredyffrin
MAL18,Malvern Baptist Church,photo,historicalImage,patched,sZarkGCWKodXiPseaTZbGZ,Malvern; Church,
MAL20,Malvern Baptist Church,photo,historicalImage,patched,otUyWOFVcxQBV4wYWgFt8l,Malvern; Church,
MAL19,Malvern Baptist Church,photo,historicalImage,patched,uBwiUtn9Wx8WqRIUPYsYsL,Malvern; Church,
MAL23,"Rev. David Burrows, Pastor Malvern Baptist Church",photo,historicalImage,patched,uBwiUtn9Wx8WqRIUPYsaLd,Church,
MAL21,Malvern Baptist Church,photo,historicalImage,patched,uBwiUtn9Wx8WqRIUPYsZSr,Malvern; Church,
MAL22,Malvern Baptist Church,photo,historicalImage,patched,uBwiUtn9Wx8WqRIUPYsadt,Malvern; Church,
MAL25,Malvern Library,photo,historicalImage,patched,uBwiUtn9Wx8WqRIUPYscvO,Malvern,Place
MAL26,Auditorium Malvern Monday Club,photo,historicalImage,patched,otUyWOFVcxQBV4wYWgFuXz,,Tredyffrin; Place
OEH07,Okie Estate houses,photo,historicalImage,patched,uBwiUtn9Wx8WqRIUPYsdRL,House,Tredyffrin
OEH08,Okie Estate houses,photo,historicalImage,patched,sZarkGCWKodXiPseaTZcXP,House,Tredyffrin
OEH10,Okie Estate houses,photo,historicalImage,patched,otUyWOFVcxQBV4wYWgFvjn,House,Tredyffrin
OEH09,Okie Estate houses,photo,historicalImage,patched,otUyWOFVcxQBV4wYWgFvT1,House,Tredyffrin
MAL24,Malvern Library,photo,historicalImage,created,N1G5rtOZj8187JlhVeEJA5,Malvern,Place
OEH11,Okie Estate houses,photo,historicalImage,patched,uBwiUtn9Wx8WqRIUPYsgyR,House,Tredyffrin
OEH12,Okie Estate houses,photo,historicalImage,patched,sZarkGCWKodXiPseaTZd0D,House,Tredyffrin
OEH13,Okie house,photo,historicalImage,patched,sZarkGCWKodXiPseaTZd2U,House,Tredyffrin
OLA27,"Berwyn, Wales",postcard,historicalImage,patched,otUyWOFVcxQBV4wYWgFxJ5,,Place
PEO57,Michead Edeesase (- maybe) as Betsy Ross,photo,historicalImage,patched,sZarkGCWKodXiPseaTZdFN,,Person
PEO58,Baptist Brotherhood Baseball Team,photo,historicalImage,patched,uBwiUtn9Wx8WqRIUPYsjKV,,Person
PEO59,Manus McMonagle,photo,historicalImage,patched,otUyWOFVcxQBV4wYWgFxtz,,Person
POF01,Potter Farm,photo,historicalImage,patched,otUyWOFVcxQBV4wYWgFyYF,House,Easttown
RHY02,"Francis House, Rhydlyn, Berwyn",photo,historicalImage,patched,otUyWOFVcxQBV4wYWgFy7P,House,Easttown
RHY03,"Francis House, Rhydlyn, Berwyn",photo,historicalImage,patched,sZarkGCWKodXiPseaTZdiB,House,Easttown
OLA28,Wye Oak at Maryland State Park,photo,historicalImage,created,N1G5rtOZj8187JlhVeEOwr,,Place
RHY04,"Francis House, Rhydlyn, Berwyn",photo,historicalImage,patched,sZarkGCWKodXiPseaTZdmj,House,Easttown
RBE17,"Main Line, Berwyn",photo,historicalImage,created,h7jyTqsbY1egLREo29eGQd,Railroad,
RHY05,"Francis House, Rhydlyn, Berwyn",photo,historicalImage,patched,sZarkGCWKodXiPseaTZdsn,House,Easttown
RHY06,"Francis House, Rhydlyn, Berwyn",photo,historicalImage,patched,otUyWOFVcxQBV4wYWgG15v,House,Easttown
RHY07,"Francis House, Rhydlyn, Berwyn",photo,historicalImage,patched,sZarkGCWKodXiPseaTZeGI,House,Easttown
RHY08,"Francis House, Rhydlyn, Berwyn",photo,historicalImage,patched,uBwiUtn9Wx8WqRIUPYsnkN,House,Easttown
RR04,Unknown Train Wreck,photo,historicalImage,patched,sZarkGCWKodXiPseaTZegp,Railroad,
SBB05,Second Blue Ball Inn,photo,historicalImage,patched,uBwiUtn9Wx8WqRIUPYsp4X,Inn,Tredyffrin
SBB07,Second Blue Ball Inn,photo,historicalImage,patched,uBwiUtn9Wx8WqRIUPYsrHT,Inn,Tredyffrin
SBB06,Second Blue Ball Inn,photo,historicalImage,patched,sZarkGCWKodXiPseaTZeeY,Inn,Tredyffrin
SCP03,Rededication of Stone Chimney Picket plaque,photo,historicalImage,patched,sZarkGCWKodXiPseaTZf55,,Tredyffrin; Place
SCP02,Rededication of Stone Chimney Picket plaque,photo,historicalImage,patched,uBwiUtn9Wx8WqRIUPYsqlW,,Tredyffrin; Place
SCP01,Rededication of Stone Chimney Picket plaque,photo,historicalImage,patched,sZarkGCWKodXiPseaTZerR,,Tredyffrin; Place
SHA25,Twin Oaks at Hawthorne,photo,historicalImage,patched,sZarkGCWKodXiPseaTZfFh,House,Easttown
SCP04,Rededication of Stone Chimney Picket plaque,photo,historicalImage,patched,otUyWOFVcxQBV4wYWgG44R,,Tredyffrin; Place
SHA24,"Hawthorne, Leopard Road",photo,historicalImage,patched,otUyWOFVcxQBV4wYWgG3G7,House,Easttown
SMH01,Stauffer - Mattson House,photo,historicalImage,patched,uBwiUtn9Wx8WqRIUPYstdX,House,Easttown
SHA26,Twin Oaks at Hawthorne,photo,historicalImage,patched,sZarkGCWKodXiPseaTZfRp,House,Easttown
SMH02,Stauffer - Mattson House,photo,historicalImage,patched,otUyWOFVcxQBV4wYWgG5aN,House,Easttown
SMH05,Stauffer - Mattson House being demolished,photo,historicalImage,patched,sZarkGCWKodXiPseaTZfjG,House,Easttown
SMH03,Stauffer - Mattson House,photo,historicalImage,patched,sZarkGCWKodXiPseaTZfbg,House,Easttown
SMH04,Stauffer - Mattson House being demolished,photo,historicalImage,patched,uBwiUtn9Wx8WqRIUPYsvqT,House,Easttown
SMH07,Site of Stauffer - Mattson House,photo,historicalImage,patched,sZarkGCWKodXiPseaTZfvO,House,Easttown
SMH08,Site of Stauffer - Mattson House,photo,historicalImage,patched,sZarkGCWKodXiPseaTZg2y,House,Easttown
SMH06,Stauffer - Mattson House site after demolition,photo,historicalImage,patched,uBwiUtn9Wx8WqRIUPYsxyq,House,Easttown
SMH10,Store on site of Stauffer - Mattson House,photo,historicalImage,patched,uBwiUtn9Wx8WqRIUPYt02e,House,Easttown
SMH09,Store being built on site of Stauffer - Mattson House,photo,historicalImage,patched,sZarkGCWKodXiPseaTZgJe,House,Easttown
SMH11,Store on site of Stauffer - Mattson House,photo,historicalImage,patched,uBwiUtn9Wx8WqRIUPYsyn3,House,Easttown
SMH12,Stauffer - Mattson House,photo,historicalImage,patched,otUyWOFVcxQBV4wYWgGA4p,House,Easttown
SMH14,Red Robin store on site of Mattson - Stauffer house,photo,historicalImage,patched,uBwiUtn9Wx8WqRIUPYt2cP,Business,Easttown
SMH13,Red Robin store on site of Mattson - Stauffer house,photo,historicalImage,patched,uBwiUtn9Wx8WqRIUPYt1aV,Business,Easttown
RML24,Strafford Station,photo,historicalImage,patched,uBwiUtn9Wx8WqRIUPYt3is,Railroad,Tredyffrin
SPC13,St. Peter’s Church,photo,historicalImage,patched,otUyWOFVcxQBV4wYWgGByF,Church,Tredyffrin
RML23,Strafford Station,photo,historicalImage,patched,otUyWOFVcxQBV4wYWgGBXP,Railroad,Tredyffrin
SPC16,St. Peter’s Church,photo,historicalImage,patched,otUyWOFVcxQBV4wYWgGDUB,Church,Tredyffrin
SPC14,St. Peter’s Church,photo,historicalImage,patched,sZarkGCWKodXiPseaTZh3t,Church,Tredyffrin
SPC15,St. Peter’s Church Education Building,photo,historicalImage,patched,uBwiUtn9Wx8WqRIUPYt4JO,Church,Tredyffrin
SPC17,St. Peter’s Church Education Building,photo,historicalImage,patched,uBwiUtn9Wx8WqRIUPYt4tu,Church,Tredyffrin
SRC01,Sebastian Rink house,photo,historicalImage,patched,otUyWOFVcxQBV4wYWgGEtP,House,Tredyffrin
SRC02,Sebastian Rink house,photo,historicalImage,patched,uBwiUtn9Wx8WqRIUPYt7zc,House,Tredyffrin
SRC03,"Sebastian Rink house, home of John K. Ewing",photo,historicalImage,patched,otUyWOFVcxQBV4wYWgGFKF,House,Tredyffrin
SRC05,"Sebastian Rink house, home of John K. Ewing",photo,historicalImage,patched,otUyWOFVcxQBV4wYWgGGtX,House,Tredyffrin
SRC04,Sebastian Rink house,photo,historicalImage,patched,uBwiUtn9Wx8WqRIUPYt7qU,House,Tredyffrin
STR14,Old Eagle School Road,photo,historicalImage,patched,sZarkGCWKodXiPseaTZi75,,Tredyffrin; Place
STR15,Old Eagle School Road,photo,historicalImage,patched,otUyWOFVcxQBV4wYWgGI5L,,Tredyffrin; Place
TPC10,"Site of new educational building, Trinity Church",photo,historicalImage,patched,otUyWOFVcxQBV4wYWgGIIl,Church,Easttown
TPC11,"Site of new educational building, Trinity Church",photo,historicalImage,patched,uBwiUtn9Wx8WqRIUPYtAn4,Church,Easttown
TRE11,Tredyffrin township building,photo,historicalImage,patched,otUyWOFVcxQBV4wYWgGJoh,,Tredyffrin; Place
TRE12,Tredyffrin township building,photo,historicalImage,patched,uBwiUtn9Wx8WqRIUPYtB5K,,Tredyffrin; Place
TCO05,"Trenton Cut Off Pumping Station, Prissy’s Hollow",photo,historicalImage,created,N1G5rtOZj8187JlhVeEgJB,Railroad,Tredyffrin
TRE15,"Tredyffrin township building, Old Lancaster Road",photo,historicalImage,patched,sZarkGCWKodXiPseaTZiUa,,Tredyffrin; Place
VFP56,Valley Forge redoubt,photo,historicalImage,patched,uBwiUtn9Wx8WqRIUPYtCdB,,Place
TPC12,"Site of new educational building, Trinity Church",photo,historicalImage,created,0YKpiHcLUDtAprmSVOC1SB,Church,Easttown
WYI08,Site of Wyndburne Inn,photo,historicalImage,patched,uBwiUtn9Wx8WqRIUPYtDaW,Inn,
BRH01,Bair Road,photo,historicalImage,patched,otUyWOFVcxQBV4wYWgGKtn,House,Tredyffrin
BRH02,Bair Road,photo,historicalImage,patched,otUyWOFVcxQBV4wYWgGLAZ,House,Tredyffrin
WCF03,William Coates farm,photo,historicalImage,created,0YKpiHcLUDtAprmSVOC4Wo,House,Easttown
OLA25,"Roberts Homestead, King of Prussia Road",photo,historicalImage,patched,otUyWOFVcxQBV4wYWgGLlT,Radnor,Place
OLA38,King of Prussia Road,photo,historicalImage,patched,otUyWOFVcxQBV4wYWgGMCJ,Radnor,Place
OLA26,"Roberts Homestead, King of Prussia Road",photo,historicalImage,patched,sZarkGCWKodXiPseaTZinX,Radnor,Place
OLA39,King of Prussia Road,photo,historicalImage,patched,uBwiUtn9Wx8WqRIUPYtJTg,Radnor,Place
KOP02,Stores at King of Prussia,photo,historicalImage,patched,otUyWOFVcxQBV4wYWgGNbX,Upper Merion; Business,
STR13,"Shops at Lincoln Highway and Old Eagle School Road, Strafford",photo,historicalImage,patched,uBwiUtn9Wx8WqRIUPYtHLJ,Radnor; Business,
KOP01,Stores at King of Prussia,photo,historicalImage,patched,uBwiUtn9Wx8WqRIUPYtHrG,Upper Merion; Business,
KOP03,Stores at King of Prussia,photo,historicalImage,patched,uBwiUtn9Wx8WqRIUPYtK8l,Upper Merion; Business,
SHF01,"Shank Farm, J. H. Mecke Jr. residence",photo,historicalImage,patched,sZarkGCWKodXiPseaTZjFa,House,Tredyffrin
SHF02,"Shank Farm, J. H. Mecke Jr. residence",photo,historicalImage,patched,sZarkGCWKodXiPseaTZjPR,House,Tredyffrin
SHF03,"Shank Farm, J. H. Mecke Jr. residence",photo,historicalImage,patched,otUyWOFVcxQBV4wYWgGP0l,House,Tredyffrin
SHF04,"Shank Farm, J. H. Mecke Jr. residence",photo,historicalImage,patched,sZarkGCWKodXiPseaTZjUk,House,Tredyffrin
SHF05,"Swedesford Road near Shank Farm, J. H. Mecke Jr. residence",photo,historicalImage,patched,otUyWOFVcxQBV4wYWgGPEB,House,Tredyffrin
SHF06,"Shank Farm, J. H. Mecke Jr. residence",photo,historicalImage,patched,uBwiUtn9Wx8WqRIUPYtMwD,House,Tredyffrin
SHF07,"Shank Farm, J. H. Mecke Jr. residence",photo,historicalImage,patched,sZarkGCWKodXiPseaTZk8v,House,Tredyffrin
SHF08,"Shank Farm, J. H. Mecke Jr. residence",photo,historicalImage,patched,sZarkGCWKodXiPseaTZkEE,House,Tredyffrin
WFC03,"Wilson Farm, Chesterbrook",photo,historicalImage,patched,uBwiUtn9Wx8WqRIUPYtP99,Farm,Tredyffrin
WFC02,"Wilson Farm, Chesterbrook",photo,historicalImage,patched,otUyWOFVcxQBV4wYWgGSG3,Business,Tredyffrin
WFC01,"Wilson Farm, Chesterbrook",photo,historicalImage,patched,uBwiUtn9Wx8WqRIUPYtOdC,Farm,Tredyffrin
OLA40,Dallin Belanca Aeroplane,photo,historicalImage,patched,otUyWOFVcxQBV4wYWgGTOV,Business,
WFC04,"Wilson Farm, Chesterbrook",photo,historicalImage,patched,sZarkGCWKodXiPseaTZkTO,Farm,Tredyffrin
OLA41,Dallin Aerial Survey staff,photo,historicalImage,patched,uBwiUtn9Wx8WqRIUPYtQKB,Business,
OLA43,Dallin Aerial Survey office,photo,historicalImage,patched,uBwiUtn9Wx8WqRIUPYtRVD,Business,
OLA42,"Fairchild aircraft, Dallin office in background, Philadelphia",photo,historicalImage,patched,sZarkGCWKodXiPseaTZkh2,Business,
OLA44,"Two large hangers, Central Airport, Camden",photo,historicalImage,patched,otUyWOFVcxQBV4wYWgGUTb,Business,
OLA46,Mr DuBois by airplane,photo,historicalImage,patched,uBwiUtn9Wx8WqRIUPYtSEr,Business,
OLA45,Kellett Autogyro,photo,historicalImage,patched,sZarkGCWKodXiPseaTZkqt,Business,
OLA47,Victor Dallin’s airplane with cameras,photo,historicalImage,patched,sZarkGCWKodXiPseaTZktA,Business,
BPO06,Berwyn Post Office,photo,historicalImage,patched,sZarkGCWKodXiPseaTZl4X,Business,Easttown
BE163,Richardson’s Knitting MIll,photo,historicalImage,patched,sZarkGCWKodXiPseaTZl2G,Business,Easttown
BTO02,"Bella Toner and chickens, Centerville Station, Chester Valley Railroad",photo,historicalImage,patched,sZarkGCWKodXiPseaTZlS2,donation:56,Tredyffrin; Person
BTO03,"Bella Toner gardening, New Centerville station, Chester Valley Railroad",photo,historicalImage,patched,otUyWOFVcxQBV4wYWgGWh9,donation:56,Tredyffrin; Person
BTO01,Bella Toner,photo,historicalImage,patched,sZarkGCWKodXiPseaTZl9q,donation:56,Tredyffrin; Person
BTO05,"Bella Toner,",photo,historicalImage,patched,otUyWOFVcxQBV4wYWgGXVT,donation:59,Tredyffrin; Person
CVR133,Annotated New Centerville Station plan,photo,historicalImage,patched,sZarkGCWKodXiPseaTZlii,Railroad; donation:58,Tredyffrin
BTO04,"Bella Toner at telegraph, New Centerville station, Chester Valley Railroad",photo,historicalImage,patched,uBwiUtn9Wx8WqRIUPYtVcp,donation:56,Tredyffrin; Person
HOU159,Hillstyde [sic] near Berwyn,photo,historicalImage,patched,sZarkGCWKodXiPseaTZm09,House; donation:20,Easttown
FRL06,View of Fritz Lumber from Lancaster Avenue looking east,photo,historicalImage,patched,sZarkGCWKodXiPseaTZlxs,Business,Easttown
HOU160,Hilltop,photo,historicalImage,patched,uBwiUtn9Wx8WqRIUPYtXpl,House; donation:2,Easttown
HOU161,Plan of Sunset Hills,photo,historicalImage,patched,sZarkGCWKodXiPseaTZmBW,House,Tredyffrin
IT17,White Horse Hunt at White Horse Tavern,painting,historicalImage,patched,sZarkGCWKodXiPseaTZmNe,East Whiteland; Inn; donation:30,
PA35,"Lancaster Avenue, Paoli looking east",photo,historicalImage,patched,otUyWOFVcxQBV4wYWgGeoN,donation:57,Tredyffrin; View
MAL27,"King Street, Malvern",postcard,historicalImage,patched,sZarkGCWKodXiPseaTZmDn,donation:57,View
PCS01,Paoli Coal and Supply,photo,historicalImage,patched,otUyWOFVcxQBV4wYWgGeeJ,Business; donation:57,Tredyffrin
PCS02,Paoli Coal and Supply,photo,historicalImage,patched,otUyWOFVcxQBV4wYWgGfq7,Business; donation:57,Tredyffrin
HOU162,Plan of Sunset Hills,photo,historicalImage,created,h7jyTqsbY1egLREo29eOt2,House,Tredyffrin
PEO63,H Hawkings and J H Kain,photo,historicalImage,patched,sZarkGCWKodXiPseaTZnvv,donation:20,Easttown; Person
RDE02,Devon Station Baggage Room,photo,historicalImage,patched,uBwiUtn9Wx8WqRIUPYtiDM,Railroad; donation:30,Easttown
WSH15,Walker Schoolhouse,photo,historicalImage,patched,sZarkGCWKodXiPseaTZo4G,School,
WSH16,View from Walker Schoolhouse,photo,historicalImage,patched,uBwiUtn9Wx8WqRIUPYtt6u,School,Tredyffrin
TEH52,"Tredyffrin-Easttown High School Football Team, 1910 -11",photo,historicalImage,patched,otUyWOFVcxQBV4wYWgGirz,School; donation:20,Tredyffrin
BAV03,Berwyn Avenue,photo,historicalImage,patched,uBwiUtn9Wx8WqRIUPYtwLk,,Easttown; View
BAV02,Berwyn Avenue,photo,historicalImage,patched,otUyWOFVcxQBV4wYWgGjWF,,Easttown; View
BAV04,Berwyn Avenue,photo,historicalImage,patched,sZarkGCWKodXiPseaTZoQF,,Easttown; View
BE143,Berwyn View,photo,historicalImage,patched,uBwiUtn9Wx8WqRIUPYtxbL,,Easttown; View
BE144,Berwyn View,photo,historicalImage,patched,otUyWOFVcxQBV4wYWgGmot,,Easttown; View
BBC07,Christian Science Church,photo,historicalImage,patched,sZarkGCWKodXiPseaTZpCl,Church,Easttown
BE147,"Upper Bridge, Berwyn",photo,historicalImage,patched,otUyWOFVcxQBV4wYWgGosN,,Easttown; View
BE145,Berwyn View,photo,historicalImage,patched,otUyWOFVcxQBV4wYWgGoAl,,Easttown; View
BE146,"Upper Bridge, Berwyn",photo,historicalImage,patched,otUyWOFVcxQBV4wYWgGoex,,Easttown; View
BE148,"Upper Bridge, Berwyn",photo,historicalImage,patched,otUyWOFVcxQBV4wYWgGpZz,,Easttown; View
BE149,"Upper Bridge, Berwyn",photo,historicalImage,patched,otUyWOFVcxQBV4wYWgGqOJ,,Easttown; View
BE150,"Upper Bridge, Berwyn",photo,historicalImage,patched,sZarkGCWKodXiPseaTZpfZ,,Easttown; View
BE151,Berwyn View,photo,historicalImage,patched,uBwiUtn9Wx8WqRIUPYu1D0,,Easttown; View
BE153,"View from Woodside Avenue tract, Berwyn",photo,historicalImage,patched,uBwiUtn9Wx8WqRIUPYu2Eu,,Easttown; View
BE152,"Main Street, Berwyn",photo,historicalImage,patched,sZarkGCWKodXiPseaTZq02,,Easttown; View
BE154,Beaumont and Newtown Roads,photo,historicalImage,patched,uBwiUtn9Wx8WqRIUPYu2gI,,Easttown; View
BE155,Berwyn View,photo,historicalImage,patched,uBwiUtn9Wx8WqRIUPYu4k6,,Easttown; View
BE156,Berwyn View,photo,historicalImage,patched,otUyWOFVcxQBV4wYWgH1Gd,,Easttown; View
BE158,Berwyn View,photo,historicalImage,patched,uBwiUtn9Wx8WqRIUPYufqc,,Easttown; View
BE159,Berwyn View,photo,historicalImage,patched,uBwiUtn9Wx8WqRIUPYuESc,,Easttown; View
BE157,Berwyn View,photo,historicalImage,patched,uBwiUtn9Wx8WqRIUPYu56v,,Easttown; View
BE160,Berwyn View,photo,historicalImage,patched,sZarkGCWKodXiPseaTZqut,Business,Easttown; donation:0
BE161,Berwyn View,photo,historicalImage,patched,sZarkGCWKodXiPseaTZtKz,Business,Easttown
BET18,Berwyn Theater,photo,historicalImage,patched,otUyWOFVcxQBV4wYWgH7Xn,Business,Easttown
BFC05,Berwyn Fire Company,photo,historicalImage,patched,sZarkGCWKodXiPseaTZrUW,,Easttown; Service
BFC06,Fireman’s Parade on Francis Avenue,photo,historicalImage,patched,otUyWOFVcxQBV4wYWgH8FP,,Easttown; Service
BET17,Berwyn Theater,photo,historicalImage,created,0YKpiHcLUDtAprmSVOCU3O,Business,Easttown
BFC07,Berwyn Fire House,photo,historicalImage,patched,sZarkGCWKodXiPseaTZtO1,,Easttown; Service
BM07,St Matthew’s Methodist Church of New Centerville,photo,historicalImage,patched,uBwiUtn9Wx8WqRIUPYukBv,Church,Tredyffrin
BM09,New Berwyn Methodist Church under construction,photo,historicalImage,patched,otUyWOFVcxQBV4wYWgHCPj,Church,Easttown
BM08,Berwyn Methodist Church,photo,historicalImage,patched,uBwiUtn9Wx8WqRIUPYukL3,Church,Easttown
BM10,New Berwyn Methodist Church under construction,photo,historicalImage,patched,otUyWOFVcxQBV4wYWgHDHP,Church,Easttown
BM11,New Berwyn Methodist Church under construction,photo,historicalImage,patched,otUyWOFVcxQBV4wYWgHD3z,Church,Easttown
BM12,New Berwyn Methodist Church under construction,photo,historicalImage,patched,otUyWOFVcxQBV4wYWgHDox,Church,Easttown
BM13,New Berwyn Methodist Church under construction,photo,historicalImage,patched,otUyWOFVcxQBV4wYWgHGgl,Church,Easttown
BM14,New Berwyn Methodist Church under construction,photo,historicalImage,patched,otUyWOFVcxQBV4wYWgHGa3,Church,Easttown
BM16,New Berwyn Methodist Church under construction,photo,historicalImage,patched,sZarkGCWKodXiPseaTZuI7,Church,Easttown
BM15,New Berwyn Methodist Church under construction,photo,historicalImage,patched,sZarkGCWKodXiPseaTZu2C,Church,Easttown
BM17,Dedication of new Berwyn Methodist Church,photo,historicalImage,patched,otUyWOFVcxQBV4wYWgHHf9,Church,Easttown
BM19,Berwyn Methodist Church under construction,photo,historicalImage,patched,LJaqZEJIvXUJwNqO7nptda,Church,Easttown
BM18,New Berwyn Methodist Church under construction,photo,historicalImage,patched,LJaqZEJIvXUJwNqO7nptJG,Church,Easttown
BM20,Dedication of Berwyn Methodist Church,photo,historicalImage,patched,LJaqZEJIvXUJwNqO7nptgd,Church,Easttown
BM22,Dedication of Berwyn Methodist Church,photo,historicalImage,patched,LJaqZEJIvXUJwNqO7nptsp,Church,Easttown
BM21,Dedication of Berwyn Methodist Church,photo,historicalImage,patched,uBwiUtn9Wx8WqRIUPYuo5q,Church,Easttown
BM23,Berwyn Methodist Parsonage,photo,historicalImage,patched,5OcGDLuy3kQtxltJbWWmQQ,Church,Easttown
BPO05,Berwyn Post Office Staff,photo,historicalImage,patched,5OcGDLuy3kQtxltJbWWnFy,Business,Easttown
BPO04,Berwyn Post Office building being remodelled,photo,historicalImage,patched,otUyWOFVcxQBV4wYWgHOnz,Business,Easttown
BSF01,"Blue Stone Farm, Mill Road, Howellville",photo,historicalImage,patched,otUyWOFVcxQBV4wYWgHPOt,Farm,Tredyffrin
BSF02,"Blue Stone Farm< Mill Road, Howellville",photo,historicalImage,patched,otUyWOFVcxQBV4wYWgHPcJ,Farm,Tredyffrin
BSF03,"Blue Stone Farm< Mill Road, Howellville",photo,historicalImage,patched,otUyWOFVcxQBV4wYWgHQhP,Farm,Tredyffrin
BUS31,"Upper Mainline Bank, Berwyn",photo,historicalImage,patched,uBwiUtn9Wx8WqRIUPYutz0,Business,Easttown
BUS30,"Connors Pharmacy, Berwyn",photo,historicalImage,patched,5OcGDLuy3kQtxltJbWWnkI,Business,Easttown
BUS32,"Upper Mainline Bank, Berwyn",photo,historicalImage,patched,5OcGDLuy3kQtxltJbWWnwQ,Business,Easttown
BUS33,Berwyn Furniture Store,photo,historicalImage,patched,uBwiUtn9Wx8WqRIUPYuuie,Business,Easttown
BUS34,Berwyn Furniture Store,photo,historicalImage,patched,5OcGDLuy3kQtxltJbWWos2,Business,Easttown
BUS35,Berwyn Hardware Store,photo,historicalImage,patched,sZarkGCWKodXiPseaTZvEU,Business,Easttown
BUS36,"Harold’s Store, Berwyn",photo,historicalImage,patched,otUyWOFVcxQBV4wYWgHT8N,Business,Easttown
BUS37,"Harold’s Store, Berwyn",photo,historicalImage,patched,5OcGDLuy3kQtxltJbWWpDG,Business,Easttown
BUS38,"Harold’s Store and Post Office, Berwyn",photo,historicalImage,patched,sZarkGCWKodXiPseaTZvUP,Business,Easttown
BUS39,Christian Science Reading Room,photo,historicalImage,patched,5OcGDLuy3kQtxltJbWWpVS,Business,Easttown
BUS40,"Connors’ Pharmacy, Berwyn",photo,historicalImage,patched,uBwiUtn9Wx8WqRIUPYv0XF,Business,Easttown
BUS41,Berwyn Hardware Store,photo,historicalImage,patched,uBwiUtn9Wx8WqRIUPYv0kw,Business,Easttown
BUS42,Berwyn Hardware Store,photo,historicalImage,patched,5OcGDLuy3kQtxltJbWWres,Business,Easttown
BUS43,Unknown Building,photo,historicalImage,patched,otUyWOFVcxQBV4wYWgHWAF,Business,Easttown
BUS44,Unknown Building,photo,historicalImage,patched,sZarkGCWKodXiPseaTZw10,Business,Easttown
BUS45,"Atlantic Gas Station, Berwyn",photo,historicalImage,patched,sZarkGCWKodXiPseaTZw42,Business,Easttown
BUS47,"Sunoco Station, Lancaster Avenue, Berwyn",photo,historicalImage,patched,5OcGDLuy3kQtxltJbWWt1m,Business,Easttown
BUS51,Berwyn Lawn Mover Shop,photo,historicalImage,patched,LJaqZEJIvXUJwNqO7npzhY,Business,Easttown
BVF01,The Brookvale Farm,photo,historicalImage,patched,5OcGDLuy3kQtxltJbWWtJy,Farm,Tredyffrin
BUS46,Berwyn Furniture Store,photo,historicalImage,created,0YKpiHcLUDtAprmSVOCicB,Business,Easttown
BVF02,Brookvale Farm,photo,historicalImage,patched,sZarkGCWKodXiPseaTZwrJ,Farm,Tredyffrin
CAA05,"Cassatt Avenue, Berwyn",photo,historicalImage,patched,sZarkGCWKodXiPseaTZwuL,,Tredyffrin; View
CAA06,"Cassatt Avenue, Berwyn",photo,historicalImage,patched,otUyWOFVcxQBV4wYWgHZtj,,Tredyffrin; View
CAR25,Looking south on Cassatt and State Roads,photo,historicalImage,patched,sZarkGCWKodXiPseaTZx3R,,Tredyffrin; View
CAR26,Looking North on Cassatt Road at Conestoga Road,photo,historicalImage,patched,uBwiUtn9Wx8WqRIUPYv7kZ,Business,Tredyffrin
CAR27,Cassatt and Conestoga Roads,photo,historicalImage,patched,otUyWOFVcxQBV4wYWgHaRH,,Tredyffrin; View
CAR28,Cassatt Road being widened,photo,historicalImage,patched,uBwiUtn9Wx8WqRIUPYv8Pe,,Tredyffrin; View
CHE17,Chesterbrook Boulevard,photo,historicalImage,patched,5OcGDLuy3kQtxltJbWWvxi,,Tredyffrin; View
CHE18,Chesterbrook Boulevard,photo,historicalImage,patched,uBwiUtn9Wx8WqRIUPYv94j,,Tredyffrin; View
CHF02,Chesterbrook Farm,photo,historicalImage,patched,uBwiUtn9Wx8WqRIUPYv9jo,Farm,Tredyffrin
CHF01,Chesterbrook Farm,photo,historicalImage,patched,5OcGDLuy3kQtxltJbWWwCs,Farm,Tredyffrin
CHF03,Chesterbrook Farm,photo,historicalImage,patched,LJaqZEJIvXUJwNqO7nq0WM,Farm,Tredyffrin
CHE04,Chesterbrook Farm,photo,historicalImage,patched,uBwiUtn9Wx8WqRIUPYvAh9,,Tredyffrin; View
CAR29,Looking north on Cassatt Road,photo,historicalImage,created,N1G5rtOZj8187JlhVeFON3,,Tredyffrin; View
CHE05,Chesterbrook Farm,photo,historicalImage,patched,LJaqZEJIvXUJwNqO7nq0iY,,Tredyffrin; View
CHF06,Carriages at Chesterbrook Farm,photo,historicalImage,patched,sZarkGCWKodXiPseaTZxfL,Farm,Tredyffrin
CHF08,Carriages at Chesterbrook Farm,photo,historicalImage,patched,otUyWOFVcxQBV4wYWgHdT9,Farm,Tredyffrin
CHF07,Carriages at Chesterbrook Farm,photo,historicalImage,patched,otUyWOFVcxQBV4wYWgHdFj,Farm,Tredyffrin
CHF09,Carriages at Chesterbrook Farm,photo,historicalImage,patched,otUyWOFVcxQBV4wYWgHdgZ,Farm,Tredyffrin
CHF10,Shell of house on Chesterbrook Farm,photo,historicalImage,patched,otUyWOFVcxQBV4wYWgHeHT,Farm,Tredyffrin
COC01,"Church of Christ, Valley Forge",photo,historicalImage,patched,sZarkGCWKodXiPseaTZxz3,Church,Tredyffrin
COC02,"Church of Christ, Valley Forge",photo,historicalImage,patched,LJaqZEJIvXUJwNqO7nq18y,Church,Schuylkill
COC03,"Church of Christ, Valley Forge",photo,historicalImage,patched,otUyWOFVcxQBV4wYWgHesN,Church,Schuylkill
COR36,Conestoga Road,photo,historicalImage,patched,sZarkGCWKodXiPseaTZyDS,,View
COR37,Conestoga Road,photo,historicalImage,patched,uBwiUtn9Wx8WqRIUPYvCkx,,Tredyffrin; View
COR38,Conestoga Road,photo,historicalImage,patched,LJaqZEJIvXUJwNqO7nq1aP,,View
COR39,Conestoga Road at Bair Avenue,photo,historicalImage,patched,5OcGDLuy3kQtxltJbWWzBq,,Tredyffrin; View
COR40,Conestoga Road,photo,historicalImage,patched,5OcGDLuy3kQtxltJbWWzNy,,Tredyffrin; View
COR41,Conestoga Road,photo,historicalImage,patched,otUyWOFVcxQBV4wYWgHgKx,,Tredyffrin; View
COR42,Conestoga Road,photo,historicalImage,patched,5OcGDLuy3kQtxltJbWWzsI,,Tredyffrin; View
COR43,Conestoga Road,photo,historicalImage,patched,LJaqZEJIvXUJwNqO7nq1rg,,Tredyffrin; View
COR44,Conestoga Road,photo,historicalImage,patched,otUyWOFVcxQBV4wYWgHgsV,,Tredyffrin; View
COR45,Conestoga Road,photo,historicalImage,patched,sZarkGCWKodXiPseaTZypM,,Tredyffrin; View
COR46,Conestoga Road,photo,historicalImage,patched,LJaqZEJIvXUJwNqO7nq25u,,Tredyffrin; View
CUH06,Bicentennial Parade,photo,historicalImage,patched,otUyWOFVcxQBV4wYWgHhTP,Cultural,Tredyffrin
CUH07,Bicentennial Parade,photo,historicalImage,patched,LJaqZEJIvXUJwNqO7nq2H5,Cultural,Tredyffrin
CUH08,Bicentennial Parade,photo,historicalImage,patched,otUyWOFVcxQBV4wYWgHhdT,Cultural,Tredyffrin
CUH09,Wagon train - Bicentennial,photo,historicalImage,patched,uBwiUtn9Wx8WqRIUPYvFYP,Cultural,Easttown
CUH10,Wagon train - Bicentennial,photo,historicalImage,patched,5OcGDLuy3kQtxltJbWX134,Cultural,
CUH11,Wagon train - Bicentennial,photo,historicalImage,patched,5OcGDLuy3kQtxltJbWX1CA,Cultural,
CUH12,Wagon train - Bicentennial,photo,historicalImage,patched,otUyWOFVcxQBV4wYWgHifD,Cultural,
CUH13,Wagon train - Bicentennial,photo,historicalImage,patched,uBwiUtn9Wx8WqRIUPYvHcD,Cultural,
CUH14,Wagon train - Bicentennial,photo,historicalImage,patched,uBwiUtn9Wx8WqRIUPYvH1h,Cultural,
CUH15,Wagon train - Bicentennial,photo,historicalImage,patched,LJaqZEJIvXUJwNqO7nq2VJ,Cultural,
CUH16,Wagon train - Bicentennial,photo,historicalImage,patched,otUyWOFVcxQBV4wYWgHjJT,Cultural,
CUH19,Wagon train - Bicentennial,photo,historicalImage,patched,sZarkGCWKodXiPseaTZzcd,Cultural,
CUH18,Wagon train - Bicentennial,photo,historicalImage,patched,otUyWOFVcxQBV4wYWgHk7n,Cultural,
CUH17,Wagon train - Bicentennial,photo,historicalImage,patched,otUyWOFVcxQBV4wYWgHjxj,Cultural,
CWB25,Carriage Way house,photo,historicalImage,patched,uBwiUtn9Wx8WqRIUPYvJbS,Business,Tredyffrin
ELI02,Easttown Library and Township Building,photo,historicalImage,patched,sZarkGCWKodXiPseaTZzih,,Easttown; Service
ELI03,Easttown Library and Township Building,photo,historicalImage,patched,uBwiUtn9Wx8WqRIUPYvKPf,,Easttown; Service
ELI06,Easttown Library and Township Building,photo,historicalImage,patched,otUyWOFVcxQBV4wYWgHm1D,,Easttown; Service
ELI04,Easttown Library and Township Building,photo,historicalImage,patched,LJaqZEJIvXUJwNqO7nq2zn,,Easttown; Service
ELI05,Easttown Library and Township Building,photo,historicalImage,patched,otUyWOFVcxQBV4wYWgHmLL,,Easttown; Service
ELI07,Easttown Library,photo,historicalImage,patched,otUyWOFVcxQBV4wYWgHmEd,,Easttown; Service
ELI08,Easttown Library,photo,historicalImage,patched,uBwiUtn9Wx8WqRIUPYvN3z,,Easttown; Service
EPH06,Edith Parker’s house,photo,historicalImage,patched,sZarkGCWKodXiPseaTa02P,House,Tredyffrin
EPH07,Edith Parkers house,photo,historicalImage,patched,sZarkGCWKodXiPseaTa008,House,Tredyffrin
EPH08,Edith Parker’s house,photo,historicalImage,patched,uBwiUtn9Wx8WqRIUPYvNwl,House,Tredyffrin
EPH09,Edith Parker’s house,photo,historicalImage,patched,LJaqZEJIvXUJwNqO7nq3ZM,,Easttown; View
EPH10,Site of Edith Parker’s house,photo,historicalImage,patched,uBwiUtn9Wx8WqRIUPYvOXH,House,Tredyffrin
EPH11,Entrance to Edith Parker’s house,photo,historicalImage,patched,uBwiUtn9Wx8WqRIUPYvPUc,House,Tredyffrin
EPH12,Site of Edith Parker’s house,photo,historicalImage,patched,LJaqZEJIvXUJwNqO7nq4Cz,House,Tredyffrin
EPH13,Skating rink on site of Edith Parker’s house,photo,historicalImage,patched,sZarkGCWKodXiPseaTa0Go,House,Tredyffrin
ETS10,"Cafeteria, Easttown School",photo,historicalImage,patched,otUyWOFVcxQBV4wYWgHqOx,School,Easttown
ETS11,Site of new Easttown School,photo,historicalImage,patched,uBwiUtn9Wx8WqRIUPYvRqg,School,Easttown
FAB02,"First Avenue, north side",photo,historicalImage,patched,uBwiUtn9Wx8WqRIUPYvSo1,,Easttown; View
FAB01,"First Avenue, north side",photo,historicalImage,patched,sZarkGCWKodXiPseaTa0Vy,,Easttown; View
FRL05,Fritz Coalyard,photo,historicalImage,patched,otUyWOFVcxQBV4wYWgHrDH,Business,Easttown
HLC08-3596,Hampton-Atlee-Erdman Cabin,photo,historicalImage,patched,sZarkGCWKodXiPseaTa0jc,House,Tredyffrin
HLC07,Hampton-Atlee-Erdman Cabin,photo,historicalImage,patched,LJaqZEJIvXUJwNqO7nq4iU,House,Tredyffrin
HMH01,"Highway Mission, Howellville",photo,historicalImage,patched,otUyWOFVcxQBV4wYWgHrut,Church,Tredyffrin
HMH03,"Highway Mission, Howellville",photo,historicalImage,patched,uBwiUtn9Wx8WqRIUPYvULs,Church,Tredyffrin
HMH02,"Highway Mission, Howellville",photo,historicalImage,patched,otUyWOFVcxQBV4wYWgHtat,Church,Tredyffrin
HOT03,Howellville Tavern Barn,photo,historicalImage,patched,otUyWOFVcxQBV4wYWgHtkx,Inn,Tredyffrin
HOU125,"61 Cassatt Avenue, Berwyn",photo,historicalImage,patched,uBwiUtn9Wx8WqRIUPYvWUF,House,Tredyffrin
HOU126,"61 Cassatt Avenue, Berwyn",photo,historicalImage,patched,sZarkGCWKodXiPseaTa18d,House,Tredyffrin
HOT04,Howellville Tavern Barn,photo,historicalImage,patched,uBwiUtn9Wx8WqRIUPYvVkb,Inn,Tredyffrin
HOU129,"New offices, Station and Kromer Avenues",photo,historicalImage,patched,otUyWOFVcxQBV4wYWgHvDX,Business,Easttown
HOU128,Barn at 61 Cassatt Avenue,photo,historicalImage,patched,uBwiUtn9Wx8WqRIUPYvX9K,House,Tredyffrin
HOU131,"New offices, Station and Kromer Avenues",photo,historicalImage,patched,sZarkGCWKodXiPseaTa1Q4,Business,Easttown
HOU130,"New offices, Station and Kromer Avenues",photo,historicalImage,patched,uBwiUtn9Wx8WqRIUPYvYqJ,Business,Easttown
HOU133,"New offices, Station and Kromer Avenues",photo,historicalImage,patched,LJaqZEJIvXUJwNqO7nq5rc,Business,Easttown
HOU132,"New offices, Station and Kromer Avenues",photo,historicalImage,patched,uBwiUtn9Wx8WqRIUPYvZVO,Business,Easttown
HOU127,Barn at 61 Cassatt Avenue,photo,historicalImage,created,0YKpiHcLUDtAprmSVOD3cD,House,Tredyffrin
HOU134,"New offices, Station and Kromer Avenues",photo,historicalImage,patched,sZarkGCWKodXiPseaTa1bR,Business,Easttown
HOU135,"New offices, Station and Kromer Avenues",photo,historicalImage,patched,sZarkGCWKodXiPseaTa1kX,Business,Easttown
HOU136,"New offices, Station and Kromer Avenues",photo,historicalImage,patched,LJaqZEJIvXUJwNqO7nq68t,Business,Easttown
HOU137,"New offices, Station and Kromer Avenues",photo,historicalImage,patched,LJaqZEJIvXUJwNqO7nq6J3,Business,Easttown
HOU138,"New offices, Station and Kromer Avenues",photo,historicalImage,patched,otUyWOFVcxQBV4wYWgHwwt,Business,Easttown
HOU139,Gertrude Nixon McCall’s home,photo,historicalImage,patched,uBwiUtn9Wx8WqRIUPYvbZC,House,
HOU140,Aiken house,photo,historicalImage,patched,uBwiUtn9Wx8WqRIUPYvbw1,House,Easttown
HOU141,"House on Old Swedesford Road, Howellville",photo,historicalImage,patched,LJaqZEJIvXUJwNqO7nq6gQ,House,Tredyffrin
HOU143,House at corner of Swedesford and Howellville Roads,photo,historicalImage,patched,sZarkGCWKodXiPseaTa26W,House,Tredyffrin
HOU142,"House on Swedesford Road, Howellville",photo,historicalImage,patched,uBwiUtn9Wx8WqRIUPYvcb6,House,Tredyffrin
HOU144,House at corner of Swedesford and Howellville Roads,photo,historicalImage,patched,uBwiUtn9Wx8WqRIUPYvdqh,House,Tredyffrin
HOU145,"Hosue, Main Street, Berwyn",photo,historicalImage,patched,otUyWOFVcxQBV4wYWgHyFP,House,Easttown
HOU147,"House, Main Street, Berwyn",photo,historicalImage,patched,uBwiUtn9Wx8WqRIUPYvejT,House,Easttown
HOU146,"Hosue, Main Street, Berwyn",photo,historicalImage,patched,sZarkGCWKodXiPseaTa2NC,House,Easttown
HOU148,"House on Main Street, Berwyn",photo,historicalImage,patched,uBwiUtn9Wx8WqRIUPYvfFQ,House,Easttown
HOU150,"606 Kromer Avenue, Berwyn",photo,historicalImage,patched,sZarkGCWKodXiPseaTa2z6,House,Easttown
HOU149,"345 Keller Road, Berwyn",photo,historicalImage,patched,uBwiUtn9Wx8WqRIUPYvfgo,House,Easttown
HOU151,"Nuzum house, Main Street, Berwyn",photo,historicalImage,patched,sZarkGCWKodXiPseaTa34P,House,Easttown
HOU152,Former Gallagher Building,photo,historicalImage,patched,uBwiUtn9Wx8WqRIUPYvgV1,House,Easttown
HOU153,Dr. Thomas J. Aiken’s home,photo,historicalImage,patched,uBwiUtn9Wx8WqRIUPYvhbU,House,Easttown
HOW22,Painting of Howellville village,painting,historicalImage,patched,sZarkGCWKodXiPseaTa3HI,,Tredyffrin; View
HOW23,Howellville Village,photo,historicalImage,patched,sZarkGCWKodXiPseaTa3Ck,,Tredyffrin; View
HOW24,Howellville Road in Village,photo,historicalImage,patched,otUyWOFVcxQBV4wYWgI0gN,,Tredyffrin; View
HOW27,Howellville,photo,historicalImage,patched,uBwiUtn9Wx8WqRIUPYvjWA,,Tredyffrin; View
HOW25,Howellville Road in Village; looking east,photo,historicalImage,patched,sZarkGCWKodXiPseaTa3QO,,Tredyffrin; View
HOW26,Howellville Road in Village,photo,historicalImage,patched,otUyWOFVcxQBV4wYWgI1Dv,,Tredyffrin; View
HOW28,"Old Swedesford Road, Howellville",photo,historicalImage,patched,otUyWOFVcxQBV4wYWgI3Ah,,Tredyffrin; View
HOW29,Swedesford Road looking east,photo,historicalImage,patched,otUyWOFVcxQBV4wYWgI2J1,,Tredyffrin; View
HOW30,Swedesford Road l0oking east to Howellville Road,photo,historicalImage,patched,uBwiUtn9Wx8WqRIUPYvkFo,,Tredyffrin; View
HOW32,"Howellville Road and route 202, looking north",photo,historicalImage,patched,otUyWOFVcxQBV4wYWgI4CR,,Tredyffrin; View
HOW31,"Howellville Road and route 202, 1967",photo,historicalImage,patched,uBwiUtn9Wx8WqRIUPYvmAU,,Tredyffrin; View
HOW33,Howellville and Swedesford Roads looking north,photo,historicalImage,patched,sZarkGCWKodXiPseaTa401,,Tredyffrin; View
HOW34,Bear Hill Road at Howellville,photo,historicalImage,patched,otUyWOFVcxQBV4wYWgI4dH,Business,Tredyffrin
HOW35,New Swedesford Road,photo,historicalImage,patched,uBwiUtn9Wx8WqRIUPYvnCO,,Tredyffrin; View
HOW36,Painting of Howellville,painting,historicalImage,patched,sZarkGCWKodXiPseaTa4Iy,,Tredyffrin; View
HOW39,Old Swedesford Road,photo,historicalImage,patched,uBwiUtn9Wx8WqRIUPYvqDX,,Tredyffrin; View
HOW38,Swedesford Road,photo,historicalImage,patched,otUyWOFVcxQBV4wYWgI7lr,,Tredyffrin; View
HOW37,Swedesford Road looking north,photo,historicalImage,patched,otUyWOFVcxQBV4wYWgI7V5,,Tredyffrin; View
HOW40,Old Swedesford Road,photo,historicalImage,patched,otUyWOFVcxQBV4wYWgI8Ch,,Tredyffrin; View
HOW41,Swedesford Road and site of Howellville Quarry,photo,historicalImage,patched,otUyWOFVcxQBV4wYWgI82d,,Tredyffrin; View
HOW42,Old Swedesford Road,photo,historicalImage,created,N1G5rtOZj8187JlhVeG6IH,,Tredyffrin; View
HQ07,Howellville Quarry,photo,historicalImage,patched,uBwiUtn9Wx8WqRIUPYvrgp,Quarry,Tredyffrin
HOW44,Swedesford Road,photo,historicalImage,created,N1G5rtOZj8187JlhVeG7L7,,Tredyffrin; View
HOW43,Swedesford Road,photo,historicalImage,created,0YKpiHcLUDtAprmSVODIEb,,Tredyffrin; View
HQ08,Howellville Quarry,photo,historicalImage,patched,sZarkGCWKodXiPseaTa5Gr,Quarry,Tredyffrin
HQ09,Howellville Quarry,photo,historicalImage,patched,uBwiUtn9Wx8WqRIUPYvtWw,Quarry,Tredyffrin
HQ10,"Johnson Quarry, Howellville",photo,historicalImage,patched,otUyWOFVcxQBV4wYWgI8nb,Quarry,Tredyffrin
HRB01,"Howellville and Old Lancaster Roads, Berwyn",photo,historicalImage,patched,sZarkGCWKodXiPseaTa5OR,,Tredyffrin; View
HRB03,"Howellville Road, Berwyn",photo,historicalImage,patched,uBwiUtn9Wx8WqRIUPYvv0E,,Tredyffrin; View
HRB02,"Howellville Road, Berwyn",photo,historicalImage,patched,sZarkGCWKodXiPseaTa5Qi,,Tredyffrin; View
HRB04,"Howellville Road, Berwyn",photo,historicalImage,patched,sZarkGCWKodXiPseaTa5gd,,Tredyffrin; View
HSS03,Hillside School,photo,historicalImage,patched,otUyWOFVcxQBV4wYWgIA9T,School,Tredyffrin
HRB05,"Howellville Road, Berwyn",photo,historicalImage,patched,uBwiUtn9Wx8WqRIUPYvwlm,,Tredyffrin; View
HSS04,Hillside School,photo,historicalImage,patched,otUyWOFVcxQBV4wYWgIAr5,School,Tredyffrin
JSH02,Julius Sachse house,photo,historicalImage,patched,uBwiUtn9Wx8WqRIUPYvyJd,House,Easttown
JSH01,Julius Sachse house.,photo,historicalImage,patched,sZarkGCWKodXiPseaTa5tW,House,Easttown
JSH03,Julius Sachse house,photo,historicalImage,patched,sZarkGCWKodXiPseaTa64t,House,Easttown
LAB21,"Lancaster Avenue, Berwyn",photo,historicalImage,patched,sZarkGCWKodXiPseaTa67A,,Easttown; View
KCB32,Knox Covered Bridge,photo,historicalImage,patched,uBwiUtn9Wx8WqRIUPYw05B,,Tredyffrin; Road
LAB22,"Lancaster Avenue, Berwyn",photo,historicalImage,patched,uBwiUtn9Wx8WqRIUPYw1qj,,Easttown; View
LAB24,"Lancaster Avenue, Berwyn",photo,historicalImage,patched,otUyWOFVcxQBV4wYWgIBm7,,Easttown; View
LAB23,"Lancaster Avenue, Berwyn",photo,historicalImage,patched,sZarkGCWKodXiPseaTa6Rd,,Easttown; View
LAB26,"US Post Office and Marrellas, Lancaster Avenue, Berwyn",photo,historicalImage,patched,sZarkGCWKodXiPseaTa6fH,Business,Easttown
LAB27,"US Post office being remodelled, Lancaster Avenue, Berwyn",photo,historicalImage,patched,otUyWOFVcxQBV4wYWgID4d,Business,Easttown
LAB28,"Upper Main Line Bank, Lancaster Avenue, Berwyn",photo,historicalImage,patched,otUyWOFVcxQBV4wYWgIDEh,Business,Easttown
LAB25,"Shops, Lancaster Avenue, Berwyn",photo,historicalImage,created,0YKpiHcLUDtAprmSVODRE6,Business,Easttown
LAB30,"Businesses, Lancaster Avenue, Berwyn",photo,historicalImage,patched,sZarkGCWKodXiPseaTa70V,Business,Easttown
LAB29,"Businesses, Lancaster Avenue, Berwyn",photo,historicalImage,created,0YKpiHcLUDtAprmSVODRgs,Business,Easttown
LAB31,"Businesses, Lancaster Avenue, Berwyn",photo,historicalImage,patched,uBwiUtn9Wx8WqRIUPYw5Np,Business,Easttown
LAB32,Lincoln Highway looking west,photo,historicalImage,patched,sZarkGCWKodXiPseaTa75o,,Easttown; View
LAB33,"Lancaster Avenue, Berwyn",photo,historicalImage,patched,otUyWOFVcxQBV4wYWgJ5Ot,,Easttown; View
LAB34,Lancaster Avenue stores,photo,historicalImage,patched,sZarkGCWKodXiPseaTaBCW,Business,Easttown
MLA09,Mainline Apartments under construction,photo,historicalImage,created,N1G5rtOZj8187JlhVeGOUT,House,Tredyffrin
MLA10,Mainline Apartments under construction,photo,historicalImage,created,0YKpiHcLUDtAprmSVODWKc,House,Tredyffrin
MLA11,Mainline Apartments under construction,photo,historicalImage,created,0YKpiHcLUDtAprmSVODWcb,House,Tredyffrin
MLA12,Mainline Apartments under construction,photo,historicalImage,created,0YKpiHcLUDtAprmSVODYeU,House,Tredyffrin
MLA14,Mainline Apartments under construction,photo,historicalImage,created,N1G5rtOZj8187JlhVeGSBZ,House,Tredyffrin
MLA13,Mainline Apartments under construction,photo,historicalImage,created,h7jyTqsbY1egLREo29ekqi,House,Tredyffrin
MLA15,Mainline Apartments under construction,photo,historicalImage,created,h7jyTqsbY1egLREo29elAO,House,Tredyffrin
MLA17,Mainline Apartments under construction,photo,historicalImage,created,0YKpiHcLUDtAprmSVODcFU,House,Tredyffrin
MLA16,Mainline Apartments under construction,photo,historicalImage,created,0YKpiHcLUDtAprmSVODcpS,House,Tredyffrin
MLA18,Mainline Apartments under construction,photo,historicalImage,created,0YKpiHcLUDtAprmSVODdEd,House,Tredyffrin
MLA19,Mainline Apartments under construction,photo,historicalImage,created,N1G5rtOZj8187JlhVeGZmj,House,Tredyffrin
MLA20,Mainline Apartments under construction,photo,historicalImage,created,h7jyTqsbY1egLREo29emNA,House,Tredyffrin
MLA21,Mainline Apartments under construction,photo,historicalImage,created,N1G5rtOZj8187JlhVeGalF,House,Tredyffrin
MLA22,Mainline Apartments under construction,photo,historicalImage,created,h7jyTqsbY1egLREo29en5R,House,Tredyffrin
MLA23,Mainline Apartments under construction,photo,historicalImage,created,N1G5rtOZj8187JlhVeGd8D,House,Tredyffrin
MLA24,Mainline Apartments under construction,photo,historicalImage,created,0YKpiHcLUDtAprmSVODjn4,House,Tredyffrin
MLA25,Mainline Apartments under construction,photo,historicalImage,created,h7jyTqsbY1egLREo29ends,House,Tredyffrin
MLA26,Mainline Apartments under construction,photo,historicalImage,created,h7jyTqsbY1egLREo29enho,House,Tredyffrin
MLA27,Site of Mainline Apartments,photo,historicalImage,created,0YKpiHcLUDtAprmSVODlaZ,House,Tredyffrin
MLA28,Site of Mainline Apartments,photo,historicalImage,created,h7jyTqsbY1egLREo29eoHE,House,Tredyffrin
MLA30,Site of Mainline Apartments,photo,historicalImage,created,h7jyTqsbY1egLREo29eoLA,House,Tredyffrin
MLA29,Site of Mainline Apartments,photo,historicalImage,created,0YKpiHcLUDtAprmSVODnYr,House,Tredyffrin
MZC05,Mount Zion AME Church,photo,historicalImage,patched,uBwiUtn9Wx8WqRIUPYw7N4,Church,Tredyffrin
NGB05,Non-gran Bronze Company,photo,historicalImage,patched,otUyWOFVcxQBV4wYWgJ7P1,Business,Easttown
NGB06,Non-gran Bronze Company,photo,historicalImage,patched,uBwiUtn9Wx8WqRIUPYw8hE,Business,Easttown
NGB07,Non-gran Bronze Company,photo,historicalImage,patched,otUyWOFVcxQBV4wYWgJ9fv,Business,Easttown
NLC04,Neilly Log Cabin,photo,historicalImage,patched,sZarkGCWKodXiPseaTaC0Y,House,Tredyffrin
NBS11,North Berwyn School,photo,historicalImage,created,h7jyTqsbY1egLREo29eofp,School,Tredyffrin
NLC05,Neilly Log Cabin,photo,historicalImage,patched,otUyWOFVcxQBV4wYWgJA3P,House,Tredyffrin
NLC06,Neilly Log Cabin,photo,historicalImage,patched,otUyWOFVcxQBV4wYWgJAXb,House,Tredyffrin
OLA29,"Primitive Hall, West Marlborough township",photo,historicalImage,patched,otUyWOFVcxQBV4wYWgJAyR,House,
OLA30,"Primitive Hall, West Marlborough township",photo,historicalImage,patched,uBwiUtn9Wx8WqRIUPYwBQ7,House,
OLA31,"Primitive Hall, West Marlborough township",photo,historicalImage,patched,uBwiUtn9Wx8WqRIUPYwBmw,House,
OLA32,"Primitive Hall, West Marlborough township",photo,historicalImage,patched,otUyWOFVcxQBV4wYWgJCGx,House,
OLA34,Norrington Presbyterian Church,photo,historicalImage,patched,sZarkGCWKodXiPseaTaCYf,Church,
OLA33,"Grubb Road, Willistown",photo,historicalImage,patched,sZarkGCWKodXiPseaTaCWO,Willistown,View
OLA35,Norrington Presbyterian Church,photo,historicalImage,patched,uBwiUtn9Wx8WqRIUPYwDKn,Church,
PEO61,Stroh family,photo,historicalImage,patched,otUyWOFVcxQBV4wYWgJEKR,,Person
PEO60,Simon Matko Horstick,photo,historicalImage,patched,uBwiUtn9Wx8WqRIUPYwDqk,,Person
RBE18,"Railroad, Berwyn from Cassatt Avenue bridge",photo,historicalImage,patched,sZarkGCWKodXiPseaTaCpL,Railroad,Easttown
RBE19,"Railroad, Berwyn",photo,historicalImage,patched,sZarkGCWKodXiPseaTaDC5,Railroad,Easttown
RCR05,"Red Cross Building, Berwyn",photo,historicalImage,patched,sZarkGCWKodXiPseaTaDHO,,Easttown; Service
SBB08,Second Blue Ball Inn,photo,historicalImage,patched,otUyWOFVcxQBV4wYWgJFn1,Inn,Tredyffrin
SHT01,Springhouse Tavern,photo,historicalImage,patched,uBwiUtn9Wx8WqRIUPYwH11,Inn,Easttown
SHT02,Springhouse Tavern site,photo,historicalImage,patched,sZarkGCWKodXiPseaTaDet,Inn,Easttown
SIJ03,St. Isaac Joques rectory,photo,historicalImage,patched,otUyWOFVcxQBV4wYWgJJ2J,Church,Tredyffrin
SIJ02,St. Isaac Joques rectory,photo,historicalImage,patched,sZarkGCWKodXiPseaTaE4f,Church,Tredyffrin
SIJ01,Site of St. Isaac Joques church,photo,historicalImage,patched,otUyWOFVcxQBV4wYWgJHtr,Church,Tredyffrin
SIJ05,St. Isaac Joques rectory,photo,historicalImage,patched,sZarkGCWKodXiPseaTaEQe,Church,Tredyffrin
SIJ06,St. Isaac Joques church,photo,historicalImage,patched,otUyWOFVcxQBV4wYWgJLZz,Church,Tredyffrin
SIJ04,St. Isaac Joques rectory,photo,historicalImage,patched,uBwiUtn9Wx8WqRIUPYwK2A,Church,Tredyffrin
SIJ08,St. Isaac Joques church,photo,historicalImage,patched,sZarkGCWKodXiPseaTaErB,Church,Tredyffrin
SIJ07,St. Isaac Joques church,photo,historicalImage,patched,sZarkGCWKodXiPseaTaEkM,Church,Tredyffrin
SIJ09,St. Isaac Joques church,photo,historicalImage,patched,sZarkGCWKodXiPseaTaEzW,Church,Tredyffrin
SMB05,St. Monica’s School addition,photo,historicalImage,patched,otUyWOFVcxQBV4wYWgJNqt,School,Easttown
SMB04,St. Monica’s Convent,photo,historicalImage,patched,uBwiUtn9Wx8WqRIUPYwO0e,Church,Easttown
SMB06,Addition to St. Monica’s School,photo,historicalImage,patched,sZarkGCWKodXiPseaTaFOX,School,Easttown
SMB08,St. Monica’s Convent,photo,historicalImage,patched,uBwiUtn9Wx8WqRIUPYwQjX,Church,Easttown
SMB07,St. Monica’s New Convent,photo,historicalImage,patched,otUyWOFVcxQBV4wYWgJOzL,Church,Easttown
SMB09,St. Monica’s Church,photo,historicalImage,patched,uBwiUtn9Wx8WqRIUPYwSCp,Church,Easttown
SMB11,Original St. Monica’s School,photo,historicalImage,patched,otUyWOFVcxQBV4wYWgJRGF,School,Easttown
SMB12,New St. Monica’s Convent,photo,historicalImage,patched,uBwiUtn9Wx8WqRIUPYwTNr,Church,Easttown
SMB10,St. Monica’s School,photo,historicalImage,patched,uBwiUtn9Wx8WqRIUPYwSnL,School,Easttown
SMB13,St. Monica’s Convent,photo,historicalImage,patched,sZarkGCWKodXiPseaTaG6V,Church,Easttown
SMB14,St. Monica’s School,photo,historicalImage,patched,otUyWOFVcxQBV4wYWgJRdj,School,Easttown
SMB15,St. Monica’s Church interior,photo,historicalImage,patched,uBwiUtn9Wx8WqRIUPYwWY8,Church,Easttown
TCO06,"Trenton Cutoff, view from Howellville Road Bridge",photo,historicalImage,patched,sZarkGCWKodXiPseaTaHkq,Railroad,Tredyffrin
TAR09,"Aldyudd, now part of Tarleton School",photo,historicalImage,patched,uBwiUtn9Wx8WqRIUPYwXjA,School,Easttown
TCO07,"Trenton Cutoff, view from Howellville Road Bridge",photo,historicalImage,patched,sZarkGCWKodXiPseaTaHns,Railroad,Tredyffrin
TEH49,Tredyffrin Easttown High School,photo,historicalImage,patched,uBwiUtn9Wx8WqRIUPYwZmy,School,Tredyffrin
TCO08,"Trenton Cutoff, view from Howellville Road Bridge",photo,historicalImage,patched,otUyWOFVcxQBV4wYWgJU4h,Railroad,Tredyffrin
TEH50,Tredyffrin Easttown High School,photo,historicalImage,patched,sZarkGCWKodXiPseaTaI64,School,Tredyffrin
THH02,New homes at Tory Hollow Farm,photo,historicalImage,patched,otUyWOFVcxQBV4wYWgJVJr,House,Tredyffrin
THH01,New homes at Tory Hollow Farm,photo,historicalImage,patched,otUyWOFVcxQBV4wYWgJUzj,House,Tredyffrin
TEH51,Tredyffrin Easttown High School,photo,historicalImage,patched,sZarkGCWKodXiPseaTaIIC,School,Tredyffrin
THH03,New homes at Tory Hollow Farm,photo,historicalImage,patched,uBwiUtn9Wx8WqRIUPYwbd5,House,Tredyffrin
THH04,Tory Hollow Farm with new addition,photo,historicalImage,patched,sZarkGCWKodXiPseaTaIVq,House,Tredyffrin
TJH11,Tredyffrin Easttown School being built,photo,historicalImage,patched,otUyWOFVcxQBV4wYWgJVy7,School,Tredyffrin
TJH12,new TE High School building,photo,historicalImage,patched,uBwiUtn9Wx8WqRIUPYwcMj,School,Tredyffrin
TJH13,Tredyffrin Easttown Junior High School addition,photo,historicalImage,patched,otUyWOFVcxQBV4wYWgJWt9,School,Tredyffrin
TJH14,Tredyffrin Easttown Junior High School,photo,historicalImage,patched,sZarkGCWKodXiPseaTaIpY,School,Tredyffrin
TJH15,Tredyffrin Easttown High School,photo,historicalImage,patched,sZarkGCWKodXiPseaTaIxt,School,Tredyffrin
TJH16,Frame work for new Tredyffrin Easttown Junior High School,photo,historicalImage,patched,uBwiUtn9Wx8WqRIUPYwenM,School,Tredyffrin
TJH18,new Tredyffrin Easttown Junior High School,photo,historicalImage,patched,sZarkGCWKodXiPseaTaJEZ,School,Tredyffrin
TJH17,Tredyffrin Easttown High School,photo,historicalImage,patched,uBwiUtn9Wx8WqRIUPYwe8H,School,Tredyffrin
TJH19,Tredyffrin Easttown Junior High School parking lot - site of old High School building,photo,historicalImage,patched,uBwiUtn9Wx8WqRIUPYwfNs,School,Tredyffrin
TJH20,Tredyffrin Easttown Junior High School parking lot,photo,historicalImage,patched,uBwiUtn9Wx8WqRIUPYwfpG,School,Tredyffrin
TJH22,Tredyffrin Easttown Junior High School new parking lot,photo,historicalImage,patched,sZarkGCWKodXiPseaTaJi8,School,Tredyffrin
TJH21,Tredyffrin Easttown Junior High School parking lot being prepared,photo,historicalImage,patched,uBwiUtn9Wx8WqRIUPYwgLD,School,Tredyffrin
TJH24,Tredyffrin Easttown Junior High School,photo,historicalImage,patched,otUyWOFVcxQBV4wYWgJg8p,School,Tredyffrin
TJH25,Tredyffrin Easttown Junior High School parking lot being prepared,photo,historicalImage,patched,uBwiUtn9Wx8WqRIUPYwk1R,School,Tredyffrin
TJH23,Tredyffrin Easttown Junior High School new parking lot,photo,historicalImage,patched,otUyWOFVcxQBV4wYWgJf75,School,Tredyffrin
TJH27,"Tredyffrin Easttown Junior High School, site of new section",photo,historicalImage,patched,sZarkGCWKodXiPseaTaKg1,School,Tredyffrin
TJH26,Tredyffrin Easttown Junior High School,photo,historicalImage,patched,otUyWOFVcxQBV4wYWgJgtn,School,Tredyffrin
TJH28,Tredyffrin Easttown Junior High School,photo,historicalImage,patched,otUyWOFVcxQBV4wYWgJhNz,School,Tredyffrin
TJH30,Tredyffrin Easttown Junior High School,photo,historicalImage,patched,otUyWOFVcxQBV4wYWgJiPj,School,Tredyffrin
TJH31,Site of Valley Forge Junior High School,photo,historicalImage,patched,otUyWOFVcxQBV4wYWgJitv,School,Tredyffrin
TJH29,Tredyffrin Easttown Junior High School,photo,historicalImage,patched,uBwiUtn9Wx8WqRIUPYwqQY,School,Tredyffrin
TJH32,Site of Valley Forge Junior High School,photo,historicalImage,patched,sZarkGCWKodXiPseaTaLE8,School,Tredyffrin
TJH33,Valley Forge Junior High School,photo,historicalImage,patched,uBwiUtn9Wx8WqRIUPYwrpH,School,Tredyffrin
TPC13,"Trinity Presbyterian Church, Berwyn",photo,historicalImage,patched,sZarkGCWKodXiPseaTaLNz,Church,Easttown
TPC14,"Trinity Presbyterian Church, Berwyn",photo,historicalImage,patched,otUyWOFVcxQBV4wYWgJkJ9,Church,Easttown
TPC15,"Trinity Presbyterian Church & Educational Building, Berwyn",photo,historicalImage,patched,otUyWOFVcxQBV4wYWgJjvf,Church,Easttown
TPC16,Trinity Presbyterian Church Educational Building,photo,historicalImage,patched,otUyWOFVcxQBV4wYWgJknL,Church,Easttown
TPC17,Trinity Presbyterian Church Educational Building,photo,historicalImage,patched,uBwiUtn9Wx8WqRIUPYwuuz,Church,Easttown
TPC19,Trinity Presbyterian Church Educational Building,photo,historicalImage,patched,sZarkGCWKodXiPseaTaLmF,Church,Easttown
TPC18,Trinity Presbyterian Church Educational Building,photo,historicalImage,patched,otUyWOFVcxQBV4wYWgJllj,Church,Easttown
TPC20,Trinity Presbyterian Church Educational Building,photo,historicalImage,patched,otUyWOFVcxQBV4wYWgJmWh,Church,Easttown
TRE16,View of Great Valley from Howellville Road,photo,historicalImage,patched,otUyWOFVcxQBV4wYWgJmJH,,Tredyffrin; View
TRE17,View of the Great Valley,photo,historicalImage,patched,otUyWOFVcxQBV4wYWgJmk7,,Tredyffrin; View
TRE18,View of the Great Valley,photo,historicalImage,patched,sZarkGCWKodXiPseaTaMI5,,Tredyffrin; View
TRE20,View of the Great Valley,photo,historicalImage,patched,sZarkGCWKodXiPseaTaMLs,,Tredyffrin; View
TRE19,View of the Great Valley,photo,historicalImage,patched,uBwiUtn9Wx8WqRIUPYwxn0,,Tredyffrin; View
TRE21,View of the Great Valley,photo,historicalImage,patched,sZarkGCWKodXiPseaTaMYl,,Tredyffrin; View
TRE22,View of the Great Valley,photo,historicalImage,patched,sZarkGCWKodXiPseaTaMhr,,Tredyffrin; View
TRS01,Sycamore tree by Swedesford Road,photo,historicalImage,patched,uBwiUtn9Wx8WqRIUPYwz7A,,Tredyffrin; View
TRS02,Sycamore tree by Swedesford Road,photo,historicalImage,patched,otUyWOFVcxQBV4wYWgJogt,,Tredyffrin; View
TRS03,Sycamore tree by Swedesford Road,photo,historicalImage,patched,uBwiUtn9Wx8WqRIUPYx0aS,,Tredyffrin; View
TRS04,Sycamore tree by Swedesford Road,photo,historicalImage,patched,sZarkGCWKodXiPseaTaMvV,,Tredyffrin; View
TRS06,Trees on Colonel Dewees Road,photo,historicalImage,patched,otUyWOFVcxQBV4wYWgJq67,,Tredyffrin; View
TRS05,Sycamore tree by Swedesford Road,photo,historicalImage,patched,uBwiUtn9Wx8WqRIUPYx1lU,,Tredyffrin; View
TRS07,Trees on Colonel Dewees Road,photo,historicalImage,patched,otUyWOFVcxQBV4wYWgJqkN,,Tredyffrin; View
TRS08,Trees on Colonel Dewees Road,photo,historicalImage,patched,uBwiUtn9Wx8WqRIUPYx3yQ,,Tredyffrin; View
TRS09,"Trees on Crooked Lane, King of Prussia",photo,historicalImage,patched,otUyWOFVcxQBV4wYWgJr19,Upper Merion,View
USF01,Upstream Farm,photo,historicalImage,patched,otUyWOFVcxQBV4wYWgJrwB,Farm,Tredyffrin
WAB05,"Waterloo Avenue, Berwyn",photo,historicalImage,patched,uBwiUtn9Wx8WqRIUPYx6P3,,Easttown; View
USF03,Upstream Farm,photo,historicalImage,patched,uBwiUtn9Wx8WqRIUPYx5E1,Farm,Tredyffrin
USF02,Upstream Farm Barn,photo,historicalImage,patched,sZarkGCWKodXiPseaTaNKW,Farm,Tredyffrin
WOA01,"Woodside Avenue, Berwyn",photo,historicalImage,patched,sZarkGCWKodXiPseaTaNZg,,Easttown; View
WAB06,"Waterloo Avenue, Berwyn",photo,historicalImage,patched,otUyWOFVcxQBV4wYWgJuuh,,Easttown; View
WOA02,"Woodside Avenue, Berwyn",photo,historicalImage,patched,sZarkGCWKodXiPseaTaNbx,,Easttown; View
VFP58,Soldiers’ Huts,photo,historicalImage,patched,uBwiUtn9Wx8WqRIUPYx8XQ,Upper Merion; Military,
WYI10,Wynburne Inn after fire,photo,historicalImage,patched,otUyWOFVcxQBV4wYWgJu6N,Inn,Easttown
WYI09,Wynburne Inn,photo,historicalImage,patched,otUyWOFVcxQBV4wYWgJuD5,Inn,Easttown
TEC14,History Club Meeting,photo,historicalImage,patched,otUyWOFVcxQBV4wYWgJvcJ,,Tredyffrin; Service
TEC16,History Club Meeting,photo,historicalImage,patched,otUyWOFVcxQBV4wYWgJwDD,,Tredyffrin; Service
TEC15,History Club Meeting,photo,historicalImage,patched,otUyWOFVcxQBV4wYWgJvpj,,Tredyffrin; Service
BUS48,"Valley Bank, Paoli",photo,historicalImage,patched,uBwiUtn9Wx8WqRIUPYxA5H,Business,Tredyffrin
PP59,Paoli Post Office,photo,historicalImage,patched,otUyWOFVcxQBV4wYWgJy6d,Business,Tredyffrin
TEC17,History Club Meeting,photo,historicalImage,patched,sZarkGCWKodXiPseaTaO9J,,Tredyffrin; Service
DEV19,Bridge at Devon Station,photo,historicalImage,patched,uBwiUtn9Wx8WqRIUPYxBKs,,Tredyffrin; View
WAY07,Waynesborough,photo,historicalImage,patched,uBwiUtn9Wx8WqRIUPYxAbE,House,Easttown
WSH14,Walker Schoolhouse,photo,historicalImage,patched,sZarkGCWKodXiPseaTaOVI,School,Tredyffrin
CH29,Paoli Baptist Church,photo,historicalImage,patched,otUyWOFVcxQBV4wYWgJz51,Church,Tredyffrin
FMH01,Willistown Friends Meeting,photo,historicalImage,created,h7jyTqsbY1egLREo29etih,Willistown; Church,
CH30,Paoli Baptist Church,photo,historicalImage,patched,sZarkGCWKodXiPseaTaOf9,Church,Tredyffrin
FMH02,Willistown Friends Meeting,photo,historicalImage,created,h7jyTqsbY1egLREo29ettW,Willistown; Church,
SVR01,"South Valley Road, Paoli",photo,historicalImage,patched,sZarkGCWKodXiPseaTaOlD,,Tredyffrin; View
FPC28,Paoli Presbyterian Church,photo,historicalImage,patched,uBwiUtn9Wx8WqRIUPYxCID,Church,Tredyffrin
SVR02,"South Valley Road, Paoli",photo,historicalImage,patched,sZarkGCWKodXiPseaTaOv4,,Tredyffrin; View
SVR04,"South Valley Road, Paoli",photo,historicalImage,patched,uBwiUtn9Wx8WqRIUPYxDFY,,View
SVR03,"South Valley Road, Paoli",photo,historicalImage,patched,sZarkGCWKodXiPseaTaP2e,,View
SVR07,"South Valley Road, Paoli",photo,historicalImage,patched,sZarkGCWKodXiPseaTaPE1,,View
SVR06,"South Valley Road, Paoli",photo,historicalImage,patched,otUyWOFVcxQBV4wYWgK3W7,,View
SVR05,"South Valley Road, Paoli",photo,historicalImage,patched,otUyWOFVcxQBV4wYWgK35H,,View
SVR08,"South Valley Road, Paoli",photo,historicalImage,patched,sZarkGCWKodXiPseaTaPK5,,View
SVR09,"South Valley Road, Paoli",photo,historicalImage,patched,uBwiUtn9Wx8WqRIUPYxFNv,,View
NVR09,"North Valley Road, Paoli",photo,historicalImage,patched,otUyWOFVcxQBV4wYWgK4rz,,Tredyffrin; View
NVR10,"North Valley Road, Paoli",photo,historicalImage,patched,otUyWOFVcxQBV4wYWgK5cx,,Tredyffrin; View
SVR11,"South Valley Road, Paoli",photo,historicalImage,patched,uBwiUtn9Wx8WqRIUPYxH0L,,View
SVR10,"South Valley Road, Paoli",photo,historicalImage,patched,uBwiUtn9Wx8WqRIUPYxGLG,,View
PA32,"Lancaster Avenue and North Valley Road, Paoli",photo,historicalImage,patched,uBwiUtn9Wx8WqRIUPYxIFw,,Tredyffrin; View
BUS49,New Girard Bank,photo,historicalImage,patched,otUyWOFVcxQBV4wYWgK6Xz,Business,Tredyffrin
NVR11,"North Valley Road, Paoli",photo,historicalImage,patched,uBwiUtn9Wx8WqRIUPYxIcl,,Tredyffrin; View
PEO62,Mrs. Dudley Kneass and Mrs. John Salvaggio,photo,historicalImage,patched,sZarkGCWKodXiPseaTaPj6,,Tredyffrin; Person
DRS16,Diamond Rock School,photo,historicalImage,patched,sZarkGCWKodXiPseaTaPlN,School,Tredyffrin
DRS15,Diamond Rock School,photo,historicalImage,patched,sZarkGCWKodXiPseaTaPsx,School,Tredyffrin
FPC29,Paoli Presbyterian Church,photo,historicalImage,patched,uBwiUtn9Wx8WqRIUPYxKgZ,Church,Tredyffrin
BUS52,Office Buildings on site of General Jackson Inn,photo,historicalImage,patched,uBwiUtn9Wx8WqRIUPYxKOJ,Business,Tredyffrin
WAY08,Waynesborough,photo,historicalImage,patched,sZarkGCWKodXiPseaTaQBu,House,Easttown
WAY09,Waynesborough,photo,historicalImage,patched,sZarkGCWKodXiPseaTaQJU,House,Easttown
WAY10,Waynesborough,photo,historicalImage,patched,uBwiUtn9Wx8WqRIUPYxLUm,House,Easttown
WAY11,Waynesborough,photo,historicalImage,patched,otUyWOFVcxQBV4wYWgK9gZ,House,Easttown
FPC31,Paoli Presbyterian Church,photo,historicalImage,patched,sZarkGCWKodXiPseaTaQXt,Church,Tredyffrin
FPC30,Paoli Presbyterian Church,photo,historicalImage,patched,otUyWOFVcxQBV4wYWgKAAl,Church,Tredyffrin
DAA01,"Norbertine Abbey, Daylesford",photo,historicalImage,patched,otUyWOFVcxQBV4wYWgKAp1,Church,Tredyffrin
DAA02,"Norbertine Abbey, Daylesford",photo,historicalImage,patched,otUyWOFVcxQBV4wYWgKB2R,Church,Tredyffrin
MEP03,Paoli Methodist Church,photo,historicalImage,patched,uBwiUtn9Wx8WqRIUPYxNPS,Church,Tredyffrin
GVM11,Great Valley Mill,photo,historicalImage,patched,otUyWOFVcxQBV4wYWgKBZz,Mill,Tredyffrin
GVM12,Great Valley Mill,photo,historicalImage,patched,otUyWOFVcxQBV4wYWgKBk3,Mill,Tredyffrin
MEP04,Paoli Methodist Church,photo,historicalImage,patched,uBwiUtn9Wx8WqRIUPYxOxJ,Church,Tredyffrin
GVM13,Great Valley Mill,photo,historicalImage,patched,otUyWOFVcxQBV4wYWgKCEF,Mill,Tredyffrin
BAT01,Bartholomew Farmhouse,photo,historicalImage,patched,uBwiUtn9Wx8WqRIUPYxQwY,East Whiteland; Farm,
GWI11,General Warren Inn,photo,historicalImage,patched,otUyWOFVcxQBV4wYWgKCsV,Willistown; Inn,
OLA36,Log and Stone Griffith Farmhouse,photo,historicalImage,patched,otUyWOFVcxQBV4wYWgKCiR,Farm,
GVH01,Great Valley House,photo,historicalImage,patched,sZarkGCWKodXiPseaTaRLv,House,Tredyffrin
GVM14,Great Valley Mill,postcard,historicalImage,patched,otUyWOFVcxQBV4wYWgKDgp,Mill,Tredyffrin
MEB01,Meadowbrook,photo,historicalImage,patched,sZarkGCWKodXiPseaTaRZZ,House,Tredyffrin
WFH01,Wilson Farmhouse,photo,historicalImage,patched,uBwiUtn9Wx8WqRIUPYxS7a,House,Tredyffrin
MEB02,Meadowbrook,photo,historicalImage,patched,sZarkGCWKodXiPseaTaRbq,House,Tredyffrin
SWE05,"Northwinds, Swedesford Road",photo,historicalImage,created,N1G5rtOZj8187JlhVeHY1R,,Tredyffrin; View
SWE06,Swedesford Road house,photo,historicalImage,created,0YKpiHcLUDtAprmSVOEHmm,House,Tredyffrin
SWE07,Swedesford Road house,photo,historicalImage,created,h7jyTqsbY1egLREo29ew4J,House,Tredyffrin
SWE09,"Blacksmith Shop, Swedesford Road",photo,historicalImage,patched,sZarkGCWKodXiPseaTaRfd,Business,Tredyffrin
SWE08,Swedesford Road house,photo,historicalImage,created,h7jyTqsbY1egLREo29ewF8,House,Tredyffrin
POK12,"Tenant house, Pennokla Farm",photo,historicalImage,patched,uBwiUtn9Wx8WqRIUPYxU6p,House,Tredyffrin
POK11,"Tenant House, Pennokla Farm",photo,historicalImage,created,N1G5rtOZj8187JlhVeHaOP,House,Tredyffrin
GVP08,Great Valley Presbyterian Church,photo,historicalImage,patched,sZarkGCWKodXiPseaTaRr0,Church,Tredyffrin
GVP09,Great Valley Presbyterian Church,photo,historicalImage,patched,otUyWOFVcxQBV4wYWgKHTf,Church,Tredyffrin
GVP10,"Parsonage, Great Valley Presbyterian Church",photo,historicalImage,patched,sZarkGCWKodXiPseaTaRxp,Church,Tredyffrin
SWE10,Swedesford Road Farm,photo,historicalImage,created,0YKpiHcLUDtAprmSVOELxk,Farm,Tredyffrin
SWE11,Swedesford Road house,photo,historicalImage,created,N1G5rtOZj8187JlhVeHdsX,East Whiteland; House,
SWE12,Swedesford Road house,photo,historicalImage,created,0YKpiHcLUDtAprmSVOEMiV,East Whiteland; House,
GVP11,"Parsonage, Great Valley Presbyterian Church",photo,historicalImage,patched,otUyWOFVcxQBV4wYWgKIBH,Church,Tredyffrin
HOU163,"Kitchen, unknown house",photo,historicalImage,patched,uBwiUtn9Wx8WqRIUPYxWFC,House,
YSR01,New Road off Yellow Springs Road,photo,historicalImage,patched,sZarkGCWKodXiPseaTaSxz,,Tredyffrin; Road
SSP11,"Sycamore Springs Farm, Yellow Springs Road",photo,historicalImage,patched,sZarkGCWKodXiPseaTaSaU,Farm,Tredyffrin
SWE13,Swedesford Road house,photo,historicalImage,created,h7jyTqsbY1egLREo29exXo,East Whiteland; House,
VFR05,Valley Friends Meetinghouse,photo,historicalImage,patched,otUyWOFVcxQBV4wYWgKJD1,Church,Tredyffrin
NCE13,Stone Chimney Picket sign,photo,historicalImage,patched,otUyWOFVcxQBV4wYWgKKzj,Military,Tredyffrin
KCB33,Knox Covered Bridge under repair,photo,historicalImage,patched,sZarkGCWKodXiPseaTaT3I,,Tredyffrin; Road
KCB34,Knox Covered Bridge under repair,photo,historicalImage,patched,uBwiUtn9Wx8WqRIUPYxaIF,,Tredyffrin; Road
VC03,Valley Creek Road,photo,historicalImage,patched,sZarkGCWKodXiPseaTaTFQ,Upper Merion,Road
VC04,Valley Creek Road,photo,historicalImage,patched,sZarkGCWKodXiPseaTaTLU,Upper Merion,Road
KCB35,Knox Covered Bridge under repair,photo,historicalImage,patched,sZarkGCWKodXiPseaTaTPH,,Tredyffrin; Road
VC05,View from Valley Creek Road,photo,historicalImage,patched,uBwiUtn9Wx8WqRIUPYxdSW,Upper Merion,Road
VC06,Valley Creek Road,photo,historicalImage,patched,uBwiUtn9Wx8WqRIUPYxd5h,Upper Merion,Road
KPI05,King of Prussia Inn,photo,historicalImage,patched,uBwiUtn9Wx8WqRIUPYxeLI,Upper Merion; Inn,
VFP57,Soldier’ Hut,photo,historicalImage,patched,uBwiUtn9Wx8WqRIUPYxceJ,Upper Merion; Military,
MC09,"Memorial Chapel, Valley Forge",photo,historicalImage,patched,uBwiUtn9Wx8WqRIUPYxeCA,Upper Merion; Church,
WHQ33,Washington’s Headquarters,photo,historicalImage,patched,sZarkGCWKodXiPseaTaU1B,Upper Merion; House,
MC10,"Memorial Chapel, Valley Forge",photo,historicalImage,patched,otUyWOFVcxQBV4wYWgKOfr,Upper Merion; Church,
VAQ06,"Springhouse, Varnum’s Quarters",photo,historicalImage,patched,otUyWOFVcxQBV4wYWgKPQp,Upper Merion; House,
VAQ08,Varnum’s Quarters,photo,historicalImage,patched,sZarkGCWKodXiPseaTaUUk,Upper Merion; House,
VAQ07,Varnum’s Quarters,photo,historicalImage,patched,uBwiUtn9Wx8WqRIUPYxgBP,Upper Merion; House,
VAQ09,Varnum’s Quarters,photo,historicalImage,patched,otUyWOFVcxQBV4wYWgKQF9,Upper Merion; House,
VFP59,Valley Forge view,photo,historicalImage,patched,otUyWOFVcxQBV4wYWgKQVv,Upper Merion,View
HOU164,Unknown Farm,photo,historicalImage,patched,sZarkGCWKodXiPseaTaUeb,Farm,
VFP60,Valley Forge view,photo,historicalImage,patched,sZarkGCWKodXiPseaTaUbZ,Upper Merion,View
VFR06,View from entrance to Valley Friends Meeting,photo,historicalImage,patched,uBwiUtn9Wx8WqRIUPYxic2,Church,Tredyffrin
VFR07,View from entrance to Valley Friends Meeting,photo,historicalImage,patched,otUyWOFVcxQBV4wYWgKScl,Church,Tredyffrin
VFP61,Schuykill River in flood,photo,historicalImage,patched,sZarkGCWKodXiPseaTaUqj,,View
VFR08,View from entrance to Valley Friends Meeting,photo,historicalImage,patched,sZarkGCWKodXiPseaTaV3c,Church,Tredyffrin
SWE14,Junction of Swedesford Road (202) and Old Eagle School Road,photo,historicalImage,patched,otUyWOFVcxQBV4wYWgKTKN,,Tredyffrin; Road
VFR09,Valley Friends Meetinghouse,photo,historicalImage,patched,uBwiUtn9Wx8WqRIUPYxkkP,Church,Tredyffrin
VFR10,Valley Friends Meetinghouse,photo,historicalImage,patched,uBwiUtn9Wx8WqRIUPYxl7E,Church,Tredyffrin
VFR11,View from entrance to Valley Friends Meeting,photo,historicalImage,patched,sZarkGCWKodXiPseaTaVBx,Church,Tredyffrin
VFR12,View from entrance to Valley Friends Meeting,photo,historicalImage,patched,uBwiUtn9Wx8WqRIUPYxm98,Church,Tredyffrin
SWE15,Junction of Swedesford Road (202) and Old Eagle School Road,photo,historicalImage,created,0YKpiHcLUDtAprmSVOESrl,,Tredyffrin; Road
VFP62,Wayne’s Headquarters sign,photo,historicalImage,patched,sZarkGCWKodXiPseaTaVQM,House,Tredyffrin
HOU165,Possibly Howard Walker farm,photo,historicalImage,patched,sZarkGCWKodXiPseaTaVJX,Farm,Tredyffrin
VFP65,Valley Forge Park (from present route 252),photo,historicalImage,patched,otUyWOFVcxQBV4wYWgKWCB,,Tredyffrin; View
VFP63,Wayne’s Headquarters sign,photo,historicalImage,patched,uBwiUtn9Wx8WqRIUPYxn1u,House,Tredyffrin
VFP64,Wayne’s Statue,photo,historicalImage,patched,uBwiUtn9Wx8WqRIUPYxnKA,Military,Tredyffrin
LH09,Unknown view,photo,historicalImage,patched,tUgkK4x2jCQXvq6LzHrPfH,,View
LH08,Unknown view,photo,historicalImage,patched,2Tl9kTt4CjL6gEMYtiLVud,,View
VFQ02,Irwin’s Quarry,photo,historicalImage,patched,otUyWOFVcxQBV4wYWgLaaZ,Upper Merion; Quarry,
BFC09,Berwyn Fire House,photo,historicalImage,patched,tUgkK4x2jCQXvq6LzHrQXZ,,Easttown; Service
BFC08,Location of new Berwyn Fire House,photo,historicalImage,patched,DRE1SbfpYuc3uqJSV9erdX,,Easttown; Service
VFQ03,Irwin’s Quarry,photo,historicalImage,patched,sZarkGCWKodXiPseaTcOws,Upper Merion; Quarry,
PA33,Paoli Fire Company,photo,historicalImage,patched,uBwiUtn9Wx8WqRIUPaOsAT,,Tredyffrin; Service
CGS04,Church of the Good Samaritan,photo,historicalImage,patched,tUgkK4x2jCQXvq6LzHrRtT,Church,Tredyffrin
CGS03,Church of the Good Samaritan,photo,historicalImage,patched,2Tl9kTt4CjL6gEMYtiLWc2,Church,Tredyffrin
ABH01,Andrew Black house,Photograph,historicalImage,patched,sZarkGCWKodXiPseaTxcfR,donation:60,Tredyffrin
AMH01,Allen-Meyle House,Photograph,historicalImage,patched,sZarkGCWKodXiPseaTxcbe,House; donation:60,Tredyffrin
AMH02,Allen-Meyle House,Photograph,historicalImage,patched,uBwiUtn9Wx8WqRIUPbHQ25,House; donation:60,Tredyffrin
AMH03,Allen-Meyle House,Photograph,historicalImage,patched,uBwiUtn9Wx8WqRIUPbJeRN,House; donation:60,Tredyffrin
AMH04,Allen-Meyle House,Photograph,historicalImage,patched,sZarkGCWKodXiPseaTxjf3,House; donation:60,Tredyffrin
AMH05,Allen-Meyle House,Photograph,historicalImage,patched,otUyWOFVcxQBV4wYWi1yS3,House; donation:60,Tredyffrin
AMH08,Allen-Meyle House,Photograph,historicalImage,patched,sZarkGCWKodXiPseaTxuKq,House; donation:60,Tredyffrin
AMH07,Allen-Meyle House,Photograph,historicalImage,patched,otUyWOFVcxQBV4wYWi20Op,House; donation:60,Tredyffrin
AMH06,Allen-Meyle House,Photograph,historicalImage,patched,uBwiUtn9Wx8WqRIUPbJfFa,House; donation:60,Tredyffrin
BOF01,Bonticu Farm,Photograph,historicalImage,patched,uBwiUtn9Wx8WqRIUPbJj9V,House; donation:60,Tredyffrin
AMH10,Allen-Meyle House,Photograph,historicalImage,patched,sZarkGCWKodXiPseaTxubW,House; donation:60,Tredyffrin
AMH09,Allen-Meyle House,Photograph,historicalImage,patched,otUyWOFVcxQBV4wYWi21Tv,House; donation:60,Tredyffrin
BOF04,Bonticu Farm,Photograph,historicalImage,patched,sZarkGCWKodXiPseaTxuxV,House; donation:60,Tredyffrin
BOF02,Bonticu Farm,Photograph,historicalImage,patched,uBwiUtn9Wx8WqRIUPbJjRl,House; donation:60,Tredyffrin
BOF03,Bonticu Farm,Photograph,historicalImage,patched,uBwiUtn9Wx8WqRIUPbJkv3,House; donation:60,Tredyffrin
BOF05,Bonticu Farm,Photograph,historicalImage,patched,uBwiUtn9Wx8WqRIUPbJkKX,House; donation:60,Tredyffrin
BOF07,Bonticu Farm,Photograph,historicalImage,patched,uBwiUtn9Wx8WqRIUPbJlwx,House; donation:60,Tredyffrin
BOF06,Bonticu Farm,Photograph,historicalImage,patched,sZarkGCWKodXiPseaTxv8s,House; donation:60,Tredyffrin
BOF10,Bonticu Farm,Photograph,historicalImage,patched,otUyWOFVcxQBV4wYWi27Gt,House; donation:60,Tredyffrin
BOF08,Bonticu Farm,Photograph,historicalImage,patched,sZarkGCWKodXiPseaTxvOn,House; donation:60,Tredyffrin
BOF09,Bonticu Farm,Photograph,historicalImage,patched,sZarkGCWKodXiPseaTxvKF,House; donation:60,Tredyffrin
BOF12,Bonticu Farm,Photograph,historicalImage,patched,uBwiUtn9Wx8WqRIUPbJoJ1,House; donation:60,Tredyffrin
BOF13,Bonticu Farm,Photograph,historicalImage,patched,otUyWOFVcxQBV4wYWi288Z,House; donation:60,Tredyffrin
BOF11,Bonticu Farm,Photograph,historicalImage,patched,sZarkGCWKodXiPseaTxvdx,House; donation:60,Tredyffrin
BOF15,Bonticu Farm,Photograph,historicalImage,patched,sZarkGCWKodXiPseaTxvts,House; donation:60,Tredyffrin
BOF14,Bonticu Farm,Photograph,historicalImage,patched,sZarkGCWKodXiPseaTxvwu,House; donation:60,Tredyffrin
BOF16,Bonticu Farm,Photograph,historicalImage,patched,otUyWOFVcxQBV4wYWi2BlL,House; donation:60,Tredyffrin
BOF17,Bonticu Farm,Photograph,historicalImage,patched,sZarkGCWKodXiPseaTxw8H,House; donation:60,Tredyffrin
BOF18,Bonticu Farm,Photograph,historicalImage,patched,otUyWOFVcxQBV4wYWi2Cx9,House; donation:60,Tredyffrin
BOF19,Bonticu Farm,Photograph,historicalImage,patched,otUyWOFVcxQBV4wYWi2DNz,House; donation:60,Tredyffrin
BOF20,Bonticu Farm,Photograph,historicalImage,patched,uBwiUtn9Wx8WqRIUPbJumh,House; donation:60,Tredyffrin
BWF01,Beaver-Wersler Farm,Photograph,historicalImage,patched,sZarkGCWKodXiPseaTxwQT,House; donation:60,Tredyffrin
BWF02,Beaver-Wersler Farm,Photograph,historicalImage,patched,sZarkGCWKodXiPseaTxwVm,House; donation:60,Tredyffrin
BWF03,Beaver-Wersler Farm,Photograph,historicalImage,patched,sZarkGCWKodXiPseaTxwcb,House; donation:60,Tredyffrin
BWF04,Beaver-Wersler Farm,Photograph,historicalImage,patched,uBwiUtn9Wx8WqRIUPbJwlw,House; donation:60,Tredyffrin
BWF05,Beaver-Wersler Farm,Photograph,historicalImage,patched,otUyWOFVcxQBV4wYWi2GnL,House; donation:60,Tredyffrin
BWF07,Beaver-Wersler Farm,Photograph,historicalImage,patched,uBwiUtn9Wx8WqRIUPbJziW,House; donation:60,Tredyffrin
BWF06,Beaver-Wersler Farm,Photograph,historicalImage,patched,uBwiUtn9Wx8WqRIUPbJy1X,House; donation:60,Tredyffrin
BWF08,Beaver-Wersler Farm,Photograph,historicalImage,patched,uBwiUtn9Wx8WqRIUPbK09u,House; donation:60,Tredyffrin
BWF10,Beaver-Wersler Farm,Photograph,historicalImage,patched,sZarkGCWKodXiPseaTxxXS,House; donation:60,Tredyffrin
BWF09,Beaver-Wersler Farm,Photograph,historicalImage,patched,otUyWOFVcxQBV4wYWi2JHf,House; donation:60,Tredyffrin
BWF11,Beaver-Wersler Farm,Photograph,historicalImage,patched,uBwiUtn9Wx8WqRIUPbK1Yd,House; donation:60,Tredyffrin
BWF14,Beaver-Wersler Farm,Photograph,historicalImage,patched,sZarkGCWKodXiPseaTxxpe,House; donation:60,Tredyffrin
BWF13,Beaver-Wersler Farm,Photograph,historicalImage,patched,otUyWOFVcxQBV4wYWi2L4N,House; donation:60,Tredyffrin
BWF12,Beaver-Wersler Farm,Photograph,historicalImage,patched,sZarkGCWKodXiPseaTxxf2,House; donation:60,Tredyffrin
BWF16,Beaver-Wersler Farm,Photograph,historicalImage,patched,uBwiUtn9Wx8WqRIUPbK5X7,House; donation:60,Tredyffrin
BWF15,Beaver-Wersler Farm,Photograph,historicalImage,patched,otUyWOFVcxQBV4wYWi2MQF,House; donation:60,Tredyffrin
BWF17,Beaver-Wersler Farm,Photograph,historicalImage,patched,otUyWOFVcxQBV4wYWi2NEZ,House; donation:60,Tredyffrin
BWF20,Beaver-Wersler Farm,Photograph,historicalImage,patched,otUyWOFVcxQBV4wYWi2Pit,House; donation:60,Tredyffrin
BWF18,Beaver-Wersler Farm,Photograph,historicalImage,patched,sZarkGCWKodXiPseaTxy7q,House; donation:60,Tredyffrin
BWF19,Beaver-Wersler Farm,Photograph,historicalImage,patched,sZarkGCWKodXiPseaTxyGw,House; donation:60,Tredyffrin
BWF22,Beaver-Wersler Farm,Photograph,historicalImage,patched,sZarkGCWKodXiPseaTxyWr,House; donation:60,Tredyffrin
BWF21,Beaver-Wersler Farm,Photograph,historicalImage,patched,uBwiUtn9Wx8WqRIUPbK7WM,House; donation:60,Tredyffrin
BWF23,Beaver-Wersler Farm,Photograph,historicalImage,patched,uBwiUtn9Wx8WqRIUPbK8hO,House; donation:60,Tredyffrin
BWF25,Beaver-Wersler Farm,Photograph,historicalImage,patched,uBwiUtn9Wx8WqRIUPbK9aA,House; donation:60,Tredyffrin
DRS17,Diamond Rock School,Photograph,historicalImage,patched,sZarkGCWKodXiPseaTxyxO,School; donation:60,Tredyffrin
BWF24,Beaver-Wersler Farm,Photograph,historicalImage,patched,uBwiUtn9Wx8WqRIUPbKAON,House; donation:60,Tredyffrin
DRS18,Diamond Rock School,Photograph,historicalImage,patched,uBwiUtn9Wx8WqRIUPbKBLi,School; donation:60,Tredyffrin
DRS20,Diamond Rock School,Photograph,historicalImage,patched,otUyWOFVcxQBV4wYWi2Uap,School; donation:60,Tredyffrin
DRS19,Diamond Rock School,Photograph,historicalImage,patched,otUyWOFVcxQBV4wYWi2Tzv,School; donation:60,Tredyffrin
DRS21,Diamond Rock School,Photograph,historicalImage,patched,uBwiUtn9Wx8WqRIUPbKCy8,School; donation:60,Tredyffrin
DRS22,Diamond Rock School,Photograph,historicalImage,patched,uBwiUtn9Wx8WqRIUPbKEso,School; donation:60,Tredyffrin
DRS23,Diamond Rock School,Photograph,historicalImage,patched,otUyWOFVcxQBV4wYWi2WQt,School; donation:60,Tredyffrin
DSH02,DeSantis House,Photograph,historicalImage,patched,uBwiUtn9Wx8WqRIUPbKH5k,House; donation:60,Tredyffrin
DSH01,DeSantis House,Photograph,historicalImage,patched,otUyWOFVcxQBV4wYWi2XZL,House; donation:60,Tredyffrin
DRS24,Diamond Rock School,Photograph,historicalImage,patched,otUyWOFVcxQBV4wYWi2VtL,School; donation:60,Tredyffrin
DSH03,DeSantis House,Photograph,historicalImage,patched,uBwiUtn9Wx8WqRIUPbKIiA,House; donation:60,Tredyffrin
GHF01,John R. K. Scott house,Photograph,historicalImage,patched,sZarkGCWKodXiPseaTxzuW,House; donation:60,Tredyffrin
GHF02,John R. K. Scott house,Photograph,historicalImage,patched,uBwiUtn9Wx8WqRIUPbKKhP,House; donation:60,Tredyffrin
GHF05,John R. K. Scott house,Photograph,historicalImage,patched,uBwiUtn9Wx8WqRIUPbKOft,House; donation:60,Tredyffrin
GHF04,John R. K. Scott house,Photograph,historicalImage,patched,sZarkGCWKodXiPseaTy0Pb,House; donation:60,Tredyffrin
GHF03,John R. K. Scott house,Photograph,historicalImage,patched,sZarkGCWKodXiPseaTy0Ez,House; donation:60,Tredyffrin
GHF08,Glenhardie Farms (John R. K. Scott estate),Photograph,historicalImage,patched,otUyWOFVcxQBV4wYWi2gbb,House; donation:60,Tredyffrin
GHF06,John R. K. Scott house,Photograph,historicalImage,patched,sZarkGCWKodXiPseaTy0wC,House; donation:60,Tredyffrin
GHF07,Glenhardie Farms (John R. K. Scott estate),Photograph,historicalImage,patched,sZarkGCWKodXiPseaTy17Z,House; donation:60,Tredyffrin
GHF09,Glenhardie Farms (John R. K. Scott estate),Photograph,historicalImage,patched,otUyWOFVcxQBV4wYWi2gz5,House; donation:60,Tredyffrin
GHF11,Glenhardie Farms (John R. K. Scott estate),Photograph,historicalImage,patched,uBwiUtn9Wx8WqRIUPbKULM,House; donation:60,Tredyffrin
GHF10,Glenhardie Farms (John R. K. Scott estate),Photograph,historicalImage,patched,uBwiUtn9Wx8WqRIUPbKSs4,House; donation:60,Tredyffrin
GHF13,Glenhardie Farms (John R. K. Scott estate),Photograph,historicalImage,patched,sZarkGCWKodXiPseaTy1om,House; donation:60,Tredyffrin
GHF12,Glenhardie Farms (John R. K. Scott estate),Photograph,historicalImage,patched,sZarkGCWKodXiPseaTy1RH,House; donation:60,Tredyffrin
GHF14,Glenhardie Farms (John R. K. Scott estate),Photograph,historicalImage,patched,otUyWOFVcxQBV4wYWi2k4J,House; donation:60,Tredyffrin
GHF17,Glenhardie Farms (John R. K. Scott estate),Photograph,historicalImage,patched,sZarkGCWKodXiPseaTy27j,House; donation:60,Tredyffrin
GHF16,Glenhardie Farms (John R. K. Scott estate),Photograph,historicalImage,patched,otUyWOFVcxQBV4wYWi2m7n,House; donation:60,Tredyffrin
GHF15,Glenhardie Farms (John R. K. Scott estate),Photograph,historicalImage,patched,uBwiUtn9Wx8WqRIUPbKX4F,House; donation:60,Tredyffrin
GHF18,Glenhardie Farms (John R. K. Scott estate),Photograph,historicalImage,patched,sZarkGCWKodXiPseaTy2Mt,House; donation:60,Tredyffrin
GHF19,Glenhardie Farms (John R. K. Scott estate),Photograph,historicalImage,patched,sZarkGCWKodXiPseaTy2co,House; donation:60,Tredyffrin
GHF20,Glenhardie Farms (John R. K. Scott estate),Photograph,historicalImage,patched,sZarkGCWKodXiPseaTy2Wk,House; donation:60,Tredyffrin
GHF22,Glenhardie Farms (John R. K. Scott estate),Photograph,historicalImage,patched,sZarkGCWKodXiPseaTy2oB,House; donation:60,Tredyffrin
GHF21,Glenhardie Farms (John R. K. Scott estate),Photograph,historicalImage,patched,otUyWOFVcxQBV4wYWi2opX,House; donation:60,Tredyffrin
GHF23,Glenhardie Farms (John R. K. Scott estate),Photograph,historicalImage,patched,sZarkGCWKodXiPseaTy2tU,House; donation:60,Tredyffrin
