firstName,lastName,prefix,suffix,alternateSpellings,sourceNames,roles
James,Abel,,,,James Abel,deed
Rebecca,Abel,,,,Rebecca Abel,deed
Anthony,Acker,,,,Anthony Acker,deed|neighbor
David,Acker,,,,David Acker,deed
Elizabeth,Acker,,,,Elizabeth Acker,deed
Jacob,Acker,,,,Jacob Acker,deed
John,Acker,,,,John Acker,deed
Magdalen,Acker,,,,Magdalen Acker,deed
Mary,Acker,,,,Mary Acker,deed
Peter,Acker,,,,Peter Acker,deed
Samuel,Acker,,,,Samuel Acker,deed
Susan,Acker,,,,Susan Acker,deed
Susanna,Acker,,,Susannah Acker,Susanna Acker|Susannah Acker,deed
Zach,Acker,,,,Zach Acker,deed
William John,Adam,,,,William John Adam,deed
Davis,Adams,,,,Davis Adams,deed
Elizabeth,Adams,,,,Elizabeth Adams,deed
Harriet,Adams,,,,Harriet Adams,deed
Horatio,Adams,,,,Horatio Adams,deed
J. Davis,Adams,,,,J. Davis Adams,deed
John,Adams,,,,John Adams,deed
Mary,Adams,,,,Mary Adams,deed
Rebecca,Adams,,,,Rebecca Adams,deed
Sallie,Adams,,,,Sallie Adams,deed
Charles,Adamson,,,,Charles Adamson,deed|neighbor
Mary,Adamson,,,,Mary Adamson,deed
Ezekiel,Alexander,,,Ezekial Alexander,Ezekial Alexander,deed
James,Alexander,,,,James Alexander,deed|neighbor
Robert,Alexander,,,,Robert Alexander,deed
John,Allebach,,,,John Allebach,deed
Louisa,Allebach,,,,Louisa Allebach,deed
Margaret,Allen,,,Margret Allen,Margret Allen,deed
William,Allen,,,,William Allen,deed
John,Allison,,,,John Allison,deed
John,Allobaugh,,,,John Allobaugh,neighbor
Jonathan,Alloway,,,,Jonathan Alloway,deed
Abraham,America,,,,Abraham America,deed
Martha,America,,,,Martha America,deed
Thomas,America,,,,Thomas America,deed
Abraham,Anders,,,,Abraham Anders,deed
Catherine,Anders,,,Catharine Anders,Catharine Anders,deed
George,Anders,,,,George Anders,deed
John,Anders,,,,John Anders,deed
Joseph,Anders,,,,Joseph Anders,deed
Samuel,Anders,,,,Samuel Anders,deed
A. Crawford,Anderson,,,,A. Crawford Anderson,deed
D. F.,Anderson,,,,D. F. Anderson,deed
David,Anderson,,,,David Anderson,deed
Eber,Anderson,,,,Eber Anderson,deed
Edward,Anderson,,,,Edward Anderson,deed
Everett,Anderson,,,,Everett Anderson,deed
Harriet,Anderson,,,Harriett Anderson,Harriett Anderson,deed
Isaac,Anderson,,,,Isaac Anderson,deed|neighbor
J. L.,Anderson,,,,J. L. Anderson,deed
Jacob,Anderson,,,,Jacob Anderson,deed
James,Anderson,,,,James Anderson,deed|neighbor
Jonathan,Anderson,,,,Jonathan Anderson,deed
Joseph,Anderson,,,,Joseph Anderson,neighbor
Joseph E.,Anderson,,,,Joseph E. Anderson,deed
Julius,Anderson,,,,Julius Anderson,deed
Maria,Anderson,,,,Maria Anderson,deed
Mary,Anderson,,,,Mary Anderson,deed
Patrick,Anderson,,,,Patrick Anderson,deed|neighbor
Rebecca,Anderson,,,,Rebecca Anderson,deed
Wesley,Anderson,,,,Wesley Anderson,deed
Thomas,Annat,,,,Thomas Annat,deed
Simon,Antry,,,,Simon Antry,deed
Samuel,Archer,,,,Samuel Archer,deed
John,Armit,,,,John Armit,deed|patent
James,Arnold,,,,James Arnold,deed
Ruth,Arnold,,,,Ruth Arnold,deed
Samuel,Arnold,,,,Samuel Arnold,deed
George,Ashbridge,,,,George Ashbridge,deed
Jane,Ashbridge,,,,Jane Ashbridge,deed
Valentine,Ashenfelter,,,,Valentine Ashenfelter,deed
Ezekiel,Auld,,,Ezekial Auld,Ezekial Auld,deed
Sarah,Auld,,,,Sarah Auld,deed
Catherine,Barber,,,Catharine Barber,Catharine Barber,deed
Samuel,Barber,,,,Samuel Barber,deed
Ann,Barde,,,,Ann Barde,deed
John,Barde,,,,John Barde,deed|neighbor
Ann,Barnes,,,,Ann Barnes,deed
John,Barnes,,,,John Barnes,deed
Joseph,Barnes,,,,Joseph Barnes,deed
John,Barren,,,,John Barren,deed
John,Barte,,,,John Barte,neighbor
Edward,Bartholomew,,,,Edward Bartholomew,deed
Isabel,Bartholomew,,,,Isabel Bartholomew,deed
John,Bartholomew,,,,John Bartholomew,deed
Joseph,Bartholomew,,,,Joseph Bartholomew,deed
Thomas,Bateman,,,,Thomas Bateman,deed
Lewis,Bath,,,,Lewis Bath,deed
Charles,Batt,,,,Charles Batt,deed
Eleanor,Batt,,,,Eleanor Batt,deed
John,Baum,,,,John Baum,deed
William,Bavis,,,,William Bavis,deed
Ann,Bean,,,,Ann Bean,deed
Annie,Bean,,,Annue Bean,Annie Bean|Annue Bean,deed
Benjamin F.,Bean,,,,Benjamin F. Bean,deed
George,Bean,,,,George Bean,deed
George W.,Bean,,,Geiorge W. Bean,Geiorge W. Bean,deed
Henry,Bean,,,,Henry Bean,deed
Kate,Bean,,,,Kate Bean,deed
Mary,Bean,,,,Mary Bean,deed
Mary Ann,Bean,,,,Mary Ann Bean,deed
Mary J.,Bean,,,,Mary J. Bean,deed
Mary Jane,Bean,,,,Mary Jane Bean,deed
Mary R.,Bean,,,,Mary R. Bean,deed
Nicholas,Bean,,,,Nicholas Bean,deed
Samuel,Bean,,,,Samuel Bean,deed
Sarah,Bean,,,,Sarah Bean,deed
Susanna,Bean,,,,Susanna Bean,deed
Daniel,Beaton,,,,Daniel Beaton,neighbor
John,Beaton,,,,John Beaton,deed
Matthew,Beaumont,,,,Matthew Beaumont,deed
Aaron,Beaver,,,,Aaron Beaver,deed
Daniel,Beaver,,,,Daniel Beaver,deed
Devault,Beaver,,,,Devault Beaver,deed
Elizabeth,Beaver,,,,Elizabeth Beaver,deed
Joseph,Beaver,,,,Joseph Beaver,deed
Margaret,Beaver,,,,Margaret Beaver,deed
Ruth,Beaver,,,,Ruth Beaver,deed
Samuel,Beaver,,,,Samuel Beaver,deed
Frances,Beidler,,,,Frances Beidler,deed
Elizabeth,Beitler,,,,Elizabeth Beitler,deed
Mary,Bell,,,,Mary Bell,deed
Rees,Bell,,,,Rees Bell,deed
Gearson,Bembo,,,,Gearson Bembo,neighbor
Ann,Benezet,,,,Ann Benezet,deed
James,Benezet,,,,James Benezet,deed
Frank,Benjamin,,,,Frank Benjamin,deed
Sarah,Benjamin,,,,Sarah Benjamin,deed
Adam,Benn,,,,Adam Benn,neighbor
Daniel,Bennizen,,,,Daniel Bennizen,deed
John,Benson,,,,John Benson,deed
Mary,Benson,,,,Mary Benson,deed
Ambrose,Bequer,,,,Ambrose Bequer,deed
Catherine,Bequer,,,Catharine Bequer,Catharine Bequer,deed
Daniel,Betton,,,,Daniel Betton,neighbor
Caroline,Bickley,,,,Caroline Bickley,deed
Mortimer,Bickley,,,,Mortimer Bickley,deed
Ann,Billew,,,,Ann Billew,deed
Daniel,Billew,,,,Daniel Billew,deed
Anthony,Binsfield,,,,Anthony Binsfield,deed
Mary,Blaire,,,,Mary Blaire,deed
Philip,Blaire,,,,Philip Blaire,deed
George,Bloomhart,,,,George Bloomhart,deed|neighbor
Isabel,Bodley,,,Isabella Bodley,Isabel Bodley|Isabella Bodley,deed
James,Bodley,,,,James Bodley,deed|neighbor
John,Bodley,,,,John Bodley,deed
Margaret,Bodley,,,,Margaret Bodley,deed
Sarah,Bodley,,,,Sarah Bodley,deed
Thomas,Bodley,,,,Thomas Bodley,deed|neighbor
William,Bodley,,,,William Bodley,deed
Williamina,Bond,,,,Williamina Bond,deed
George,Bones,,,,George Bones,deed
James,Bones,,,,James Bones,deed
Mary Ann,Bones,,,,Mary Ann Bones,deed
Rebecca,Bones,,,,Rebecca Bones,deed
William,Bones,,,,William Bones,deed
Elizabeth,Bowen,,,,Elizabeth Bowen,deed
Ezekiel,Bowen,,,Ezekial Bowen,Ezekial Bowen|Ezekiel Bowen,deed
George,Bowen,,,,George Bowen,deed
John,Bowen,,,,John Bowen,deed
Sarah,Bowen,,,,Sarah Bowen,deed
Thomas,Bowen,,,,Thomas Bowen,neighbor
Rachell,Bowes,,,,Rachell Bowes,deed
Thomas,Bowman,,,,Thomas Bowman,deed
Andrew,Boyd,,,,Andrew Boyd,deed
Benjamin,Boyer,,,Benjamin Bower,Benjamin Bower|Benjamin Boyer,deed|neighbor
Gainor,Boyer,,,,Gainor Boyer,deed
Jacob,Boyer,,,,Jacob Boyer,deed
Margaret,Boyer,,,,Margaret Boyer,deed
R.,Boyle,,,,R. Boyle,deed
Rebecca,Boyle,,,,Rebecca Boyle,deed
Robert,Boyle,,,,Robert Boyle,deed
Cornelia,Bradford,,,,Cornelia Bradford,deed
Mary,Brady,,,,Mary Brady,deed
Michael,Brady,,,,Michael Brady,deed
Caleb,Brinton,,,,Caleb Brinton,deed
Catherine,Brinton,,,,Catherine Brinton,deed
Jane,Brinton,,,,Jane Brinton,deed
Joseph,Brinton,,,,Joseph Brinton,deed
Mary,Brinton,,,,Mary Brinton,deed
Sibbilla,Brinton,,,,Sibbilla Brinton,deed
Thomas,Brinton,,,,Thomas Brinton,deed
Julia,Britton,,,,Julia Britton,deed
Abigail,Brode,,,,Abigail Brode,deed
Daniel,Brode,,,,Daniel Brode,deed
Elizabeth,Brook,,,,Elizabeth Brook,deed
Samuel,Brook,,,,Samuel Brook,deed|neighbor
Harriet,Brooke,,,Harriett Brooke,Harriett Brooke,deed
Joseph,Brooke,,,,Joseph Brooke,deed
Mary,Brooke,,,,Mary Brooke,deed
Ress,Brooke,,,,Ress Brooke,deed
Sarah,Brooke,,,,Sarah Brooke,deed
Samuel,Brookes,,,,Samuel Brookes,neighbor
Samuel P.,Broome,,,,Samuel P. Broome,deed|neighbor
Abraham,Brower,,,,Abraham Brower,deed
Ann,Brower,,,,Ann Brower,deed
John,Brower,,,,John Brower,deed
Margaret,Brower,,,,Margaret Brower,deed
Elias,Brown,,,,Elias Brown,deed|neighbor
Thomas,Brown,,,,Thomas Brown,deed
William,Brown,,,,William Brown,deed
Andrew,Buchanan,,,,Andrew Buchanan,deed
Leah,Buchanan,,,,Leah Buchanan,deed
Caroline,Buck,,,,Caroline Buck,deed
Robert,Buck,,,,Robert Buck,deed
Samuel,Buckley,,,,Samuel Buckley,neighbor|patent
Ann,Buckwalter,,,,Ann Buckwalter,deed
Catherine,Buckwalter,,,Catharine Buckwalter,Catharine Buckwalter,deed
Christopher,Buckwalter,,,,Christopher Buckwalter,deed
Daniel,Buckwalter,,,,Daniel Buckwalter,deed|neighbor
David,Buckwalter,,,,David Buckwalter,deed|neighbor
Elizabeth,Buckwalter,,,,Elizabeth Buckwalter,deed
Francis,Buckwalter,,,,Francis Buckwalter,deed
Jacob,Buckwalter,,,,Jacob Buckwalter,deed|neighbor
John,Buckwalter,,,,John Buckwalter,deed|neighbor|quit rent
Joseph,Buckwalter,,,,Joseph Buckwalter,deed
Madeline,Buckwalter,,,,Madeline Buckwalter,deed
Mary,Buckwalter,,,,Mary Buckwalter,deed
Matthias,Buckwalter,,,,Matthias Buckwalter,deed
Samuel,Buckwalter,,,,Samuel Buckwalter,deed|neighbor
Sarah,Buckwalter,,,,Sarah Buckwalter,deed
Sophia,Buckwalter,,,,Sophia Buckwalter,deed
Yost,Buckwalter,,,,Yost Buckwalter,deed|neighbor
John,Budd,,,,John Budd,deed|neighbor
Rebecca,Budd,,,,Rebecca Budd,deed
Sarah,Budd,,,,Sarah Budd,deed
John,Bull,,,,John Bull,deed
John G.,Bull,,,,John G. Bull,deed
Sarah,Bull,,,,Sarah Bull,deed
Thomas,Burch,,,,Thomas Burch,deed
Catherine,Bush,,,Catharine Bush,Catharine Bush|Catherine Bush,deed
Henry,Bush,,,,Henry Bush,deed
Jacob,Bush,,,,Jacob Bush,deed
Philip,Bush,,,,Philip Bush,deed
Joseph,Butler,,,,Joseph Butler,deed
Mary,Butler,,,,Mary Butler,deed
Norman,Butler,,,,Norman Butler,deed
Thomas,Butler,,,,Thomas Butler,deed
William,Butt,,,,William Butt,deed
John,Butterwa,,,,John Butterwa,deed
Simeon,Buxxard,,,,Simeon Buxxard,deed
Frederick,Buzzard,,,,Frederick Buzzard,deed
Simon,Buzzard,,,,Simon Buzzard,deed
Susanna,Buzzard,,,,Susanna Buzzard,deed
Ann,Byers,,,,Ann Byers,taxes
Benjamin,Byers,,,,Benjamin Byers,neighbor
Elizabeth,Byers,,,,Elizabeth Byers,deed
John,Byers,,,John Bryers,John Bryers|John Byers,deed|neighbor
Joseph,Byers,,,,Joseph Byers,deed
Martha,Byers,,,,Martha Byers,deed
Samuel,Byers,,,,Samuel Byers,deed|neighbor
Peter,Caffery,,,,Peter Caffery,atlas
John,Cain,,,,John Cain,deed
Mary,Cain,,,,Mary Cain,deed
Margaret,Calaghan,,,,Margaret Calaghan,deed
Patrick,Calaghan,,,,Patrick Calaghan,deed
James,Callaghan,,,,James Callaghan,deed
James,Campbell,,,,James Campbell,deed
Samuel,Canby,,,,Samuel Canby,deed
William,Caneford,,,,William Caneford,deed
Philip,Card,,,,Philip Card,deed
Sarah,Card,,,,Sarah Card,deed
Hannah,Carpenter,,,,Hannah Carpenter,deed
James,Carpenter,,,,James Carpenter,patent
Joshua,Carpenter,,,,Joshua Carpenter,deed|neighbor
Samuel,Carpenter,,,,Samuel Carpenter,deed|neighbor
Ann,Carrell,,,Ann Carrell (Flinn)|Flinn,Ann Carrell (Flinn),deed
Patrick,Carrigan,,,,Patrick Carrigan,deed
Daniel,Carter,,,,Daniel Carter,deed
Phoebe,Carter,,,,Phoebe Carter,deed
William,Carter,,,,William Carter,deed
Andrew,Carty,,,,Andrew Carty,deed
Isaac,Cassel,,,,Isaac Cassel,deed
Edward,Catherel,,,,Edward Catherel,deed|patent
Catherine,Caughlin,,,,Catherine Caughlin,deed
Charles,Caughlin,,,,Charles Caughlin,deed
Thomas,Chalkley,,,,Thomas Chalkley,deed|patent
Mary,Chamberlain,,,,Mary Chamberlain,deed
Ruth,Chandler,,,,Ruth Chandler,deed
William,Chandler,,,,William Chandler,deed
David,Childerick,,,,David Childerick,deed
Mary,Childerick,,,,Mary Childerick,deed
Elizabeth,Chrisman,,,,Elizabeth Chrisman,deed
George,Chrisman,,,,George Chrisman,deed
Henry,Chrisman,,,,Henry Chrisman,deed
John,Chrisman,,,,John Chrisman|JOhn Chrisman,deed
David,Christie,,,,David Christie,deed
John,Christie,,,,John Christie,deed
George,Christman,,,,George Christman,deed
Isaac,Christman,,,,Isaac Christman,deed|neighbor
John,Christman,,,,John Christman,deed
Robert,Christman,,,,Robert Christman,deed
Philip,Clare,,,,Philip Clare,deed|neighbor
James,Clark,,,,James Clark,deed
Geridias,Clarkson,,,,Geridias Clarkson,deed
Mary,Clarkson,,,,Mary Clarkson,deed
Joseph,Clay,,,,Joseph Clay,deed
Hiram,Cleaver,,,,Hiram Cleaver,deed
Jane,Cleaver,,,,Jane Cleaver,deed
David,Clemens,,,,David Clemens,deed
Elizabeth,Clemens,,,,Elizabeth Clemens,deed
George,Clemens,,,,George Clemens,deed|neighbor
Jacob,Clemens,,,,Jacob Clemens,deed
William,Clemson,,,,William Clemson,deed
Henry,Clevenstine,,,,Henry Clevenstine,deed
John,Clevenstine,,,,John Clevenstine,deed
Sarah Ann,Clevenstine,,,,Sarah Ann Clevenstine,deed
Edward,Clift,,,,Edward Clift,deed
Hannah,Clift,,,,Hannah Clift,deed
John,Clift,,,,John Clift,deed
Daniel,Clower,,,,Daniel Clower,deed
John,Clower,,,,John Clower,deed|neighbor
John,Clowers,,,,John Clowers,neighbor
James,Cloyd,,,,James Cloyd,deed|neighbor
Aaron,Coates,,,,Aaron Coates,deed|neighbor
Ann,Coates,,,,Ann Coates,deed
Benjamin,Coates,,,,Benjamin Coates,deed|neighbor
Elizabeth,Coates,,,,Elizabeth Coates,deed
Hannah,Coates,,,,Hannah Coates,deed
Henry,Coates,,,,Henry Coates,deed
Jane,Coates,,,,Jane Coates,deed
John H.,Coates,,,,John H. Coates,deed
Jonathan,Coates,,,,Jonathan Coates,deed|neighbor
Morton,Coates,,,,Morton Coates,deed
Moses,Coates,,,,Moses Coates,deed|neighbor
Rachel,Coates,,,,Rachel Coates,deed
Sarah,Coates,,,,Sarah Coates,deed
Susanna,Coates,,,,Susanna Coates,deed
Tacy,Coates,,,,Tacy Coates,deed
Thomas,Coates,,,,Thomas Coates,deed|neighbor
Frances,Coffey,,,,Frances Coffey,deed
James,Coffey,,,,James Coffey,deed
John,Coffey,,,,John Coffey,deed
Anna,Coffin,,,,Anna Coffin,deed
Thomas,Coffin,,,,Thomas Coffin,deed
Catherine,Coffman,,,Catharine Coffman,Catharine Coffman|Catherine Coffman,deed
Daniel,Coffman,,,,Daniel Coffman,deed|neighbor
Eliza,Coffman,,,,Eliza Coffman,deed
Elizabeth,Coffman,,,,Elizabeth Coffman,deed
Henry,Coffman,,,,Henry Coffman,deed
Isaac,Coffman,,,,Isaac Coffman,deed
Jacob,Coffman,,,,Jacob Coffman,deed|neighbor
John,Coffman,,,,John Coffman,deed|neighbor
Joseph,Coffman,,,,Joseph Coffman,deed
Kate,Coffman,,,,Kate Coffman,deed
Margaret,Coffman,,,,Margaret Coffman,deed
Margaret Ann,Coffman,,,,Margaret Ann Coffman,deed
Rosanna,Coffman,,,,Rosanna Coffman,deed
Samuel,Coffman,,,,Samuel Coffman,deed
Sarah,Coffman,,,,Sarah Coffman,deed
William,Coffman,,,,William Coffman,deed
Jacob,Colehover,,,,Jacob Colehover,deed
Zimmerman,Colehover,,,,Zimmerman Colehover,deed
Peter,Colehower,,,,Peter Colehower,deed
William,Coleman,,,,William Coleman,deed
Caroline,Compton,,,,Caroline Compton,deed
William,Compton,,,,William Compton,deed
Cornelius,Conard,,,,Cornelius Conard,deed|neighbor
Daniel,Conard,,,,Daniel Conard,deed
John,Conard,,,,John Conard,deed
Joseph,Conard,,,,Joseph Conard,deed
Priscilla,Conard,,,,Priscilla Conard,deed
Sarah,Conard,,,,Sarah Conard,deed
Streper,Conard,,,,Streper Conard,deed
William,Conard,,,,William Conard,deed
Mary,Cone,,,,Mary Cone,deed
James,Connard,,,,James Connard,deed
Jane,Connard,,,,Jane Connard,deed
Joseph,Conrad,,,,Joseph Conrad,deed|neighbor
Stephen,Conrad,,,,Stephen Conrad,deed
John,Cooley,,,,John Cooley,deed
David,Cooper,,,,David Cooper,deed
Ezra,Cope,,,,Ezra Cope,deed
Joseph,Cornett,,,,Joseph Cornett,neighbor
Samuel,Cornett,,,,Samuel Cornett,deed
Abner,Cornog,,,,Abner Cornog,deed
Jane,Cornog,,,,Jane Cornog,deed
John,Cornog,,,,John Cornog,deed
Robert,Cornwall,,,,Robert Cornwall,deed
Jones,Coulter,,,,Jones Coulter,deed
John,Coulton,,,,John Coulton,deed
Joshua,Coursey,,,,Joshua Coursey,deed
Isaac,Covington,,,,Isaac Covington,deed
Hannah,Cownover,,,,Hannah Cownover,deed
John,Cownover,,,,John Cownover,deed
Abraham,Cox,,,,Abraham Cox,deed
Benjamin,Cox,,,,Benjamin Cox,deed
Daniel,Cox,,,,Daniel Cox,deed
Sarah,Cox,,,,Sarah Cox,deed
Henrietta,Crawford,,,,Henrietta Crawford,deed
John,Crawford,,,,John Crawford,deed
Virginia,Crawford,,,,Virginia Crawford,deed
William,Crawford,,,,William Crawford,deed
William,Crouch,,,,William Crouch,deed
Joseph,Cunnard,,,,Joseph Cunnard,deed
William,Currie,,,,William Currie,deed
Jacob,Curry,,,,Jacob Curry,deed
Rachel,Curry,,,,Rachel Curry,deed
T. W.,Curry,,,,T. W. Curry,deed
Joseph,Curtz,,,,Joseph Curtz,deed
A.,Custard,,,,A. Custard,neighbor
Elizabeth,Custer,,,,Elizabeth Custer,deed
Hannah,Custer,,,,Hannah Custer,deed
J. M.,Custer,,,,J. M. Custer,deed
John,Custer,,,,John Custer,deed
Peter,Custer,,,,Peter Custer,deed
Samuel,Custer,,,,Samuel Custer,deed
Peter,Dailey,,,,Peter Dailey,deed
Abraham,Darlington,,,,Abraham Darlington,deed
Archibold,Darragh,,,,Archibold Darragh,deed
Ann,David,,,,Ann David,deed
David,David,,,,David David,deed
Eleanor,David,,,,Eleanor David,deed
Esther,David,,,,Esther David,deed
Evan,David,,,,Evan David,deed|neighbor
Hannah,David,,,,Hannah David,deed
Hezekial,David,,,,Hezekial David,deed
Isaac,David,,,,Isaac David,deed
James,David,,,,James David,deed|neighbor
Jenkin,David,,,,Jenkin David,deed|neighbor
John,David,,,,John David,deed|neighbor
Llewellyn,David,,,,Llewellyn David,deed
Margaret,David,,,,Margaret David,deed
Martha,David,,,,Martha David,deed
Mary,David,,,,Mary David,deed
Rachel,David,,,,Rachel David,deed
Rees,David,,,,Rees David,deed|neighbor
Sophia,David,,,,Sophia David,quit rent
Stephen,David,,,,Stephen David,deed
Thomas,David,,,,Thomas David,deed|neighbor
Rachel,Davidson,,,,Rachel Davidson,deed
David,Davies,,,,David Davies,deed|neighbor
Hannah,Davies,,,,Hannah Davies,deed
John,Davies,,,,John Davies,neighbor
Llewellyn,Davies,,,,Llewellyn Davies,neighbor
Nathaniel,Davies,,,,Nathaniel Davies,deed
Bridget,Davis,,,,Bridget Davis,deed
Charlotte,Davis,,,,Charlotte Davis,deed
Daniel,Davis,,,,Daniel Davis,deed
David,Davis,,,,David Davis,deed|neighbor
Eleanor,Davis,,,,Eleanor Davis,deed
Elijah,Davis,,,,Elijah Davis,deed|neighbor
Elizabeth,Davis,,,,Elizabeth Davis,deed
Ellen,Davis,,,,Ellen Davis,deed
Ellis,Davis,,,,Ellis Davis,deed
Enoch,Davis,,,,Enoch Davis,deed
Ezekiel,Davis,,,Ezekial Davis,Ezekial Davis,deed
Ezekiel Howell,Davis,,,Ezekial Howell Davis,Ezekial Howell Davis,deed
Gennis,Davis,,,,Gennis Davis,deed
George,Davis,,,,George Davis,deed
Hariett,Davis,,,,Hariett Davis,deed
Hezekiah,Davis,,,,Hezekiah Davis,deed|neighbor
Hezekial,Davis,,,,Hezekial Davis,deed
Isaac,Davis,,,,Isaac Davis,deed|neighbor
Israel,Davis,,,,Israel Davis,deed|neighbor
J. M.,Davis,,,,J. M. Davis,neighbor
James,Davis,,,,James Davis,deed
Janette,Davis,,,,Janette Davis,deed
Jesse,Davis,,,,Jesse Davis,deed|neighbor
John,Davis,,,,John Davis,deed|neighbor
John Havard,Davis,,,,John Havard Davis,deed
John M.,Davis,,,,John M. Davis,deed
John P.,Davis,,,,John P. Davis,deed
Jonathan,Davis,,,,Jonathan Davis,deed
Jones,Davis,,,,Jones Davis,deed
Joshua,Davis,,,,Joshua Davis,deed|neighbor
Leah,Davis,,,,Leah Davis,deed
Lewis,Davis,,,,Lewis Davis,deed
Llewellyn,Davis,,,,Llewellyn Davis,deed|neighbor
Magdelene,Davis,,,,Magdelene Davis,deed
Margaret,Davis,,,,Margaret Davis,deed
Margarette,Davis,,,,Margarette Davis,deed
Mary,Davis,,,,Mary Davis,deed
Matilda,Davis,,,,Matilda Davis,deed
Methuselah,Davis,,,,Methuselah Davis,deed
Mordecai,Davis,,,,Mordecai Davis,deed
Nancy,Davis,,,,Nancy Davis,deed
Nathan,Davis,,,,Nathan Davis,deed
Nathaniel,Davis,,,,Nathaniel Davis,deed|neighbor
Oscar,Davis,,,,Oscar Davis,deed
Rachel,Davis,,,,Rachel Davis,deed
Rebecca,Davis,,,,Rebecca Davis,deed
Roger,Davis,,,,Roger Davis,deed
Sally,Davis,,,,Sally Davis,deed
Samuel,Davis,,,,Samuel Davis,deed|neighbor
Thomas,Davis,,,,Thomas Davis,deed|neighbor
Thompson,Davis,,,,Thompson Davis,deed
W. J. E.,Davis,,,,W. J. E. Davis,deed
William,Davis,,,,William Davis,deed
Zephaniah,Davis,,,,Zephaniah Davis,deed
Catherine,Dean,,,Catharine Dean,Catharine Dean,deed
John,Dean,,,,John Dean,deed
Abraham,Deaves,,,,Abraham Deaves,deed
Eliza,Deery,,,,Eliza Deery,deed
Peter,Deery,,,,Peter Deery,deed
Benjamin,Defrain,,,,Benjamin Defrain,deed
Maria,Defrederick,,,,Maria Defrederick,deed
Peter,Defrederick,,,,Peter Defrederick,deed
Philip,Defrederick,,,,Philip Defrederick,deed|neighbor
Peter,Delage,,,,Peter Delage,deed
Dennis,Dempsey,,,,Dennis Dempsey,deed
Mary,Dempsey,,,,Mary Dempsey,deed
Titus,Dennen,,,,Titus Dennen,deed
Dennis,Denny,,,,Dennis Denny,deed
Christian,Detter,,,,Christian Detter,deed
Abraham,Detters,,,,Abraham Detters,deed
David,Detwiler,,,,David Detwiler,deed
Henry,Detwiler,,,,Henry Detwiler,deed
Isaac,Detwiler,,,,Isaac Detwiler,deed
Katharine,Detwiler,,,,Katharine Detwiler,deed
James,Devereaux,,,,James Devereaux,deed
Edwin,Dewees,,,,Edwin Dewees,deed
Harriet,Dewees,,,,Harriet Dewees,deed
Sarah,Dewees,,,,Sarah Dewees,deed
William,Dewees,,,,William Dewees,deed|neighbor
Godfrey,Dhiels,,,,Godfrey Dhiels,neighbor
Abijah,Dickinson,,,,Abijah Dickinson,deed
Titus,Dimean,,,,Titus Dimean,deed
Hannah,Dobson,,,,Hannah Dobson,deed
Joseph,Dobson,,,,Joseph Dobson,deed
John,Dorsey,,,,John Dorsey,deed
John,Dougherty,,,,John Dougherty,deed
Andrew,Douglas,,,,Andrew Douglas,deed|neighbor
Thomas,Dowling,,,,Thomas Dowling,neighbor
George,Downing,,,,George Downing,deed
Sarah,Downing,,,,Sarah Downing,deed
Thomas,Downing,,,,Thomas Downing,deed
Abigail,Dreer,,,,Abigail Dreer,deed
Ferdinand,Dreer,,,,Ferdinand Dreer,deed
David,Drissle,,,,David Drissle,neighbor
Annie,Dunlap,,,,Annie Dunlap,deed
Ephraim,Dunlap,,,,Ephraim Dunlap,deed
Daniel,Dunmore,,,,Daniel Dunmore,deed
Samuel,Dunmore,,,,Samuel Dunmore,deed
Andrew,Dunn,,,,Andrew Dunn,deed
John,Dunn,,,,John Dunn,deed
Mrs,Dunn,,,,Mrs Dunn,deed
Martha,Durant,,,,Martha Durant,patent
Alexander,Eakins,,,,Alexander Eakins,deed
Benjamin,Eakins,,,,Benjamin Eakins,deed
John,Edward,,,,John Edward,neighbor
Thomas,Edwards,,,,Thomas Edwards,deed
Jane,Eldridge,,,,Jane Eldridge,deed
Job,Eldridge,,,,Job Eldridge,deed
Joseph,Eldridge,,,,Joseph Eldridge,deed
Mary,Eldridge,,,,Mary Eldridge,deed
William M.,Eldridge,,,,William M. Eldridge,deed
George,Elliot,,,,George Elliot,deed
John,Elliot,,,,John Elliot,deed
Peter,Elliot,,,,Peter Elliot,deed
Sarah,Elliot,,,,Sarah Elliot,deed
D.,Ellis,,,,D. Ellis,deed
Sophia,Ellis,,,,Sophia Ellis,deed
Joseph,Ely,,,,Joseph Ely,deed
Maggie,Ely,,,,Maggie Ely,deed
David,Emanuel,,,,David Emanuel,deed|patent|quit rent
Abigail,Emery,,,,Abigail Emery,deed
Catherine,Emery,,,Catharine Emery,Catharine Emery,deed
George,Emery,,,,George Emery,deed
Jacob,Emery,,,,Jacob Emery,deed
Lewis,Emery,,,,Lewis Emery,deed
Ludwick,Emery,,,,Ludwick Emery,neighbor
Mary Ann,Emery,,,,Mary Ann Emery,deed
George,Emlen,,,,George Emlen,deed
Joshua,Emlen,,,,Joshua Emlen,deed|patent
Samuel,Emlen,,,,Samuel Emlen,deed
Jacob,Emrey,,,,Jacob Emrey,neighbor
Susanna,Emrey,,,,Susanna Emrey,deed
Catherine,Emrich,,,Catharine Emrich,Catharine Emrich,deed
Valentine,Emrich,,,,Valentine Emrich,deed
Lodevick,Emrick,,,,Lodevick Emrick,deed
Silas,Engle,,,,Silas Engle,deed
Edward,English,,,,Edward English,deed
Edward B.,English,,,,Edward B. English,deed
Elizabeth,Evan,,,,Elizabeth Evan,deed
John,Evan,,,,John Evan,deed|neighbor
William,Evan,,,,William Evan,deed
Brook,Evans,,,,Brook Evans,deed
Evan,Evans,,,,Evan Evans,deed
Ezekiel,Evans,,,Ezekial Evans,Ezekial Evans,deed
Hannah,Evans,,,,Hannah Evans,deed
John,Evans,,,,John Evans,neighbor
Joseph,Evans,,,,Joseph Evans,deed
Levi,Evans,,,,Levi Evans,deed
Phares,Evans,,,,Phares Evans,deed
Randal,Evans,,,,Randal Evans,deed
Randel,Evans,,,,Randel Evans,deed
Rebecca,Evans,,,,Rebecca Evans,deed
Stephen,Evans,,,,Stephen Evans,deed
Susanna,Evans,,,,Susanna Evans,deed
Thomas,Evans,,,,Thomas Evans,deed
Adam,Everly,,,,Adam Everly,deed
Mary,Everly,,,,Mary Everly,deed
Anne,Fagley,,,,Anne Fagley,deed
Samuel,Fagley,,,,Samuel Fagley,deed
Atkinson,Farra,,,,Atkinson Farra,deed
Jerrod,Farra,,,,Jerrod Farra,deed
Mary,Farra,,,,Mary Farra,deed
Samuel,Faudon,,,,Samuel Faudon,deed
James,Faulkner,,,,James Faulkner,deed
Joseph,Faulkner,,,,Joseph Faulkner,deed
Mary,Faulkner,,,,Mary Faulkner,deed
Isaiah,Fawkes,,,,Isaiah Fawkes,deed
William,Ferguson,,,,William Ferguson,deed
Abraham,Fetters,,,,Abraham Fetters,deed
George,Fetters,,,,George Fetters,deed
Christian,Fike,,,,Christian Fike,deed
John,Fike,,,,John Fike,deed
Isaac,Fimple,,,,Isaac Fimple,deed
Jane,Fimple,,,,Jane Fimple,deed
Maria,Fimple,,,,Maria Fimple,deed
Mary,Fimple,,,,Mary Fimple,deed
Jesse,Finkliner,,,,Jesse Finkliner,deed
John,Fipple,,,,John Fipple,deed
Benjamin F.,Fisher,,,,Benjamin F. Fisher,deed
C. Arthur,Fisher,,,,C. Arthur Fisher,deed
Matthais,Fitzgerald,,,,Matthais Fitzgerald,neighbor
Matthias,Fitzgerald,,,,Matthias Fitzgerald,deed|neighbor
Sarah,Fitzgerald,,,,Sarah Fitzgerald,deed
John,Fletcher,,,,John Fletcher,deed
Ann,Flinn,,,Ann Flinn (Carrell)|Carrell,Ann Flinn (Carrell),deed
Henry,Flower,,,,Henry Flower,neighbor
Samuel,Flower,,,,Samuel Flower,deed|neighbor
Henry,Flowers,,,,Henry Flowers,deed
Ann,Folwell,,,,Ann Folwell,deed
Charles,Folwell,,,,Charles Folwell,deed
Christana,Foose,,,,Christana Foose,deed
Eleanor,Foose,,,,Eleanor Foose,deed
Frederick,Foose,,,,Frederick Foose,deed
Nicholas,Foose,,,,Nicholas Foose,deed|neighbor
Jacob,Force,,,,Jacob Force,deed
Hannah,Ford,,,,Hannah Ford,deed
John,Ford,,,,John Ford,deed
Matthew,Forrest,,,,Matthew Forrest,deed|neighbor
Frank B.,Forster,,,,Frank B. Forster,atlas
George,Fox,,,,George Fox,deed
Mary,Fox,,,,Mary Fox,deed
Rees,Frances,,,,Rees Frances,deed|neighbor
Ann,Francis,,,,Ann Francis,deed
Casper,Francis,,,,Casper Francis,deed
John,Francis,,,,John Francis,deed|neighbor
Hugh,Frazer,,,,Hugh Frazer,neighbor
Ann,Frazier,,,,Ann Frazier,deed
Hugh,Frazier,,,,Hugh Frazier,deed|neighbor
Laurie,Free,,,,Laurie Free,deed
Lewis,Free,,,,Lewis Free,deed
Mary,Free,,,,Mary Free,deed
William,Free,,,,William Free,deed
Henry,Freed,,,,Henry Freed,deed
Isaac,Freed,,,,Isaac Freed,deed
Veronica,Freed,,,,Veronica Freed,deed
Catherine,Freedly,,,Catharine Freedly,Catharine Freedly,deed
Henry,Freedly,,,,Henry Freedly,deed
Elizabeth,Freeman,,,,Elizabeth Freeman,deed
Casper,Friday,,,,Casper Friday,deed
Rebecca,Friday,,,,Rebecca Friday,deed
Henry,Friedley,,,,Henry Friedley,deed
Edward,Frith,,,,Edward Frith,deed
Emily,Frith,,,,Emily Frith,deed
John,Fry,,,,John Fry,deed
Mary,Fry,,,,Mary Fry,deed
Sampson,Fudge,,,,Sampson Fudge,deed|neighbor
Andrew,Fulmer,,,,Andrew Fulmer,deed
Christian,Fulmer,,,,Christian Fulmer,deed
George,Fulmer,,,,George Fulmer,deed
Hannah,Fulmer,,,,Hannah Fulmer,deed
Ann,Funderwhite,,,,Ann Funderwhite,deed
Eliza,Funderwhite,,,,Eliza Funderwhite,deed
Frederick,Funderwhite,,,,Frederick Funderwhite,deed
John,Funderwhite,,,,John Funderwhite,deed
Martha,Funderwhite,,,,Martha Funderwhite,deed
Mary,Funderwhite,,,,Mary Funderwhite,deed
Ann,Funk,,,,Ann Funk,deed
Benjamin,Funk,,,,Benjamin Funk,deed
Elijah,Funk,,,,Elijah Funk,deed|neighbor
Eliza,Funk,,,,Eliza Funk,deed
Elizabeth,Funk,,,,Elizabeth Funk,deed
George,Funk,,,,George Funk,deed
John,Funk,,,,John Funk,deed
Joseph,Funk,,,,Joseph Funk,deed
Margaret,Funk,,,,Margaret Funk,deed
Benjamin,Furly,,,,Benjamin Furly,patent
Bartholomew,Fussell,,,,Bartholomew Fussell,deed
Solomon,Fussell,,,,Solomon Fussell,deed|neighbor
William,Fussell,,,,William Fussell,neighbor
Annie,Gallagher,,,,Annie Gallagher,deed
Bridget,Gallagher,,,,Bridget Gallagher,deed
Elizabeth,Gallagher,,,,Elizabeth Gallagher,deed
Jane,Gallagher,,,,Jane Gallagher,deed
Patrick,Gallagher,,,,Patrick Gallagher,deed
Thomas,Gallagher,,,,Thomas Gallagher,deed
Tim,Gallagher,,,,Tim Gallagher,deed
Ann,Gamble,,,,Ann Gamble,deed
James,Gamble,,,,James Gamble,deed
Barbara,Garber,,,,Barbara Garber,deed
Peter,Gardener,,,,Peter Gardener,deed|neighbor
Sarah,Gardener,,,,Sarah Gardener,deed
William,Garrett,,,,William Garrett,deed
Edward,Garrigues,,,,Edward Garrigues,deed
Ann,Gearhart,,,,Ann Gearhart,deed
Frederick,Gearhart,,,,Frederick Gearhart,deed|neighbor
Hannah,Geiger,,,,Hannah Geiger,deed
John,Gemmil,,,,John Gemmil|John Gemmil 1,deed|neighbor
Thomas,George,,,,Thomas George,deed
William,George,,,,William George,deed
Henry,Gerber,,,,Henry Gerber,deed
David,Gibbs,,,,David Gibbs,neighbor
Elizabeth,Gilham,,,,Elizabeth Gilham,deed
William,Gilham,,,,William Gilham,deed
H.,Gilkyson,,,,H. Gilkyson,deed
Ann,Gillespie,,,,Ann Gillespie,deed
Annie,Gillespie,,,,Annie Gillespie,deed
David,Gillespie,,,,David Gillespie,deed
James,Glasco,,,,James Glasco,neighbor
Hiram,Glisson,,,,Hiram Glisson,deed
Levi,Glisson,,,,Levi Glisson,deed
John,Gnagy,,,,John Gnagy,patent
Catherine,Golden,,,,Catherine Golden,deed
Charles,Golden,,,,Charles Golden,deed
Daniel,Goldsmith,,,,Daniel Goldsmith,deed
Jeremiah,Goldsmith,,,,Jeremiah Goldsmith,deed
Susanna,Goldsmith,,,Susannah Goldsmith,Susannah Goldsmith,deed
Isabel,Gorden,,,,Isabel Gorden,deed
Jacob,Gordon,,,,Jacob Gordon,deed
Magdalen,Gordon,,,,Magdalen Gordon,deed
Mary,Gordon,,,,Mary Gordon,deed
Silas,Gordon,,,,Silas Gordon,deed
Christian,Gotwalls,,,,Christian Gotwalls,neighbor
George,Graham,,,,George Graham,deed
Mary,Graham,,,,Mary Graham,deed
William,Graham,,,,William Graham,deed|neighbor
Ellen,Green,,,,Ellen Green,deed
Jacob,Green,,,,Jacob Green,deed
John,Green,,,,John Green,deed
Barbara,Griffith,,,,Barbara Griffith,deed
Charles,Griffith,,,,Charles Griffith,deed
David,Griffith,,,,David Griffith,deed
Jedediah,Griffith,,,,Jedediah Griffith,deed
John,Griffith,,,,John Griffith,deed|neighbor
Margaret,Griffith,,,,Margaret Griffith,deed
Mary,Griffith,,,,Mary Griffith,deed
Mary Ann,Griffith,,,,Mary Ann Griffith,deed
Ruth,Griffith,,,,Ruth Griffith,deed
Samuel,Griffith,,,,Samuel Griffith,deed
William,Griffith,,,,William Griffith,deed|neighbor
David,Griffiths,,,,David Griffiths,neighbor
John,Griffiths,,,,John Griffiths,deed
Margaret,Griffiths,,,,Margaret Griffiths,deed
Sarah,Griffiths,,,,Sarah Griffiths,deed
Jedediah,Griffth,,,,Jedediah Griffth,neighbor
John,Grimsey,,,,John Grimsey,deed
Andreas Henry,Groff,,,,Andreas Henry Groff,deed
John,Gronow,,,,John Gronow,deed
Peter,Grove,,,,Peter Grove,neighbor
Thomas J.,Grover,,,,Thomas J. Grover,deed
Joseph,Growdon,,,,Joseph Growdon,deed
Simeon,Grubb,,,,Simeon Grubb,deed
Ann,Guest,,,,Ann Guest,deed
John,Guest,,,,John Guest,deed
Davis,Gunkle,,,,Davis Gunkle,deed
Elizabeth,Gunkle,,,,Elizabeth Gunkle,deed
John,Gunkle,,,,John Gunkle,deed
Michael,Gunkle,,,,Michael Gunkle,deed|neighbor
W.,Gunkle,,,,W. Gunkle,deed
Lavinia,Guss,,,,Lavinia Guss,deed
Samuel,Guss,,,,Samuel Guss,deed
Catherine,Gwinn,,,Catharine Gwinn,Catharine Gwinn,deed
Hannah,Gwinn,,,,Hannah Gwinn,deed
Horation,Gwinn,,,,Horation Gwinn,deed
John,Gwinn,,,,John Gwinn,deed
Mary,Gwinn,,,,Mary Gwinn,deed
Rachel,Gwinn,,,,Rachel Gwinn,deed
Jesse,Gyger,,,,Jesse Gyger,deed
Jeremiah,Hagerman,,,,Jeremiah Hagerman,deed
Philip,Hahn,,,,Philip Hahn,deed
Jane,Haines,,,,Jane Haines,deed
Reuben,Haines,,,,Reuben Haines,deed
Richard,Haldiman,,,,Richard Haldiman,quit rent
Ann,Hall,,,,Ann Hall,deed
Elizabeth,Hall,,,,Elizabeth Hall,deed
George,Hall,,,,George Hall,deed
Henry,Hall,,,,Henry Hall,deed
John,Hall,,,,John Hall,deed
Joseph,Hall,,,,Joseph Hall,deed
Levi,Hall,,,,Levi Hall,deed
Phebe,Hall,,,,Phebe Hall,deed
Thomas,Hall,,,,Thomas Hall,deed
Noah,Hallman,,,,Noah Hallman,deed
John,Hambright,,,,John Hambright,deed
James,Hamilton,,,,James Hamilton,deed
Alexander,Hampton,,,,Alexander Hampton,deed
Harriet,Hampton,,,Harriett Hampton,Harriett Hampton,deed
Isaac,Hampton,,,,Isaac Hampton,deed
John,Hampton,,,,John Hampton,deed
Joseph,Hampton,,,,Joseph Hampton,deed
Mary,Hampton,,,,Mary Hampton,deed
Samuel,Hampton,,,,Samuel Hampton,deed
Thomas,Hampton,,,,Thomas Hampton,deed
Isaac,Hancock,,,,Isaac Hancock,neighbor
William,Hancock,,,,William Hancock,deed
John,Hange,,,,John Hange,deed
Robert,Hanley,,,aka Handly|Robert Hanley (aka Handly),Robert Hanley|Robert Hanley (aka Handly),deed|neighbor
James,Harkins,,,,James Harkins,deed
Rachel,Harkins,,,,Rachel Harkins,deed
Abraham,Harley,,,,Abraham Harley,deed
Abram,Harley,,,,Abram Harley,neighbor
Daniel,Harp,,,,Daniel Harp,deed
Tacy,Harp,,,,Tacy Harp,deed
Hnery,Harpst,,,,Hnery Harpst,deed
Ann,Harris,,,,Ann Harris,deed
John,Harris,,,,John Harris,deed
Peter,Harris,,,,Peter Harris,deed
Thomas,Harris,,,,Thomas Harris,deed
Hannah,Harrison,,,,Hannah Harrison,deed
Mary,Harrison,,,,Mary Harrison,deed
Thomas,Harrison,,,,Thomas Harrison,deed
William,Harrison,,,,William Harrison,deed
David,Harry,,,,David Harry,deed
Benjamin,Hartman,,,,Benjamin Hartman,deed
Catherine,Hartman,,,Catharine Hartman,Catharine Hartman,deed
David,Hartman,,,,David Hartman,deed
Edith,Hartman,,,,Edith Hartman,deed
Elizabeth,Hartman,,,,Elizabeth Hartman,deed
Emma,Hartman,,,,Emma Hartman,deed
Francis,Hartman,,,,Francis Hartman,deed
George,Hartman,,,,George Hartman,deed
Jacob,Hartman,,,,Jacob Hartman,deed
Joseph,Hartman,,,,Joseph Hartman,deed
Margaret,Hartman,,,,Margaret Hartman,deed
Michael,Hartman,,,,Michael Hartman,deed
Moses,Hartman,,,,Moses Hartman,deed
Orpha,Hartman,,,,Orpha Hartman,deed
Peter,Hartman,,,,Peter Hartman,deed
Henry,Hartzel,,,,Henry Hartzel,deed
Sarah,Hartzel,,,,Sarah Hartzel,deed
Elizabeth,Harvey,,,,Elizabeth Harvey,deed
James,Harvey,Captain,,,Captain James Harvey,deed
Job,Harvey,,,,Job Harvey,deed|neighbor|quit rent
Joseph,Harvey,,,,Joseph Harvey,deed
Martha,Harvey,,,,Martha Harvey,deed
Samuel,Harvey,,,,Samuel Harvey,deed|neighbor
Samuel,Hasles,,,,Samuel Hasles,neighbor
Ann,Hassell,,,,Ann Hassell,neighbor
Samuel,Hassell,,,,Samuel Hassell,patent
Jacob,Haucks,,,,Jacob Haucks,neighbor
Catherine,Hause,,,Catharine Hause,Catharine Hause,deed
David,Hause,,,,David Hause,deed
Jacob,Hause,,,,Jacob Hause,deed
John,Hause,,,,John Hause,deed
Sarah,Hause,,,,Sarah Hause,deed
David,Havard,,,,David Havard,deed
Mary,Havard,,,,Mary Havard,deed
Samuel,Havard,,,,Samuel Havard,deed
Aaron,Hawk,,,,Aaron Hawk,deed
Benjamin,Hawk,,,,Benjamin Hawk,deed
Catherine,Hawk,,,Catharine Hawk,Catharine Hawk,deed
David,Hawk,,,,David Hawk,deed
George,Hawk,,,,George Hawk,deed
Isaac,Hawk,,,,Isaac Hawk,deed
J.,Hawk,,,,J. Hawk,neighbor
Jacob,Hawk,,,,Jacob Hawk,deed|neighbor
John,Hawk,,,,John Hawk,deed|neighbor
Rachel,Hawk,,,,Rachel Hawk,deed
William,Hay,,,,William Hay,deed
George,Hayes,,,,George Hayes,deed
Mary,Hayman,,,,Mary Hayman,deed
Edward,Heaston,,,,Edward Heaston,neighbor
Abraham,Hebener,,,,Abraham Hebener,deed
Baltzer,Hebener,,,,Baltzer Hebener,deed
Christian,Hebener,,,,Christian Hebener,deed
Susanna,Hebener,,,,Susanna Hebener,deed
Deider,Heckman,,,,Deider Heckman,deed
Detrick,Heckman,,,,Detrick Heckman,deed
Magdalen,Heckman,,,,Magdalen Heckman,deed
Joseph,Heebener,,,,Joseph Heebener,deed
Catherine,Heistand,,,Catharine Heistand,Catharine Heistand,deed
David,Heistand,,,,David Heistand,deed
George,Hellerman,,,,George Hellerman,deed
Hester,Hellerman,,,,Hester Hellerman,deed
Ann,Hendricks,,,,Ann Hendricks,deed
Noah,Hendricks,,,,Noah Hendricks,deed
Hugh,Henry,,,,Hugh Henry,deed
Jane,Henry,,,,Jane Henry,deed
Joseph,Henry,,,,Joseph Henry,deed
Frederick,Henzie,,,,Frederick Henzie,deed
Edward,Heston,,,,Edward Heston,deed
Isaiah,Heston,,,,Isaiah Heston,deed
Mary,Heston,,,,Mary Heston,deed
Joseph,Hickman,,,,Joseph Hickman,deed
Marshall,Hickman,,,,Marshall Hickman,deed
Wellington,Hickman,,,,Wellington Hickman,deed
Daniel,High,,,,Daniel High,deed
David,High,,,,David High,deed
Elizabeth,High,,,,Elizabeth High,deed
Jacob,High,,,,Jacob High,deed
Margaret,High,,,,Margaret High,deed
Elizabeth,Highley,,,,Elizabeth Highley,deed
Felix,Highley,,,,Felix Highley,deed
George,Highley,,,,George Highley,deed
Henry,Highley,,,,Henry Highley,deed
John,Highley,,,,John Highley,deed
Susan,Highley,,,,Susan Highley,deed
Rachel,Hillborn,,,,Rachel Hillborn,deed
Jacob,Hilldebrand,,,,Jacob Hilldebrand,deed
Catherine,Himes,,,Catharine Himes,Catharine Himes,deed
Joseph,Himes,,,,Joseph Himes,deed
John,Hipple,,,,John Hipple,deed
Margaret,Hirst,,,,Margaret Hirst,deed
Marmaduke,Hirst,,,,Marmaduke Hirst,deed
John,Hiser,,,,John Hiser,deed
James,Hoare,,,,James Hoare,neighbor
Benjamin,Hobbs,,,,Benjamin Hobbs,deed
Sarah,Hobbs,,,,Sarah Hobbs,deed
Samuel,Hockley,,,,Samuel Hockley,deed
Isabel,Hodge,,,Isabella Hodge,Isabella Hodge,deed
James,Hodge,,,,James Hodge,deed
Mary,Hodge,,,,Mary Hodge,deed
William,Hodge,,,,William Hodge,deed
James,Hodges,,,,James Hodges,neighbor
Henry,Hoffman,,,,Henry Hoffman,deed
John,Hoffman,,,,John Hoffman,neighbor
Samuel,Hoffman,,,,Samuel Hoffman,neighbor
Anna,Holdeman,,,,Anna Holdeman,deed
Joseph,Holdeman,,,,Joseph Holdeman,deed
Abraham,Holderman,,,,Abraham Holderman,deed
Christian,Holderman,,,,Christian Holderman,deed|neighbor
Elizabeth,Holderman,,,,Elizabeth Holderman,deed
Mary,Holderman,,,,Mary Holderman,deed
Nicolas,Holderman,,,,Nicolas Holderman,deed|neighbor
Hester,Hollings,,,,Hester Hollings,deed
John,Hollings,,,,John Hollings,deed
Elizabeth,Holloway,,,,Elizabeth Holloway,deed
Joseph,Holloway,,,,Joseph Holloway,deed
Adam,Holman,,,,Adam Holman,deed|neighbor
Samuel,Holman,,,,Samuel Holman,deed
Samuel,Holmes,,,,Samuel Holmes,deed
Andrew,Holstone,,,,Andrew Holstone,deed
Lambert,Hood,,,,Lambert Hood,deed
Sarah,Hood,,,,Sarah Hood,deed
Henry,Hooper,,,,Henry Hooper,deed
Caleb,Hoopes,,,,Caleb Hoopes,deed
Sarah,Hoopes,,,,Sarah Hoopes,deed
Thomas,Hoopes,,,,Thomas Hoopes,deed
Margaret,Hope,,,,Margaret Hope,deed
Philip,Hope,,,,Philip Hope,deed|neighbor
Samuel,Horning,,,,Samuel Horning,deed
John,Hoskins,,,,John Hoskins,deed
Rebecca,Hoskins,,,,Rebecca Hoskins,deed
Ruth,Hoskins,,,,Ruth Hoskins,deed
Stephen,Hoskins,,,,Stephen Hoskins,deed
Washington,Hoskins,,,,Washington Hoskins,deed
Robett,Houston,,,,Robett Houston,deed
William,Howard,,,,William Howard,deed
David,Howell,,,,David Howell,deed
Elizabeth,Howell,,,,Elizabeth Howell,deed
Ezekiel,Howell,,,Ezekial Howell,Ezekial Howell,deed|neighbor
Owen,Howell,,,,Owen Howell,deed|neighbor
Thomas,Howell,,,,Thomas Howell,deed|neighbor
Widow,Howell,,,,Widow Howell,deed|neighbor
Bernard,Hoy,,,,Bernard Hoy,deed
James,Hoy,,,,James Hoy,deed
James F.,Hoy,,,,James F. Hoy,deed
John L.,Hoy,,,,John L. Hoy,deed
Madelin,Hoy,,,,Madelin Hoy,deed
Elizabeth,Hudson,,,,Elizabeth Hudson,deed
Robert,Hudson,,,,Robert Hudson,deed
Cadwalader,Hugh,,,,Cadwalader Hugh,deed|neighbor
Elizabeth,Hughes,,,,Elizabeth Hughes,deed
John,Hughes,,,,John Hughes,deed
Manasseh,Hughes,,,,Manasseh Hughes,deed
Patrick,Hughes,,,,Patrick Hughes,deed
Robert,Hughes,,,,Robert Hughes,deed
Thomas,Hughes,,,,Thomas Hughes,deed
william,Hughes,,,,william Hughes,deed
Patrick,Hughs,,,,Patrick Hughs,deed
Ann,Humphrey,,,,Ann Humphrey,deed
Catherine,Humphrey,,,,Catherine Humphrey,deed
Charles,Humphrey,,,,Charles Humphrey,neighbor
Daniel,Humphrey,,,,Daniel Humphrey,deed
David,Humphrey,,,,David Humphrey,deed|neighbor
Elizabeth,Humphrey,,,,Elizabeth Humphrey,deed
Esther,Humphrey,,,,Esther Humphrey,deed
Euphemia,Humphrey,,,,Euphemia Humphrey,deed
John,Humphrey,,,,John Humphrey,deed|neighbor
Jonathan,Humphrey,,,,Jonathan Humphrey,quit rent
Morgan,Humphrey,,,,Morgan Humphrey,deed|neighbor
Rebecca,Humphrey,,,,Rebecca Humphrey,deed
Thomas,Humphrey,,,,Thomas Humphrey,deed
George,Hunter,,,,George Hunter,deed
James,Hunter,,,,James Hunter,deed
Jonathan,Hunter,,,,Jonathan Hunter,deed
Magdelana,Huntsberger,,,,Magdelana Huntsberger,deed
Martin,Huntsberger,,,,Martin Huntsberger,deed
Samuel,Hursh,,,,Samuel Hursh,deed
Sarah,Hursh,,,,Sarah Hursh,deed
Hannah,Husbands,,,,Hannah Husbands,deed
John,Husbands,,,,John Husbands,deed
James,Huston,,,,James Huston,deed
Mary,Huston,,,,Mary Huston,deed
Robert,Huston,,,,Robert Huston,deed
Robert,Hutchinson,,,,Robert Hutchinson,deed
Frederick,Huzzard,,,,Frederick Huzzard,neighbor
Sarah,Ingraham,,,,Sarah Ingraham,deed
William,Ingraham,,,,William Ingraham,deed
Benjamin,Irons,,,,Benjamin Irons,deed
Charles,Irons,,,,Charles Irons,deed
Elizabeth,Irons,,,,Elizabeth Irons,deed
Ellen,Irons,,,,Ellen Irons,deed
Jacob,Irons,,,,Jacob Irons,deed
Keziah,Irons,,,,Keziah Irons,deed
Robert,Irons,,,,Robert Irons,deed
Sabina,Irons,,,,Sabina Irons,deed
Sarah,Irons,,,,Sarah Irons,deed
William,Irvine,,,,William Irvine,deed
James,Irwin,,,,James Irwin,deed
Priscilla,Irwin,,,,Priscilla Irwin,deed
James,Isaac,,,,James Isaac,deed
Aliviza,Ivester,,,,Aliviza Ivester,deed
William,Ivester,,,,William Ivester,deed
Ralf,Jackson,,,,Ralf Jackson,deed|patent
Margaret,Jacob,,,,Margaret Jacob,deed
Richard,Jacob,,,,Richard Jacob,deed|neighbor
Ann,Jacobs,,,,Ann Jacobs,deed
Benjamin,Jacobs,,,,Benjamin Jacobs,deed
Charles,Jacobs,,,,Charles Jacobs,deed
George,Jacobs,,,,George Jacobs,deed
John,Jacobs,,,,John Jacobs,deed|neighbor
Joseph,Jacobs,,,,Joseph Jacobs,deed|neighbor
Mary,Jacobs,,,,Mary Jacobs,deed
Richard,Jacobs,,,,Richard Jacobs,deed|neighbor|patent
Sarah,Jacobs,,,,Sarah Jacobs,deed
Thomas,Jacobs,,,,Thomas Jacobs,deed
Catherine,James,,,,Catherine James,deed
David,James,,,,David James,deed
Elizabeth,James,,,,Elizabeth James,deed
Gwenillian,James,,,,Gwenillian James,deed
Isaac,James,,,,Isaac James,deed
Jemimah,James,,,,Jemimah James,deed
John,James,,,,John James,deed
Jonathan,James,,,,Jonathan James,deed
Mary,James,,,,Mary James,deed
Philip,James,,,,Philip James,deed
Rachel,James,,,,Rachel James,deed
Sibilla,James,,,,Sibilla James,deed
Thomas,James,,,,Thomas James,deed|neighbor
Unity,James,,,,Unity James,deed
William,James,,,,William James,deed|neighbor
John,Jardine,,,,John Jardine,deed
Jesse,Jarrett,,,,Jesse Jarrett,deed
Mary,Jarrett,,,,Mary Jarrett,deed
Winfield,Jarrett,,,,Winfield Jarrett,deed
Samuel,Jeffries,,,,Samuel Jeffries,deed
Thomas,Jenkin,,,,Thomas Jenkin,deed
Henry,Jenkins,,,,Henry Jenkins,deed
Rachel,Jenkins,,,,Rachel Jenkins,deed
James,Jenks,,,,James Jenks,deed
Margaret,Jenks,,,,Margaret Jenks,deed
Thomas,Jennings,,,,Thomas Jennings,deed
Amos,John,,,,Amos John,deed
Ann,John,,,,Ann John,deed
Catherine,John,,,Catharine John,Catharine John,deed
David,John,,,,David John,deed|neighbor
Elizabeth,John,,,,Elizabeth John,deed
Griffith,John,,,,Griffith John,deed|neighbor
Hannah,John,,,,Hannah John,deed
James,John,,,,James John,deed|neighbor
Jane,John,,,,Jane John,deed
Jeffrey,John,,,,Jeffrey John,deed
Joshua,John,,,,Joshua John,deed|neighbor
Margaret,John,,,,Margaret John,deed
Mary,John,,,,Mary John,deed
Nathaniel,John,,,,Nathaniel John,deed
Rees,John,,,,Rees John,deed|neighbor
Samuel,John,,,,Samuel John,deed|neighbor
Sarah,John,,,,Sarah John,deed
Thomas,John,,,,Thomas John,deed|neighbor|quit rent
William,John,,,,William John,deed
Elizabeth,Johnston,,,,Elizabeth Johnston,deed
Jacob,Johnston,,,,Jacob Johnston,deed
Charles,Jolly,,,,Charles Jolly,deed
Amos,Jones,,,,Amos Jones,deed
Amy,Jones,,,,Amy Jones,deed
Benjamin,Jones,,,,Benjamin Jones,deed|neighbor
Catherine,Jones,,,,Catherine Jones,deed
Daniel,Jones,,,,Daniel Jones,neighbor
David,Jones,,,,David Jones,deed|quit rent
Eliza,Jones,,,,Eliza Jones,deed
Emanuel,Jones,,,,Emanuel Jones,neighbor|patent|quit rent
Ephraim,Jones,,,,Ephraim Jones,neighbor
Griffith,Jones,,,,Griffith Jones,deed|neighbor
Hannah,Jones,,,,Hannah Jones,deed
Horatio,Jones,,,,Horatio Jones,deed
James,Jones,,,,James Jones,deed
Jane,Jones,,,,Jane Jones,deed
Jesse,Jones,,,,Jesse Jones,deed
Johannah,Jones,,,,Johannah Jones,deed
John,Jones,,,,John Jones,deed|neighbor
Jonathan,Jones,,,,Jonathan Jones,deed
Mary,Jones,,,,Mary Jones,deed
Norris,Jones,,,,Norris Jones,deed
Philip,Jones,,,,Philip Jones,deed
Robert,Jones,,,,Robert Jones,deed|neighbor
Rowland,Jones,,,,Rowland Jones,deed
Samuel,Jones,,,,Samuel Jones,deed
Sarah,Jones,,,,Sarah Jones,deed
Thomas,Jones,,,,Thomas Jones,deed
Jacob,Jonston,,,,Jacob Jonston,neighbor
John,Joyce,,,,John Joyce,neighbor
Isaac,Justin,,,,Isaac Justin,deed
John,Justin,,,,John Justin,deed
Joseph,Justin,,,,Joseph Justin,deed
Susan,Justin,,,,Susan Justin,deed
Sarah,Kaley,,,,Sarah Kaley,deed
Solomon,Kaley,,,,Solomon Kaley,deed
Elizabeth,Kellogg,,,,Elizabeth Kellogg,deed
Enoch,Kellogg,,,,Enoch Kellogg,deed
Enos,Kellogg,,,,Enos Kellogg,deed
Ester,Kellogg,,,,Ester Kellogg,deed
James,Kelly,,,,James Kelly,deed
Alexander,Kennedy,,,,Alexander Kennedy,deed
James,Kennedy,,,,James Kennedy,deed
Kennedy,Kennedy,,,,Kennedy,deed
Robert,Kennedy,,,,Robert Kennedy,deed
Samuel,Kennedy,,,,Samuel Kennedy,neighbor
Thomas R.,Kennedy,,,,Thomas R. Kennedy,patent
William,Kennedy,,,,William Kennedy,deed
Daniel,Kenney,,,,Daniel Kenney,deed
Alexander,Kenny,,,,Alexander Kenny,deed
Daniel,Kenny,,,,Daniel Kenny,deed
Elinor,Kenny,,,,Elinor Kenny,deed
James,Kenny,,,,James Kenny,deed|neighbor
Juliann,Kenny,,,,Juliann Kenny,deed
Lucy,Kenny,,,,Lucy Kenny,deed
Lydia,Kenny,,,,Lydia Kenny,deed
John,Kerlin,,,,John Kerlin,neighbor
Elizabeth,Kerr,,,,Elizabeth Kerr,deed
Phebe,Kersey,,,,Phebe Kersey,deed
Catherine,Kidor,,,,Catherine Kidor,deed
John,Kidor,,,,John Kidor,deed|neighbor
David,Kimes,,,,David Kimes,deed
Jane,Kimes,,,,Jane Kimes,deed
John,Kimes,,,,John Kimes,deed
Thomas,Kimes,,,,Thomas Kimes,deed
Willis,Kimes,,,,Willis Kimes,deed
Hannah,Kincade,,,,Hannah Kincade,deed
John,Kincade,,,,John Kincade,deed
Abraham,King,,,,Abraham King,deed
Anne,King,,,,Anne King,deed
Catherine,King,,,Catharine King,Catharine King,deed
Conard,King,,,,Conard King,deed
Elizabeth,King,,,,Elizabeth King,deed
George,King,,,,George King,deed
Isaac,King,,,,Isaac King,deed
Jacob,King,,,,Jacob King,deed
Jane,King,,,,Jane King,deed
John,King,,,,John King,deed|neighbor
Juliana,King,,,,Juliana King,deed
Lawrence,King,,,,Lawrence King,deed|neighbor
Mary,King,,,,Mary King,deed
Matilda,King,,,,Matilda King,deed
Michael,King,,,,Michael King,deed
Moses,King,,,,Moses King,deed
Peter,King,,,,Peter King,deed
Philip,King,,,,Philip King,deed
Phoebe,King,,,,Phoebe King,deed
Rebecca,King,,,,Rebecca King,deed
Samuel,King,,,,Samuel King,deed
Sarah,King,,,,Sarah King,deed
Sophia,King,,,,Sophia King,deed
Thomas,King,,,,Thomas King,deed
William,King,,,,William King,deed
Daniel,Kinzie,,,,Daniel Kinzie,deed
Peter,Kinzie,,,,Peter Kinzie,deed
Laura,Kirkner,,,aka Laura Samuel|Laura Kirkner (aka Laura Samuel),Laura Kirkner (aka Laura Samuel),deed
Andrew,Kirkpatrick,,,,Andrew Kirkpatrick,deed
Frederick,Klaire,,,,Frederick Klaire,deed
Frederick,Klare,,,,Frederick Klare,deed
Mary,Klare,,,,Mary Klare,deed
Philip,Klare,,,,Philip Klare,deed
Mary Ann,Klarh,,,,Mary Ann Klarh,deed
Peter,Klarh,,,,Peter Klarh,deed
Daniel,Kline,,,,Daniel Kline,deed
John,Kline,,,,John Kline,deed
Susanna,Kline,,,,Susanna Kline,deed
Isaiah,Knauer,,,,Isaiah Knauer,deed
Elizabeth,Koffman,,,,Elizabeth Koffman,deed
Jacob,Koffman,,,,Jacob Koffman,deed
John,Koffman,,,,John Koffman,deed
Mary,Koffman,,,,Mary Koffman,deed
Andrew,Kreeble,,,,Andrew Kreeble,deed
Isaac,Krieble,,,,Isaac Krieble,deed
Abraham,Krupp,,,,Abraham Krupp,deed
Ann,Kugler,,,,Ann Kugler,deed
Benjamin,Kugler,,,,Benjamin Kugler,deed
David,Kugler,,,,David Kugler,deed
Emeline,Kugler,,,,Emeline Kugler,deed
John,Kugler,,,,John Kugler,deed
Joseph,Kugler,,,,Joseph Kugler,deed
Margaret,Kugler,,,,Margaret Kugler,deed
Mary,Kugler,,,,Mary Kugler,deed
Michael,Kugler,,,,Michael Kugler,deed
Mary,Kungle,,,,Mary Kungle,deed
William,Kungle,,,,William Kungle,deed
Abraham,Kurtz,,,,Abraham Kurtz,deed
Barbara,Kurtz,,,,Barbara Kurtz,deed
Hannah,Kurtz,,,,Hannah Kurtz,deed
Henry,Kurtz,,,,Henry Kurtz,deed
Jacob,Kurtz,,,,Jacob Kurtz,deed
John,Kurtz,,,,John Kurtz,deed
Joseph,Kurtz,,,,Joseph Kurtz,deed|neighbor
Sarah,Kurtz,,,,Sarah Kurtz,deed
John,Landis,,,,John Landis,deed
Mary,Landis,,,,Mary Landis,deed
David,Lane,,,,David Lane,deed
Edward,Lane,,,,Edward Lane,deed|neighbor
Samuel,Lane,,,,Samuel Lane,deed|neighbor
Sarah,Lane,,,,Sarah Lane,deed
David,Langacre,,,,David Langacre,deed
Ann,Lapp,,,,Ann Lapp,deed
Christian,Lapp,,,,Christian Lapp,deed
Jacob,Lapp,,,,Jacob Lapp,deed
Michael,Lapp,,,,Michael Lapp,deed|neighbor
Daniel,Latshaw,,,,Daniel Latshaw,deed
John,Latshaw,,,,John Latshaw,deed
Henry,Laubaugh,,,,Henry Laubaugh,deed
John,Laubaugh,,,,John Laubaugh,deed
Erasmus,Laver,,,,Erasmus Laver,deed
Juliann,Laver,,,,Juliann Laver,deed
Thomas,Lawrence,,,,Thomas Lawrence,deed
Furman,Leaming,,,,Furman Leaming,deed
Hannah,Leaming,,,,Hannah Leaming,deed
David,Lee,,,,David Lee,deed
David,Lewis,,,,David Lewis,deed
Elijah,Lewis,,,,Elijah Lewis,deed
Elizabeth,Lewis,,,,Elizabeth Lewis,deed
Ellis,Lewis,,,,Ellis Lewis,deed
Evan,Lewis,,,,Evan Lewis,deed
Francis,Lewis,,,,Francis Lewis,deed
George,Lewis,,,,George Lewis,deed|neighbor
Griffith,Lewis,,,,Griffith Lewis,deed
James,Lewis,,,,James Lewis,deed
Joseph,Lewis,,,,Joseph Lewis,deed|neighbor
Josephine,Lewis,,,,Josephine Lewis,deed
Margaret,Lewis,,,,Margaret Lewis,deed
Mordecai,Lewis,,,,Mordecai Lewis,deed
Nathan,Lewis,,,,Nathan Lewis,deed
Rachel,Lewis,,,,Rachel Lewis,deed
Rebecca,Lewis,,,,Rebecca Lewis,deed
Reeve,Lewis,,,,Reeve Lewis,deed
Samuel,Lewis,,,,Samuel Lewis,deed
Stephen,Lewis,,,,Stephen Lewis,deed
Susanna,Lewis,,,,Susanna Lewis,deed
William,Lewis,,,,William Lewis,deed
David,Lindsey,,,,David Lindsey,deed
Jane,Lindsey,,,,Jane Lindsey,deed
Joshua,Lippinscott,,,,Joshua Lippinscott,deed
Eliza,Little,,,,Eliza Little,deed
George,Little,,,,George Little,deed
Hannah,Little,,,,Hannah Little,deed
Jane Martin aka Jane,Little,,,,Jane Martin aka Jane Little,deed
John,Little,,,,John Little,deed
Little,Little,Major,,,Major Little,deed
Mary,Little,,,,Mary Little,deed
Rebecca,Little,,,,Rebecca Little,deed
Roger,Little,,,,Roger Little,deed|neighbor
Sarah,Little,,,,Sarah Little,deed
William,Little,,,,William Little,deed
Margaret,Llewellyn,,,,Margaret Llewellyn,deed
Susan,Llewellyn,,,,Susan Llewellyn,deed
Thomas,Llewellyn,,,,Thomas Llewellyn,deed
Thomas J.,Llewellyn,,,,Thomas J. Llewellyn,deed
William,Llewellyn,,,,William Llewellyn,deed|neighbor
David,Lloyd,,,,David Lloyd,deed|neighbor|patent
Grace,Lloyd,,,,Grace Lloyd,deed
Isaac,Lloyd,,,,Isaac Lloyd,deed
John,Lloyd,,,,John Lloyd,deed|neighbor
Thomas,Lloyd,,,,Thomas Lloyd,patent
William,Lloyd,,,,William Lloyd,deed
Abraham,Lobb,,,,Abraham Lobb,deed
Benjamin,Lobb,,,,Benjamin Lobb,deed
Esther,Lobb,,,,Esther Lobb,deed
Frances,Lobb,,,,Frances Lobb,deed
Isaac,Lobb,,,,Isaac Lobb,deed
Jacob,Lobb,,,,Jacob Lobb,deed
Joseph,Lobb,,,,Joseph Lobb,deed
Mary,Lobb,,,,Mary Lobb,deed
John,Logan,,,,John Logan,deed
David,Longacre,,,,David Longacre,deed
Eleanor,Longacre,,,,Eleanor Longacre,deed
Isaac,Longacre,,,,Isaac Longacre,deed
John,Longacre,,,,John Longacre,deed|neighbor
Jacob,Longenacre,,,,Jacob Longenacre,deed|neighbor
Benjamin,Longstreth,,,,Benjamin Longstreth,deed|neighbor
Daniel,Longstreth,,,,Daniel Longstreth,deed|neighbor
Grace,Longstreth,,,,Grace Longstreth,deed
Jane,Longstreth,,,,Jane Longstreth,deed
John,Longstreth,,,,John Longstreth,deed
Moses,Longstreth,,,,Moses Longstreth,deed
Rebecca,Longstreth,,,,Rebecca Longstreth,deed
Sarah,Longstreth,,,,Sarah Longstreth,deed
Joshua,Lord,,,,Joshua Lord,deed|neighbor
Henry,Louches,,,,Henry Louches,deed
John,Louches,,,,John Louches,deed
Loudor,Loudor,,,,Loudor,neighbor
Elizabeth,Love,,,,Elizabeth Love,deed
Hugh,Love,,,,Hugh Love,deed
Lovel,Lovel,,,,Lovel,neighbor
Michael,Lovel,,,,Michael Lovel,neighbor
Ebenezer,Lovell,,,,Ebenezer Lovell,deed
Elizabeth,Lovell,,,,Elizabeth Lovell,deed
Langford,Lovell,,,,Langford Lovell,deed
Mary,Lovell,,,,Mary Lovell,deed
Michael,Lovell,,,,Michael Lovell,deed
Mohitabell,Lovell,,,,Mohitabell Lovell,deed
William,Lovell,,,,William Lovell,deed
John,Lowther,,,,John Lowther,deed
Margaret,Lowther,,,,Margaret Lowther,deed
William,Lowther,,,,William Lowther,deed
Edward,Ludwick,,,,Edward Ludwick,deed
John,Ludwick,,,,John Ludwick,deed
Mary,Ludwick,,,,Mary Ludwick,deed
John,Lutz,,,,John Lutz,deed
Michael,Lynch,,,,Michael Lynch,deed|neighbor
Rebecca,Lynch,,,,Rebecca Lynch,deed
John,Lyons,,,,John Lyons,deed
John,Machiner,,,,John Machiner,deed|patent
Dutton,Madden,,,,Dutton Madden,deed
Nancy,Madden,,,,Nancy Madden,deed
Mary,Mairs,,,,Mary Mairs,deed
Daniel,Major,,,,Daniel Major,deed
Elizabeth,Major,,,,Elizabeth Major,deed
Kenworthy,Major,,,,Kenworthy Major,deed
John,Malin,,,,John Malin,deed
Joseph,Malin,,,,Joseph Malin,deed
Joshua,Malin,,,,Joshua Malin,deed
Abraham,March,,,,Abraham March,deed
Catherine,March,,,Catharine March,Catharine March,deed
Elizabeth,March,,,,Elizabeth March,deed
Franklin,March,,,,Franklin March,deed
George,March,,,,George March,deed
Isaiah,March,,,,Isaiah March,deed
Jennie,March,,,,Jennie March,deed
John,March,,,,John March,neighbor
Mary,March,,,,Mary March,deed
Nicholas,March,,,,Nicholas March,deed
Ann,Maris,,,,Ann Maris,deed
Norris,Maris,,,,Norris Maris,deed
Daniel,Markley,,,,Daniel Markley,deed
Isaac,Markley,,,,Isaac Markley,deed
Eliza,Marseilles,,,,Eliza Marseilles,deed
Peter,Marseilles,,,,Peter Marseilles,deed
Samuel,Marshall,,,,Samuel Marshall,deed
Sarah,Marshall,,,,Sarah Marshall,deed
Anna,Martin,,,,Anna Martin,deed
Catherine,Martin,,,,Catherine Martin,deed
David,Martin,,,,David Martin,deed|neighbor
Elizabeth,Martin,,,,Elizabeth Martin,deed
George,Martin,,,,George Martin,deed|neighbor
James,Martin,,,,James Martin,deed|neighbor
Jane Little aka Jane,Martin,,,,Jane Little aka Jane Martin,deed
Joel,Martin,,,,Joel Martin,deed|neighbor
John,Martin,,,,John Martin,deed
Late of Matthias,Martin,,,,Late of Matthias Martin,neighbor
Lewis,Martin,,,,Lewis Martin,deed|neighbor|patent|quit rent
Llewellyn,Martin,,,,Llewellyn Martin,deed|neighbor|patent
Margaret,Martin,,,,Margaret Martin,taxes
Martha,Martin,,,,Martha Martin,deed
Matthias,Martin,,,,Matthias Martin,deed|neighbor|quit rent
Mattias,Martin,,,,Mattias Martin,neighbor
Rachel,Martin,,,,Rachel Martin,deed|taxes
Roger,Martin,,,,Roger Martin,deed
Samuel,Martin,,,,Samuel Martin,deed
Thomas,Martin,,,,Thomas Martin,deed
William,Martin,,,,William Martin,deed
Anne,Mary,,,,Anne Mary,deed
Bethel,Mary,,,,Bethel Mary,deed
Catherine,Mary,,,,Catherine Mary,deed
Christian,Mary,,,,Christian Mary,deed|neighbor
Elizabeth,Mary,,,,Elizabeth Mary,deed
George,Mary,,,,George Mary,deed
Jacob,Mary,,,,Jacob Mary,deed
David,Marys,,,,David Marys,deed
Susanna,Marys,,,Susannah Marys,Susannah Marys,deed
Ann,Mason,,,,Ann Mason,deed
Catherine,Mason,,,Catharine Mason,Catharine Mason,deed
John,Mason,,,,John Mason,deed
Thomas,Mason,,,,Thomas Mason,deed
James,Massey,,,,James Massey,deed
Thomas,Massey,,,,Thomas Massey,neighbor
John,Mather,,,,John Mather,deed
Peter,Mather,,,,Peter Mather,deed|neighbor
Deborah,Matlack,,,,Deborah Matlack,deed
Elizabeth,Matlack,,,,Elizabeth Matlack,deed
Enoch,Matlack,,,,Enoch Matlack,deed
Martha,Matlack,,,,Martha Matlack,deed
Mary,Matlack,,,,Mary Matlack,deed
Thomas,Matlack,,,,Thomas Matlack,deed
David,Matson,,,,David Matson,deed
Jesse,Matson,,,,Jesse Matson,deed
Joel,Matson,,,,Joel Matson,deed
Mary,Matson,,,,Mary Matson,deed
James,Matthews,,,,James Matthews,deed
Rebecca,Matthews,,,,Rebecca Matthews,deed
David,Matthias,,,,David Matthias,deed|neighbor|patent
Elizabeth,Matthias,,,,Elizabeth Matthias,deed
Susanna,Matthias,,,Susannah Matthias,Susannah Matthias,deed
James,Maxton,,,,James Maxton,deed
Lydia,Maxton,,,,Lydia Maxton,deed
John,Maxwell,,,,John Maxwell,neighbor
Hannah,McAfee,,,,Hannah McAfee,deed
Jacob,McAfee,,,,Jacob McAfee,deed
Alexander,McAuley,,,,Alexander McAuley,neighbor
Margaret,McBride,,,,Margaret McBride,deed
Patrick,McBride,,,,Patrick McBride,deed
Bernard,McCade,,,,Bernard McCade,deed
Alexander,McCalla,,,,Alexander McCalla,deed
James,McCann,,,,James McCann,deed
James,McClintock,,,,James McClintock,deed
Mary,McClintock,,,,Mary McClintock,deed
Samuel,McClintock,,,,Samuel McClintock,deed
William,McClintock,,,,William McClintock,deed
Catherine,McCluen,,,Catharine McCluen,Catharine McCluen,deed
James,McCluen,,,,James McCluen,deed
Robert,McClure,,,,Robert McClure,deed
John,McConaghy,,,,John McConaghy,deed
Mary,McConaghy,,,,Mary McConaghy,deed
Alexander,McCondgy,,,,Alexander McCondgy,deed
John,McCondgy,,,,John McCondgy,deed
James,McConnell,,,,James McConnell,deed
Edward,McCowan,,,,Edward McCowan,deed
Mary,McCowan,,,,Mary McCowan,deed
Alexander,McCurdy,,,,Alexander McCurdy,deed
Ann,McCurdy,,,,Ann McCurdy,deed
Daniel,McCurdy,,,,Daniel McCurdy,deed
John,McCurdy,,,,John McCurdy,deed
W. T.,McCurdy,,,,W. T. McCurdy,deed
Jeremiah,McDade,,,,Jeremiah McDade,deed
John,McFarland,,,,John McFarland,deed
Rebecca,McFarland,,,,Rebecca McFarland,deed
John,McGivana,,,,John McGivana,deed
Catherine,McGlathery,,,Catharine McGlathery,Catharine McGlathery,deed
Isabel,McGlathery,,,,Isabel McGlathery,deed
Joseph,McGlathery,,,,Joseph McGlathery,deed
William,McGlathery,,,,William McGlathery,deed
James,McIntire,,,,James McIntire,deed
James,McIntyre,,,,James McIntyre,deed
Bernard,McMeniman,,,,Bernard McMeniman,deed
Briget,McMeniman,,,,Briget McMeniman,deed
Edward,McMeniman,,,,Edward McMeniman,deed
Alexander,McMullen,,,,Alexander McMullen,deed
Richard,McMurtrie,,,,Richard McMurtrie,deed
Ann,McQuilla,,,,Ann McQuilla,deed
Isaac,McQuilla,,,,Isaac McQuilla,deed
Henry,McSuckian,,,,Henry McSuckian,neighbor
Nathan,McVaugh,,,,Nathan McVaugh,neighbor
Eliza,McVeagh,,,,Eliza McVeagh,deed
John,McVeagh,,,,John McVeagh,deed
Margaret,McVeagh,,,,Margaret McVeagh,deed
McVeagh,McVeagh,Major,,,Major McVeagh,deed
Nathan,McVeagh,,,,Nathan McVeagh,deed|neighbor
Andrew,McWilliams,,,,Andrew McWilliams,deed
David,Meconkey,,,,David Meconkey,deed
Esther,Mellon,,,,Esther Mellon,deed
James,Mellon,,,,James Mellon,deed
Rebecca,Mellond,,,,Rebecca Mellond,deed
Charles,Mercer,,,,Charles Mercer,deed
Daniel,Meredith,,,,Daniel Meredith,deed
Ruth,Meredith,,,,Ruth Meredith,deed
Conrad,Miler,,,,Conrad Miler,deed
Enos,Miles,,,,Enos Miles,neighbor
Evan,Miles,,,,Evan Miles,deed|neighbor
John,Miles,,,,John Miles,deed
Rebecca,Miles,,,,Rebecca Miles,deed
Samuel,Miley,,,,Samuel Miley,deed
Christian,Miller,,,,Christian Miller,deed|neighbor
Davis,Miller,,,,Davis Miller,deed
Esther,Miller,,,,Esther Miller,deed
Henry,Miller,,,,Henry Miller,deed|neighbor
Jacob,Miller,,,,Jacob Miller,deed|neighbor
John,Miller,,,,John Miller,deed
Mahlon,Miller,,,,Mahlon Miller,deed
Roger,Miller,,,,Roger Miller,neighbor
Savilla,Miller,,,,Savilla Miller,deed
William,Miller,,,,William Miller,deed
Robert,Milligan,,,,Robert Milligan,deed
Samuel,Milligan,,,,Samuel Milligan,deed
Joseph,Mitchell,,,,Joseph Mitchell,deed
Mary,Mitchell,,,,Mary Mitchell,deed
Mary,Montgomery,,,,Mary Montgomery,deed
William,Montgomery,,,,William Montgomery,deed
John,Mooney,,,,John Mooney,deed
Alexander,Moore,,,,Alexander Moore,deed
Benjamin,Moore,,,,Benjamin Moore,deed
Edwin,Moore,,,,Edwin Moore,deed
Elizabeth,Moore,,,,Elizabeth Moore,deed
Jesse,Moore,,,,Jesse Moore,deed
John,Moore,,,,John Moore,deed
Mordecai,Moore,,,,Mordecai Moore,deed
Rachel,Moore,,,,Rachel Moore,deed
Rebecca,Moore,,,,Rebecca Moore,deed
William,Moore,,,,William Moore,deed|neighbor
Williamina,Moore,,,,Williamina Moore,deed
Ann,Morgan,,,,Ann Morgan,deed
Anna Maria,Morgan,,,,Anna Maria Morgan,deed
Benjamin,Morgan,,,,Benjamin Morgan,deed
Elizabeth,Morgan,,,,Elizabeth Morgan,deed
Isaac,Morgan,,,,Isaac Morgan,deed|neighbor
Jacob,Morgan,,,,Jacob Morgan,deed
Jane,Morgan,,,,Jane Morgan,deed
John,Morgan,,,,John Morgan,deed|neighbor
Jonathan,Morgan,,,,Jonathan Morgan,deed
Lewis,Morgan,,,,Lewis Morgan,deed|neighbor
Mary,Morgan,,,,Mary Morgan,deed
Samuel,Morgan,,,,Samuel Morgan,deed
Sarah,Morgan,,,,Sarah Morgan,deed
Ann,Morris,,,,Ann Morris,deed
Benjamin,Morris,,,,Benjamin Morris,deed|neighbor
David,Morris,,,,David Morris,deed
Harriet,Morris,,,,Harriet Morris,deed
John,Morris,,,,John Morris,deed|patent
Jonathan,Morris,,,,Jonathan Morris,deed
Morris,Morris,,,,Morris,deed
Stephen,Morris,,,,Stephen Morris,deed
Thomas,Morris,,,,Thomas Morris,deed
Abraham,Moses,,,,Abraham Moses,deed
John,Moses,,,,John Moses,deed
Mary,Moses,,,,Mary Moses,deed
Susanna,Moses,,,Susannah Moses,Susannah Moses,deed
Benjamin,Moyer,,,,Benjamin Moyer,deed
John,Moyer,,,,John Moyer,deed
Margaret,Moyer,,,,Margaret Moyer,deed
John,Moyers,,,,John Moyers,neighbor
Samuel,Mulligan,,,,Samuel Mulligan,deed
Charles,Mulvaney,,,,Charles Mulvaney,deed
Eleanor,Mulvaney,,,,Eleanor Mulvaney,deed
George,Mulvaney,,,,George Mulvaney,deed
John,Mulvaney,,,,John Mulvaney,deed
Phebe,Mulvaney,,,,Phebe Mulvaney,deed
John,Munshower,,,,John Munshower,deed
Mary,Munshower,,,,Mary Munshower,deed
Humphrey,Murrey,,,,Humphrey Murrey,deed
Isaac,Neiler,,,,Isaac Neiler,deed
Jacob,Neiler,,,,Jacob Neiler,deed
John,Neiler,,,,John Neiler,deed
Mary,Neiler,,,,Mary Neiler,deed
Samuel,Neiler,,,,Samuel Neiler,deed
William,Neiler,,,,William Neiler,deed
Martha,Neilly,,,,Martha Neilly,deed
Matthew,Neilly,,,,Matthew Neilly,deed
Isaac,Neilor,,,,Isaac Neilor,deed
Jacob,Neilor,,,,Jacob Neilor,deed
Mary,Neilor,,,,Mary Neilor,deed
David,Nelson,,,,David Nelson,deed
John,Nettles,,,,John Nettles,deed
James,Nevins,,,,James Nevins,deed
Catherine,Nice,,,Catharine Nice,Catharine Nice,deed
Jacob,Nice,,,,Jacob Nice,deed|neighbor
William,Nice,,,,William Nice,deed
John,Nichol,,,,John Nichol,deed
Margaret,Nichol,,,,Margaret Nichol,deed
Harriet,Nichols,,,,Harriet Nichols,deed
Robert,Nichols,,,,Robert Nichols,deed
Martha,Nixon,,,,Martha Nixon,deed
Samuel,Nixon,,,,Samuel Nixon,deed
William,Nixon,,,,William Nixon,deed
Mary,Noblet,,,,Mary Noblet,deed
William,Noblet,,,,William Noblet,deed
Thomas De,Normandie,,,,Thomas De Normandie,deed
Charles,Norris,,,,Charles Norris,deed
Isaac,Norris,,,,Isaac Norris,patent
Susan,Norris,,,,Susan Norris,deed
Thomas,Norris,,,,Thomas Norris,deed
Caleb,North,,,,Caleb North,deed
Elizabeth,North,,,,Elizabeth North,deed
William,North,,,,William North,deed
John,Nugent,,,,John Nugent,deed
Julia,Nugent,,,,Julia Nugent,deed
Richard,Nyce,,,,Richard Nyce,deed
Sarah,Nyce,,,,Sarah Nyce,deed
William,Nyce,,,,William Nyce,deed
Catherine,O'Conner,,,Catharine O'Conner,Catharine O'Conner,deed
William,O'Conner,,,,William O'Conner,deed
Patrick,O’Reilly,,,,Patrick O’Reilly,deed
Mary,Odione,,,,Mary Odione,deed
Thomas,Odione,,,,Thomas Odione,deed
James,Ogden,,,,James Ogden,deed
John,Olbach,,,,John Olbach,deed|neighbor
John,Oldwine,,,,John Oldwine,deed
Anthony,Olivine,,,,Anthony Olivine,deed
Maria,Olivine,,,,Maria Olivine,deed
Samuel,Olwine,,,,Samuel Olwine,deed
William,Olwine,,,,William Olwine,deed
John,Orabauch,,,,John Orabauch,neighbor
Alexander,Osborne,,,,Alexander Osborne,deed
Elizabeth,Osborne,,,,Elizabeth Osborne,deed
John,Osborne,,,,John Osborne,deed
Joseph,Osborne,,,,Joseph Osborne,deed
Lewis,Osborne,,,,Lewis Osborne,deed
Alexander,Owen,,,,Alexander Owen,deed|neighbor
John,Owen,,,,John Owen,deed
Susanna,Oxford,,,,Susanna Oxford,deed
William,Oxford,,,,William Oxford,deed
John,Oyle,,,,John Oyle,deed
Enos,Painter,,,,Enos Painter,deed
George,Palmer,,,,George Palmer,deed
James,Parker,,,,James Parker,deed
Hannah,Parry,,,,Hannah Parry,deed
John,Parry,,,,John Parry,deed|neighbor
John,Parry,,Deceased,,John Parry (deceased),deed
Joshua,Parry,,,,Joshua Parry,neighbor
Stephen,Pascall,,,,Stephen Pascall,deed
William,Paschall,,,,William Paschall,neighbor
Leah,Pass,,,,Leah Pass,deed
Thomas,Pass,,,,Thomas Pass,deed
Barbara,Patchel,,,,Barbara Patchel,deed
Edward,Patchel,,,,Edward Patchel,deed
David,Patrick,,,,David Patrick,deed
John,Patrick,,,,John Patrick,deed
Robert,Patrick,,,,Robert Patrick,deed
Elizabeth,Paul,,,,Elizabeth Paul,deed
Jacob,Paul,,,,Jacob Paul,deed
John,Paul,,,,John Paul,deed
Joseph,Paul,,,,Joseph Paul,deed
Mary,Paul,,,,Mary Paul,deed
Ruth,Paul,,,,Ruth Paul,deed
Sarah Ann,Paul,,,,Sarah Ann Paul,deed
Elin,Pawling,,,,Elin Pawling,deed
Elizabeth,Pawling,,,,Elizabeth Pawling,deed
Henry,Pawling,,,,Henry Pawling,deed
John,Pawling,,,,John Pawling,deed
Levi,Pawling,,,,Levi Pawling,deed
Rebecca,Pawling,,,,Rebecca Pawling,deed
Samuel,Pawling,,,,Samuel Pawling,deed
Willemina,Pawling,,,,Willemina Pawling,deed
William,Pawling,,,,William Pawling,deed
Ralph,Peacock,,,,Ralph Peacock,deed|neighbor
Caroline,Pearce,,,,Caroline Pearce,deed
Cromwell,Pearce,,,,Cromwell Pearce,neighbor
Eliza,Pearce,,,,Eliza Pearce,deed
John,Pearce,,,,John Pearce,deed
Isaac,Pearson,,,,Isaac Pearson,deed
William,Pearson,,,,William Pearson,deed
Abana,Peart,,,,Abana Peart,deed
Elizabeth,Peart,,,,Elizabeth Peart,deed
Lewis,Peart,,,,Lewis Peart,deed
Thomas,Peart,,,,Thomas Peart,deed
Abraham,Peck,,,,Abraham Peck,deed
Charles,Peck,,,,Charles Peck,deed
Elizabeth,Peck,,,,Elizabeth Peck,deed
Jemima,Peck,,,,Jemima Peck,deed
Jeremiah,Peck,,,,Jeremiah Peck,deed
John,Peck,,,,John Peck,deed
Margaret,Peck,,,,Margaret Peck,deed
Nelson,Peck,,,,Nelson Peck,deed
Sarah,Peck,,,,Sarah Peck,deed
William,Peck,,,,William Peck,deed
Cromwell,Peirce,,,,Cromwell Peirce,deed
Israel,Pemberton,,,,Israel Pemberton,deed|patent
Margaret,Pennepacker,,,,Margaret Pennepacker,deed
Samuel,Pennepacker,,,,Samuel Pennepacker,deed
Elijah,Pennpacker,,,,Elijah Pennpacker,deed
Ann,Pennypacker,,,,Ann Pennypacker,deed
Anna Maria,Pennypacker,,,,Anna Maria Pennypacker,deed
Annie,Pennypacker,,,,Annie Pennypacker,deed
Benjamin,Pennypacker,,,,Benjamin Pennypacker,deed
Dr,Pennypacker,,,,Dr Pennypacker,neighbor
E. F.,Pennypacker,,,,E. F. Pennypacker,deed
Elijah,Pennypacker,,,,Elijah Pennypacker,deed
Elijah P.,Pennypacker,,,,Elijah P. Pennypacker,deed
Eliza,Pennypacker,,,,Eliza Pennypacker,deed
Elizabeth,Pennypacker,,,,Elizabeth Pennypacker,deed
Hannah,Pennypacker,,,,Hannah Pennypacker,deed
Isaac,Pennypacker,,,,Isaac Pennypacker,deed
Jacob,Pennypacker,,,,Jacob Pennypacker,deed|neighbor
James,Pennypacker,,,,James Pennypacker,deed
Jamson Amelia,Pennypacker,,,,Jamson Amelia Pennypacker,deed
Jane,Pennypacker,,,,Jane Pennypacker,deed
Jonas,Pennypacker,,,,Jonas Pennypacker,deed
Joseph,Pennypacker,,,,Joseph Pennypacker,deed
Kate,Pennypacker,,,,Kate Pennypacker,deed
M.,Pennypacker,,,,M. Pennypacker,deed
M. J.,Pennypacker,,,,M. J. Pennypacker,deed
Margaret,Pennypacker,,,,Margaret Pennypacker,deed
Mary,Pennypacker,,,,Mary Pennypacker,deed
Matthias,Pennypacker,,,,Matthias Pennypacker,deed|neighbor
Nathan,Pennypacker,,,,Nathan Pennypacker,deed
Samuel,Pennypacker,,,,Samuel Pennypacker,deed
Sarah,Pennypacker,,,,Sarah Pennypacker,deed
Thomas,Pennypacker,,,,Thomas Pennypacker,deed
Uriah,Pennypacker,,,,Uriah Pennypacker,deed
Washington,Pennypacker,,,,Washington Pennypacker,deed
William,Pennypacker,,,,William Pennypacker,deed
John,Peregrin,,,,John Peregrin,deed|neighbor
Thomas,Peregrin,,,,Thomas Peregrin,deed
M. Richard,Peters,,,,M. Richard Peters,deed
Robert,Peterson,,,,Robert Peterson,deed
John,Phike,,,,John Phike,deed
Asa,Philips,,,,Asa Philips,deed
Mary,Philips,,,,Mary Philips,deed
Abraham,Phillips,,,,Abraham Phillips,deed
Ann,Phillips,,,,Ann Phillips,deed
Asa,Phillips,,,,Asa Phillips,deed
John,Phillips,,,,John Phillips,deed
Mary,Phillips,,,,Mary Phillips,deed
Charles,Pickering,,,,Charles Pickering,patent
Joseph,Pidgeon,,,,Joseph Pidgeon,deed
Rebecca,Pidgeon,,,,Rebecca Pidgeon,deed
William,Pierson,,,,William Pierson,deed
Joseph,Pike,,,,Joseph Pike,neighbor
Catherine,Place,,,Catharine Place,Catharine Place,deed
Henry,Place,,,,Henry Place,deed
John,Place,,,,John Place,deed
Rachel,Place,,,,Rachel Place,deed
Clement,Plumstead,,,,Clement Plumstead,deed
Peter,Pooker,,,,Peter Pooker,deed
Andrew,Porter,,,,Andrew Porter,deed
George,Porter,,,,George Porter,deed
Kate,Porter,,,,Kate Porter,deed
Robert,Porter,,,,Robert Porter,deed
Benezet,Potts,,,,Benezet Potts,deed
Charles,Potts,,,,Charles Potts,deed
David,Potts,,,,David Potts,deed|neighbor
Edward,Potts,,,,Edward Potts,deed
Hannah,Potts,,,,Hannah Potts,deed
Isaac,Potts,,,,Isaac Potts,deed
Jacob,Potts,,,,Jacob Potts,deed
James,Potts,,,,James Potts,deed
Joanna,Potts,,,,Joanna Potts,deed
John,Potts,,,,John Potts,deed
Joseph,Potts,,,,Joseph Potts,deed|neighbor
Margaret,Potts,,,,Margaret Potts,deed
Martha,Potts,,,,Martha Potts,deed
Mary,Potts,,,,Mary Potts,deed
Rebecca,Potts,,,,Rebecca Potts,deed
Samuel,Potts,,,,Samuel Potts,deed
Sarah,Potts,,,,Sarah Potts,deed
Moses,Powel,,,,Moses Powel,deed
Abraham,Powell,,,,Abraham Powell,deed
Ezekiel,Powell,,,Ezekial Powell,Ezekial Powell,deed
Catherine,Prees,,,,Catherine Prees,deed
John,Prees,,,,John Prees,deed
Rees,Prees,,,,Rees Prees,deed|neighbor
Samuel,Preston,,,,Samuel Preston,deed
Isaac,Price,,,,Isaac Price,deed
John,Price,,,,John Price,deed
Thomas,Price,,,,Thomas Price,deed
Anthony,Prichard,,,,Anthony Prichard,neighbor
Christian,Priek,,,,Christian Priek,deed
Lydia,Priest,,,,Lydia Priest,deed
Samuel,Priest,,,,Samuel Priest,deed
John,Printz,,,,John Printz,deed
Anna,Pritchard,,,,Anna Pritchard,deed
Anthony,Pritchard,,,,Anthony Pritchard,deed|neighbor
Griffith,Pritchard,,,,Griffith Pritchard,neighbor
Hannah,Pritchard,,,,Hannah Pritchard,deed
Margaret,Pritchard,,,,Margaret Pritchard,deed
Rees,Pritchard,,,,Rees Pritchard,deed|neighbor
Samuel,Pritchard,,,,Samuel Pritchard,deed
John,Pritz,,,,John Pritz,deed
Levi,Prizer,,,,Levi Prizer,deed
James,Prowel,,,,James Prowel,neighbor
James,Prowell,,,,James Prowell,deed
Mary,Prowell,,,,Mary Prowell,deed
Henry,Pugh,,,,Henry Pugh,deed
Hugh,Pugh,,,,Hugh Pugh,deed
Katherine,Pugh,,,,Katherine Pugh,deed
Robert,Pugh,,,,Robert Pugh,deed|neighbor
Ann,Pyle,,,,Ann Pyle,deed
Isaac,Pyle,,,,Isaac Pyle,deed
John,Pyle,,,,John Pyle,deed
Sarah,Quay,,,,Sarah Quay,deed
William,Quay,,,,William Quay,deed
Jane,Quimby,,,,Jane Quimby,deed
John,Quimby,,,,John Quimby,deed
John,Quinn,,,,John Quinn,deed|neighbor
Anna,Radcliff,,,,Anna Radcliff,deed
Emma,Radcliff,,,,Emma Radcliff,deed
John,Radcliff,,,,John Radcliff,deed
Joseph,Radcliff,,,,Joseph Radcliff,deed
Mary,Radcliff,,,,Mary Radcliff,deed|neighbor
Sarah,Radcliff,,,,Sarah Radcliff,deed
Thomas,Radcliff,,,,Thomas Radcliff,deed
W. Clinton,Radcliff,,,,W. Clinton Radcliff,deed
Jacob,Raimey,,,,Jacob Raimey,neighbor
Ann,Rambo,,,,Ann Rambo,deed
Peter,Rambo,,,,Peter Rambo,deed
Jacob,Ramey,,,,Jacob Ramey,deed
Alfred,Ramsey,,,,Alfred Ramsey,deed
Ann,Ramsey,,,,Ann Ramsey,deed
Elizabeth,Ramsey,,,,Elizabeth Ramsey,deed
Ellen,Ramsey,,,,Ellen Ramsey,deed
Emmor,Ramsey,,,,Emmor Ramsey,deed
Hannah,Ramsey,,,,Hannah Ramsey,deed
Jacob,Ramsey,,,,Jacob Ramsey,deed
Jane,Ramsey,,,,Jane Ramsey,deed
Joseph,Ramsey,,,,Joseph Ramsey,deed
Mary,Ramsey,,,,Mary Ramsey,deed
Richard,Ramsey,,,,Richard Ramsey,deed
Samuel,Ramsey,,,,Samuel Ramsey,deed
Susan,Ramsey,,,,Susan Ramsey,deed
Susanna,Ramsey,,,Susannah Ramsey,Susannah Ramsey,deed
William,Ramsey,,,,William Ramsey,deed
Peter,Rankin,,,,Peter Rankin,deed
Amos,Rapp,,,,Amos Rapp,deed
Barnabus,Rapp,,,,Barnabus Rapp,deed
Barnet,Rapp,,,,Barnet Rapp,deed|neighbor
Barney,Rapp,,,,Barney Rapp,neighbor
Benjamin,Rapp,,,,Benjamin Rapp,atlas|deed|neighbor
Benjamin G.,Rapp,,,,Benjamin G. Rapp,deed
Davis,Rapp,,,,Davis Rapp,deed
Elizabeth,Rapp,,,,Elizabeth Rapp,deed
Eugene,Rapp,,,,Eugene Rapp,deed
Frederick,Rapp,,,,Frederick Rapp,deed|neighbor
Harriet,Rapp,,,Harriett Rapp,Harriett Rapp,deed
Jacob,Rapp,,,,Jacob Rapp,deed
John,Rapp,,,,John Rapp,deed|neighbor
John S.,Rapp,,,,John S. Rapp,deed
Joseph,Rapp,,,,Joseph Rapp,deed
Margaret,Rapp,,,,Margaret Rapp,deed
Mary,Rapp,,,,Mary Rapp,deed
Peter,Rapp,,,,Peter Rapp,deed|neighbor
Philip,Rapp,,,,Philip Rapp,deed|neighbor
Thomas,Rapp,,,,Thomas Rapp,deed
William,Rapp,,,,William Rapp,deed|neighbor
Francis,Rawles,,,,Francis Rawles,deed
Martha,Rawles,,,,Martha Rawles,deed
A.,Ray,,,,A. Ray,deed
Catherine,Ray,,,Catharine Ray,Catharine Ray,deed
Morris,Raymond,,,aka Reiman|Morris Raymond (aka Reiman),Morris Raymond (aka Reiman),deed
Jacob,Reamy,,,,Jacob Reamy,neighbor
John,Reece,,,,John Reece,neighbor
Andrew,Reed,,,,Andrew Reed,deed
Rachel,Reed,,,,Rachel Reed,deed
Frany,Reel,,,,Frany Reel,deed
Ludwick,Reel,,,,Ludwick Reel,deed
Ann,Rees,,,,Ann Rees,deed
Frank,Rees,,,,Frank Rees,deed
George,Rees,,,,George Rees,deed
James,Rees,,,,James Rees,deed
Jannet,Rees,,,,Jannet Rees,deed
John,Rees,,,,John Rees,deed|neighbor
Jonathan,Rees,,,,Jonathan Rees,deed|neighbor
Katherine,Rees,,,,Katherine Rees,deed
Letitia,Rees,,,,Letitia Rees,neighbor
Martha,Rees,,,,Martha Rees,deed
Samuel,Rees,,,,Samuel Rees,deed
Sarah,Rees,,,,Sarah Rees,deed
Susan,Rees,,,,Susan Rees,deed
William,Rees,,,,William Rees,deed|neighbor|patent
James,Reese,,,,James Reese,deed|neighbor
John,Reese,,,,John Reese,deed|neighbor
Sarah,Reese,,,,Sarah Reese,deed
William,Reese,,,,William Reese,deed
Abigail,Reeves,,,,Abigail Reeves,deed
Benjamin,Reeves,,,,Benjamin Reeves,deed
Charles,Reeves,,,,Charles Reeves,deed
Clara,Reeves,,,,Clara Reeves,deed
Clarissa,Reeves,,,,Clarissa Reeves,deed
David,Reeves,,,,David Reeves,deed
Margaret,Reeves,,,,Margaret Reeves,deed
Samuel,Reeves,,,,Samuel Reeves,deed
George,Reffsnyder,,,,George Reffsnyder,deed
Abraham,Reiff,,,,Abraham Reiff,deed
Augustes,Reiman,,,aka Raymond|Augustes Reiman (aka Raymond),Augustes Reiman (aka Raymond),deed
Richard,Remington,,,,Richard Remington,deed
Adam,Rennard,,,,Adam Rennard,deed|neighbor
Elizabeth,Rennard,,,,Elizabeth Rennard,deed
Hannah,Rennard,,,,Hannah Rennard,deed
John,Rennard,,,,John Rennard,deed
Samuel,Rennard,,,,Samuel Rennard,deed
Sarah,Rennard,,,,Sarah Rennard,deed
Adam,Renner,,,,Adam Renner,deed|neighbor
Elizabeth,Renner,,,,Elizabeth Renner,deed|neighbor
Jacob,Renner,,,,Jacob Renner,deed|neighbor
John,Reynel,,,,John Reynel,deed|patent
Ann,Reynolds,,,,Ann Reynolds,deed
William,Reynolds,,,,William Reynolds,deed|neighbor
Jerome,Rhoades,,,,Jerome Rhoades,deed
Mary,Rhoades,,,,Mary Rhoades,deed
Mary Ann,Rhoades,,,,Mary Ann Rhoades,deed
Samuel,Rhoades,,,,Samuel Rhoades,deed
William,Rhoades,,,,William Rhoades,deed
Catherine,Rhoads,,,Catharine Rhoads,Catharine Rhoads,deed
Frank,Rhoads,,,,Frank Rhoads,deed
Henry,Rhoads,,,,Henry Rhoads,deed
Jacob,Rhoads,,,,Jacob Rhoads,deed
John,Rhoads,,,,John Rhoads,deed
Mary Ann,Rhoads,,,,Mary Ann Rhoads,deed
Franklin,Rhodes,,,,Franklin Rhodes,deed
Henry,Rhodes,,,,Henry Rhodes,deed|neighbor
Lewis,Rhodes,,,,Lewis Rhodes,deed
Margaret,Rhodes,,,,Margaret Rhodes,deed
Ann,Richards,,,,Ann Richards,deed
Caroline,Richards,,,,Caroline Richards,deed
Eliza,Richards,,,,Eliza Richards,deed
Gartry,Richards,,,,Gartry Richards,deed
George,Richards,,,,George Richards,neighbor
John,Richards,,,,John Richards,deed
Joseph,Richards,,,,Joseph Richards,deed|neighbor
Lewis,Richards,,,,Lewis Richards,deed
Philip,Richards,,,,Philip Richards,deed
Roland,Richards,,,,Roland Richards,deed
Rowland,Richards,,,,Rowland Richards,deed
Samuel,Richards,,,,Samuel Richards,deed
Sarah,Richards,,,,Sarah Richards,deed
Ann,Richardson,,,,Ann Richardson,deed
Christiana,Richardson,,,,Christiana Richardson,deed
John,Richardson,,,,John Richardson,deed
Samuel,Richardson,,,,Samuel Richardson,deed
Richard,Richison,,,,Richard Richison,neighbor
Adam,Rickabaugh,,,,Adam Rickabaugh,deed
David,Rickabaugh,,,,David Rickabaugh,deed
Jacob,Rickabaugh,,,,Jacob Rickabaugh,deed
Margaret,Rickabaugh,,,,Margaret Rickabaugh,deed
Elizabeth,Rieff,,,,Elizabeth Rieff,deed
Abraham,Rife,,,,Abraham Rife,deed
Clement,Rigg,,,,Clement Rigg,deed
Rachel,Rigg,,,,Rachel Rigg,deed
Anthony,Righter,,,,Anthony Righter,deed
Susanna,Riley,,,Susannah Riley,Susannah Riley,deed
William,Riley,,,,William Riley,deed|neighbor|patent
George,Rinewalt,,,,George Rinewalt,deed
Ruth,Rinewalt,,,,Ruth Rinewalt,deed
Mary,Ring,,,,Mary Ring,deed
Joseph,Ritchie,,,,Joseph Ritchie,deed
Catherine,Rixstine,,,Catharine Rixstine,Catharine Rixstine,deed
Ellen,Rixstine,,,,Ellen Rixstine,deed
Henry,Rixstine,,,,Henry Rixstine,deed
Jacob,Rixstine,,,,Jacob Rixstine,deed
John,Rixstine,,,,John Rixstine,deed
Mary,Rixstine,,,,Mary Rixstine,deed
Rachel,Rixstine,,,,Rachel Rixstine,deed
Samuel,Rixstine,,,,Samuel Rixstine,deed
Archimedes,Robb,,,,Archimedes Robb,deed
John,Robb,,,,John Robb,deed
Rebecca,Robbins,,,,Rebecca Robbins,deed
Barbara,Roberts,,,,Barbara Roberts,deed
Benjamin,Roberts,,,,Benjamin Roberts,deed
Edward,Roberts,,,,Edward Roberts,deed
Edwin,Roberts,,,,Edwin Roberts,deed
Eliza,Roberts,,,,Eliza Roberts,deed
Elizabeth,Roberts,,,,Elizabeth Roberts,deed
Esther,Roberts,,,,Esther Roberts,deed
George,Roberts,,,,George Roberts,deed
Harriet,Roberts,,,,Harriet Roberts,deed
Hugh,Roberts,,,,Hugh Roberts,deed|neighbor
Israel,Roberts,,,,Israel Roberts,deed
James,Roberts,,,,James Roberts,deed
Jesse,Roberts,,,,Jesse Roberts,deed
John,Roberts,,,,John Roberts,deed
Joseph,Roberts,,,,Joseph Roberts,deed
Lewis,Roberts,,,,Lewis Roberts,deed|neighbor
Mary,Roberts,,,,Mary Roberts,deed
Matthew,Roberts,,,,Matthew Roberts,deed|neighbor
Nathan,Roberts,,,,Nathan Roberts,deed|neighbor
Samuel,Roberts,,,,Samuel Roberts,deed
Sarah,Roberts,,,,Sarah Roberts,deed
Susan,Roberts,,,,Susan Roberts,deed
Susanna,Roberts,,,,Susanna Roberts,deed
Thomas,Roberts,,,,Thomas Roberts,deed|neighbor|patent|quit rent
William,Roberts,,,,William Roberts,deed|neighbor
Samuel,Robertson,,,,Samuel Robertson,deed
Aaron,Robinson,,,,Aaron Robinson,deed
Anna,Robinson,,,,Anna Robinson,deed
Barbara,Robinson,,,,Barbara Robinson,deed
John,Robinson,,,,John Robinson,deed
Margaret,Robinson,,,,Margaret Robinson,deed
Mary,Robinson,,,,Mary Robinson,deed
Moses,Robinson,,,,Moses Robinson,deed
Sarah,Robinson,,,,Sarah Robinson,deed
Thomas,Robinson,,,,Thomas Robinson,deed
William,Robinson,,,,William Robinson,deed|neighbor
Richard,Rodda,,,,Richard Rodda,deed
William,Roddington,,,,William Roddington,neighbor
Benjamin,Rogers,,,,Benjamin Rogers,deed
Elizabeth,Rogers,,,,Elizabeth Rogers,deed
Esther,Rogers,,,,Esther Rogers,deed
Jennie,Rogers,,,,Jennie Rogers,deed
John,Rogers,,,,John Rogers,deed
Joseph,Rogers,,,,Joseph Rogers,deed
Mary,Rogers,,,,Mary Rogers,deed
Rebecca,Rogers,,,,Rebecca Rogers,deed
Robert,Rogers,,,,Robert Rogers,deed|neighbor
Daniel,Root,,,,Daniel Root,deed
Henry,Roots,,,,Henry Roots,deed
John,Rose,,,,John Rose,deed
Christian,Rosenberger,,,,Christian Rosenberger,deed
Elizabeth,Rosenberger,,,,Elizabeth Rosenberger,deed
Alexander,Ross,,,,Alexander Ross,deed
Catherine,Ross,,,Catharine Ross,Catharine Ross,deed
Matthew,Ross,,,,Matthew Ross,deed
Susanna,Ross,,,Susannah Ross,Susannah Ross,deed
Amos,Rossiter,,,,Amos Rossiter,deed
Caroline,Rossiter,,,,Caroline Rossiter,deed
Daniel,Rossiter,,,,Daniel Rossiter,deed|neighbor
Edwin,Rossiter,,,,Edwin Rossiter,deed
Jacob,Rossiter,,,,Jacob Rossiter,deed
Jesse,Rossiter,,,,Jesse Rossiter,deed
John,Rossiter,,,,John Rossiter,deed
Lewis,Rossiter,,,,Lewis Rossiter,deed
Louisa,Rossiter,,,,Louisa Rossiter,deed
Mary,Rossiter,,,,Mary Rossiter,deed
Minerva,Rossiter,,,,Minerva Rossiter,deed
Rebecca,Rossiter,,,,Rebecca Rossiter,deed
Samuel,Rossiter,,,,Samuel Rossiter,deed|neighbor
Thomas,Rossiter,,,,Thomas Rossiter,deed|neighbor
William,Rossiter,,,,William Rossiter,deed
George,Rowan,,,,George Rowan,deed
Benjamin,Rowland,,,,Benjamin Rowland,deed
Charles,Rowland,,,,Charles Rowland,deed
James,Rowland,,,,James Rowland,deed
Joseph,Rowland,,,,Joseph Rowland,deed
Margaret,Rowland,,,,Margaret Rowland,deed
Rachel,Rowland,,,,Rachel Rowland,deed
Uriah,Royer,,,,Uriah Royer,deed
Benjamin,Royers,,,,Benjamin Royers,deed
Elizabeth,Rutter,,,,Elizabeth Rutter,deed
Paul,Rutter,,,,Paul Rutter,deed
Edward,Ryan,,,,Edward Ryan,deed
Hannah,Ryan,,,,Hannah Ryan,deed
Ann,Sahler,,,,Ann Sahler,deed
Barbara,Sahler,,,,Barbara Sahler,deed
Elizabeth,Sahler,,,,Elizabeth Sahler,deed
Isaac,Sahler,,,,Isaac Sahler,deed
John,Sahler,,,,John Sahler,deed
Isaac,Sahlor,,,,Isaac Sahlor,deed
Laura,Samuel,,,aka Laura Kirkner|Laura Samuel (aka Laura Kirkner),Laura Samuel (aka Laura Kirkner),deed
William,Sanders,,,,William Sanders,deed|neighbor
Edward,Sanderson,,,,Edward Sanderson,deed
Julia,Sanderson,,,,Julia Sanderson,deed
John,Sartori,,,,John Sartori,deed
Charles,Saunders,,,,Charles Saunders,deed
James,Saunders,,,,James Saunders,deed
William,Saunders,,,,William Saunders,neighbor
John,Sayers,,,,John Sayers,deed
Edward,Schofield,,,,Edward Schofield,deed
Susanna,Schofield,,,,Susanna Schofield,deed
Mary,Scholfield,,,,Mary Scholfield,deed
William,Scholfield,,,,William Scholfield,deed
Samuel,Schultz,,,,Samuel Schultz,deed
James,Scott,,,,James Scott,deed
Magdalen,Scott,,,,Magdalen Scott,deed
Richard,Scott,,,,Richard Scott,deed
Peter,Sealor,,,,Peter Sealor,neighbor
Samuel,Sears,,,,Samuel Sears,deed
Hannah,Seister,,,,Hannah Seister,deed
Samuel,Sellar,,,,Samuel Sellar,neighbor
Ruth,Sellars,,,,Ruth Sellars,deed
Samuel,Sellars,,,,Samuel Sellars,deed
Eliza,Senior,,,,Eliza Senior,deed
John,Senior,,,,John Senior,deed
Irene,Shaffer,,,,Irene Shaffer,deed
Vosburg,Shaffer,,,,Vosburg Shaffer,deed
Abraham,Shaffner,,,,Abraham Shaffner,deed
Catherine,Shaffner,,,Catharine Shaffner,Catharine Shaffner,deed
Daniel,Shaffner,,,,Daniel Shaffner,deed
Elizabeth,Shaffner,,,,Elizabeth Shaffner,deed
John,Shaffner,,,,John Shaffner,deed
Joseph,Shaffner,,,,Joseph Shaffner,deed
Magdelena,Shaffner,,,,Magdelena Shaffner,deed
Martin,Shaffner,,,,Martin Shaffner,deed
Gertrud,Shainholtz,,,,Gertrud Shainholtz,deed
Jacob,Shainholtz,,,,Jacob Shainholtz,deed
John,Shainholtz,,,,John Shainholtz,neighbor
Martin,Shainholtz,,,,Martin Shainholtz,deed
Catherine,Shambough,,,,Catherine Shambough,deed
Joseph,Shambough,,,,Joseph Shambough,deed
Philip,Shambough,,,,Philip Shambough,deed|neighbor
Elizabeth,Shannon,,,,Elizabeth Shannon,deed
Hannah,Shannon,,,,Hannah Shannon,deed
John,Shannon,,,,John Shannon,deed
Martha,Shannon,,,,Martha Shannon,deed
Robert,Shannon,,,,Robert Shannon,deed
Dendy,Sharwood,,,,Dendy Sharwood,deed
Daniel,Shaufner,,,,Daniel Shaufner,neighbor
Daniel,Shea,,,,Daniel Shea,deed|neighbor
David,Shearer,,,,David Shearer,deed|neighbor
J.,Shearer,,,,J. Shearer,deed
Jacob,Shearer,,,,Jacob Shearer,neighbor
John,Shearer,,,,John Shearer,deed
Martha,Shearer,,,,Martha Shearer,deed
Annie,Sheetz,,,,Annie Sheetz,deed
John,Sheetz,,,,John Sheetz,deed
Martin,Sheinholtz,,,,Martin Sheinholtz,deed
Catherine,Sheldrake,,,Catharine Sheldrake,Catharine Sheldrake,deed
Jane,Sheldrake,,,,Jane Sheldrake,deed
John,Sheldrake,,,,John Sheldrake,deed
Kate,Sheldrake,,,,Kate Sheldrake,deed
William,Sheldrake,,,,William Sheldrake,deed
Philo,Shelton,,,,Philo Shelton,deed
Philip,Shenbough,,,,Philip Shenbough,neighbor
Oliver,Sheneman,,,,Oliver Sheneman,deed
Ann,Sherman,,,,Ann Sherman,deed
Lewis,Sherman,,,,Lewis Sherman,deed
Oliver,Sherman,,,,Oliver Sherman,deed
David,Shildewright,,,,David Shildewright,neighbor
Anthony,Shimer,,,,Anthony Shimer,deed
Cammilo,Shimer,,,,Cammilo Shimer,deed
Conrad,Shimer,,,,Conrad Shimer,deed
Edward,Shimer,,,,Edward Shimer,deed
Frederick,Shimer,,,,Frederick Shimer,deed
John,Shimer,,,,John Shimer,deed
Mary,Shimer,,,,Mary Shimer,deed
Michael,Shimer,,,,Michael Shimer,deed
Edward,Shippen,,,,Edward Shippen,deed
Joseph,Shippen,,,,Joseph Shippen,deed
Hannah,Shoemaker,,,,Hannah Shoemaker,deed
Julien,Shoemaker,,,,Julien Shoemaker,deed
Owen,Shoemaker,,,,Owen Shoemaker,deed
Isaac,Shoffner,,,,Isaac Shoffner,deed
John,Shoffner,,,,John Shoffner,deed
Levi,Shoffner,,,,Levi Shoffner,deed
George,Shoffuer,,,,George Shoffuer,deed
Edward,Sholfield,,,,Edward Sholfield,deed
Susanna,Sholfield,,,,Susanna Sholfield,deed
Elizabeth,Shook,,,,Elizabeth Shook,deed
Jacob,Shook,,,,Jacob Shook,deed
Barbara,Showalter,,,,Barbara Showalter,deed
Daniel,Showalter,,,,Daniel Showalter,deed
Isabel,Showalter,,,,Isabel Showalter,deed
Jacob,Showalter,,,,Jacob Showalter,neighbor
John,Showalter,,,,John Showalter,deed
Joseph,Showalter,,,,Joseph Showalter,deed|neighbor
Martin,Showalter,,,,Martin Showalter,neighbor
Rachel,Showalter,,,,Rachel Showalter,deed
Sarah,Showalter,,,,Sarah Showalter,deed
Jacob,Shuman,,,,Jacob Shuman,deed
David,Shut,,,,David Shut,deed
Henry,Shut,,,Henry Shut (Jenkin David tract)|Jenkin David tract,Henry Shut|Henry Shut (Jenkin David tract),deed
Henry,Shutt,,,,Henry Shutt,deed
Joseph,Shutt,,,,Joseph Shutt,deed
Jacob,Sikes,,,,Jacob Sikes,deed
Rebecca,Sikes,,,,Rebecca Sikes,deed
John,Simpson,,,,John Simpson,deed
Buckeridge,Sims,,,,Buckeridge Sims,deed
Elizabeth,Sinnickson,,,,Elizabeth Sinnickson,deed
Thomas,Sinnickson,,,,Thomas Sinnickson,deed
Edward,Siter,,,,Edward Siter,deed
Amos,Skean,,,,Amos Skean,deed
Joseph,Skull,,,,Joseph Skull,neighbor
Abraham,Skunk,,,,Abraham Skunk,deed
Susanna,Skunk,,,,Susanna Skunk,deed
James,Sloan,,,,James Sloan,deed|neighbor
John,Sloan,,,,John Sloan,deed
Mary,Sloan,,,,Mary Sloan,deed
Samuel,Sloan,,,,Samuel Sloan,deed
Sarah,Sloan,,,,Sarah Sloan,deed
Edith,Sloanaker,,,,Edith Sloanaker,deed
Samuel,Sloanaker,,,,Samuel Sloanaker,deed
William,Sloanaker,,,,William Sloanaker,deed
Edith,Slonaker,,,,Edith Slonaker,deed
Jacob,Slonaker,,,,Jacob Slonaker,deed
Michael,Slonaker,,,,Michael Slonaker,deed
Samuel,Slonaker,,,,Samuel Slonaker,deed
Francis,Sloyer,,,,Francis Sloyer,deed
Henry,Sloyer,,,,Henry Sloyer,deed
Jacob,Sloyer,,,,Jacob Sloyer,deed
Caleb,Smedley,,,,Caleb Smedley,deed
Sarah,Smedley,,,,Sarah Smedley,deed
Charles,Smith,,,,Charles Smith,deed
Christopher,Smith,,,,Christopher Smith,deed
Clifford,Smith,,,,Clifford Smith,neighbor
Eliza,Smith,,,,Eliza Smith,deed
Elizabeth,Smith,,,,Elizabeth Smith,deed
George,Smith,,,,George Smith,neighbor
Henry,Smith,,,,Henry Smith,deed|neighbor
Isaac,Smith,,,,Isaac Smith,deed|neighbor
Jacob,Smith,,,,Jacob Smith,deed
John,Smith,,,,John Smith,deed|neighbor|patent
Joseph,Smith,,,,Joseph Smith,deed
Maria,Smith,,,,Maria Smith,deed
Mary,Smith,,,,Mary Smith,deed
Nathaniel,Smith,,,,Nathaniel Smith,deed
Peter,Smith,,,,Peter Smith,deed|neighbor
Philip,Smith,,,,Philip Smith,neighbor
Samuel,Smith,,,,Samuel Smith,deed
Sarah,Smith,,,,Sarah Smith,deed
Susanna,Smith,,,,Susanna Smith,deed
Thomas,Smith,,,,Thomas Smith,deed
Yost,Smith,,,,Yost Smith,deed|neighbor
Catherine,Sneed,,,,Catherine Sneed,deed
George,Sneed,,,,George Sneed,deed
Arnst Rafe,Snider,,,,Arnst Rafe Snider,deed
Ann,Snyder,,,,Ann Snyder,deed
Elizabeth,Snyder,,,,Elizabeth Snyder,deed
George,Snyder,,,,George Snyder,deed|neighbor
Hannah,Snyder,,,,Hannah Snyder,deed
Henry,Snyder,,,,Henry Snyder,deed
Isaiah,Snyder,,,,Isaiah Snyder,deed
John,Snyder,,,,John Snyder,deed|neighbor
Joseph,Snyder,,,,Joseph Snyder,deed
Mary,Snyder,,,,Mary Snyder,deed
Peter,Snyder,,,,Peter Snyder,deed
Susanna,Snyder,,,Susannah Snyder,Susannah Snyder,deed
William,Snyder,,,,William Snyder,deed
H.,Sowden,,,,H. Sowden,deed
Nicholas,Sowden,,,,Nicholas Sowden,deed
Sarah,Sowden,,,,Sarah Sowden,deed
William,Sowden,,,Joseph Pidgeon tract|William Sowden (Joseph Pidgeon tract),William Sowden|William Sowden 1 (Joseph Pidgeon tract),deed
Daniel,Sower,,,,Daniel Sower,deed
Esther,Sower,,,,Esther Sower,deed|neighbor
Hannah,Sower,,,,Hannah Sower,deed|neighbor
Lavinia,Sower,,,,Lavinia Sower,deed
Mary,Sower,,,,Mary Sower,deed
Samuel,Sower,,,,Samuel Sower,deed
John Henry,Sprogel,,,,John Henry Sprogel,deed
William,Staddon,,,,William Staddon,deed
Nicholas,Stafford,,,,Nicholas Stafford,deed
Elizabeth,Stager,,,,Elizabeth Stager,deed
Jacob,Stager,,,,Jacob Stager,deed
John,Stambach,,,,John Stambach,deed
Mary,Stambach,,,,Mary Stambach,deed
Joseph,Stanvix,,,,Joseph Stanvix,deed
Amy,Starr,,,,Amy Starr,deed
Ann,Starr,,,,Ann Starr,deed
Elizabeth,Starr,,,,Elizabeth Starr,deed
Hannah,Starr,,,,Hannah Starr,deed
James,Starr,,,,James Starr,deed|neighbor
John,Starr,,,,John Starr,deed
Joseph,Starr,,,,Joseph Starr,deed|neighbor
Mary,Starr,,,,Mary Starr,deed
Moses,Starr,,,,Moses Starr,deed
Rachel,Starr,,,,Rachel Starr,deed
Samuel,Starr,,,,Samuel Starr,deed
William,Steele,,,,William Steele,deed
Philip,Steffan,,,,Philip Steffan,deed
John,Steinmetz,,,,John Steinmetz,deed|neighbor
Abijah,Stephens,,,,Abijah Stephens,deed
Mary,Stephens,,,,Mary Stephens,deed
Amos,Stetler,,,,Amos Stetler,neighbor
Hannah,Stevenson,,,,Hannah Stevenson,deed
Thomas,Stevenson,,,,Thomas Stevenson,deed
William,Stevenson,,,,William Stevenson,deed
Benjamin,Steward,,,,Benjamin Steward,deed
James,Steward,,,,James Steward,deed
Benjamin,Stewart,,,,Benjamin Stewart,deed
John,Stewart,,,,John Stewart,deed
Margaret,Stewart,,,,Margaret Stewart,deed
Christian,Stine,,,,Christian Stine,deed
Emily,Stine,,,,Emily Stine,deed
George,Stine,,,,George Stine,deed
John,Stine,,,,John Stine,deed
Henry,Stockman,,,,Henry Stockman,deed
Sabina,Stockman,,,,Sabina Stockman,deed
Hariet,Stockton,,,,Hariet Stockton,deed
Robert,Stockton,,,,Robert Stockton,deed
Jacob,Stonaker,,,,Jacob Stonaker,deed
Jonathan,Stott,,,,Jonathan Stott,deed
Dilman,Stouffer,,,,Dilman Stouffer,deed
Amos,Strettell,,,,Amos Strettell,neighbor
Abraham,Struble,,,,Abraham Struble,deed
Elizabeth,Struble,,,,Elizabeth Struble,deed
Benjamin,Strutton,,,,Benjamin Strutton,deed
Elizabeth,Strutton,,,,Elizabeth Strutton,deed
Jacob,Sturk,,,,Jacob Sturk,deed|neighbor
James,Sturk,,,,James Sturk,neighbor
Margaret,Sturk,,,,Margaret Sturk,deed
Catherine,Suckley,,,,Catherine Suckley,deed
George,Suckley,,,,George Suckley,deed
Cadwalader,Suplee,,,,Cadwalader Suplee,deed
Catherine,Suplee,,,Catharine Suplee,Catharine Suplee,deed
Edwin,Suplee,,,,Edwin Suplee,deed
Elizabeth,Suplee,,,,Elizabeth Suplee,deed
Hannah,Suplee,,,,Hannah Suplee,deed
John,Suplee,,,,John Suplee,deed
Peter,Suplee,,,,Peter Suplee,deed
Catherine,Supplee,,,Catharine Supplee,Catharine Supplee,deed
Rudolph,Supplee,,,,Rudolph Supplee,deed
Robert,Sutton,,,,Robert Sutton,neighbor
C. Wesley,Talbot,,,,C. Wesley Talbot,deed
Joseph,Tatem,,,,Joseph Tatem,deed
Frederick,Taylor,,,,Frederick Taylor,deed
Jacob,Taylor,,,,Jacob Taylor,deed|neighbor
Adaline,Tennant,,,,Adaline Tennant,deed
John,Tennant,,,,John Tennant,deed
Abel,Thomas,,,,Abel Thomas,deed
Abigail,Thomas,,,,Abigail Thomas,deed
Amos,Thomas,,,,Amos Thomas,deed|neighbor
Ann,Thomas,,,,Ann Thomas,deed
Benjamin,Thomas,,,,Benjamin Thomas,deed|neighbor
Benjamin R.,Thomas,,,,Benjamin R. Thomas,deed
Catherine,Thomas,,,Catharine Thomas,Catharine Thomas,deed
David,Thomas,,,,David Thomas,deed
Elenor,Thomas,,,,Elenor Thomas,deed
Elizabeth,Thomas,,,,Elizabeth Thomas,deed
Evan,Thomas,,,,Evan Thomas,neighbor
George,Thomas,,,,George Thomas,deed
Griffith,Thomas,,,,Griffith Thomas,deed|neighbor
Isaac,Thomas,,,,Isaac Thomas,deed|neighbor
Jacob,Thomas,,,,Jacob Thomas,deed
James,Thomas,,,,James Thomas,deed
Jemima,Thomas,,,,Jemima Thomas,deed
Jenkin,Thomas,,,,Jenkin Thomas,deed|neighbor
Jennie,Thomas,,,,Jennie Thomas,deed
Joan,Thomas,,,,Joan Thomas,deed
John,Thomas,,,,John Thomas,deed|neighbor
Jonathan,Thomas,,,,Jonathan Thomas,deed
Joseph,Thomas,,,,Joseph Thomas,deed
Lewis,Thomas,,,,Lewis Thomas,deed
Margaret,Thomas,,,,Margaret Thomas,deed
Margetta,Thomas,,,,Margetta Thomas,deed
Mary,Thomas,,,,Mary Thomas,deed|neighbor
Morgan,Thomas,,,,Morgan Thomas,deed
Nathan,Thomas,,,,Nathan Thomas,neighbor
Richard,Thomas,,,,Richard Thomas,deed|patent
Samaria,Thomas,,,,Samaria Thomas,deed
Susanna,Thomas,,,,Susanna Thomas,deed
Widow,Thomas,,,,Widow Thomas,neighbor
William,Thomas,,,,William Thomas,deed|neighbor
George,Thompson,,,,George Thompson,deed
Jonah,Thompson,,,,Jonah Thompson,deed
Phebe,Thompson,,,,Phebe Thompson,deed
Robert,Thompson,,,,Robert Thompson,deed
Charles,Thomson,,,,Charles Thomson,deed
Joseph,Thornton,,,,Joseph Thornton,deed
Fanny,Thrift,,,,Fanny Thrift,deed
Orlando,Thrift,,,,Orlando Thrift,deed
Amelia,Thropp,,,,Amelia Thropp,deed
Ann,Thropp,,,,Ann Thropp,deed
Caroline,Thropp,,,,Caroline Thropp,deed
Charles,Thropp,,,,Charles Thropp,deed
Eldon,Thropp,,,,Eldon Thropp,deed
Isaiah,Thropp,,,,Isaiah Thropp,deed
Joseph,Thropp,,,,Joseph Thropp,deed
Joseph E.,Thropp,,,,Joseph E. Thropp,deed
Alexander,Todd,,,,Alexander Todd,deed
David,Todd,,,,David Todd,deed|neighbor
John,Todd,,,,John Todd,deed
Margaret,Todd,,,,Margaret Todd,deed
Martha,Todd,,,,Martha Todd,deed
Mary,Todd,,,,Mary Todd,deed
Robert,Todd,,,,Robert Todd,deed|neighbor
Roger,Todd,,,,Roger Todd,neighbor
Michael,Towers,,,,Michael Towers,deed
Elizabeth,Townsend,,,,Elizabeth Townsend,deed
Roger,Townsend,,,,Roger Townsend,deed
Maria,Tracy,,,,Maria Tracy,deed
Samuel,Tracy,,,,Samuel Tracy,deed
Albert,Trainer,,,,Albert Trainer,deed
Bartholomew,Trainer,,,,Bartholomew Trainer,deed
James,Trego,,,,James Trego,deed|neighbor|patent
Hugh,Tress,,,,Hugh Tress,deed
Thomas,Tress,,,,Thomas Tress,deed
Mary,Truman,,,,Mary Truman,deed
Andrew,Turk,,,,Andrew Turk,deed|neighbor
Jacob,Turk,,,,Jacob Turk,neighbor
Margaret,Turk,,,,Margaret Turk,deed
Joseph,Turner,,,,Joseph Turner,deed
Peter,Turner,,,,Peter Turner,deed
Robert,Turner,,,,Robert Turner,deed
Jones,Tustin,,,,Jones Tustin,deed
Edward,Twaddell,,,,Edward Twaddell,deed
Susan,Twaddell,,,,Susan Twaddell,deed
Annie,Tyrell,,,,Annie Tyrell,deed
William,Tyrell,,,,William Tyrell,deed
Barbara,Tyson,,,,Barbara Tyson,deed
Catherine,Tyson,,,Catharine Tyson,Catharine Tyson|Catherine Tyson,deed
Cornelius,Tyson,,,,Cornelius Tyson,deed
Mathias,Tyson,,,,Mathias Tyson,deed
Matthias,Tyson,,,,Matthias Tyson,deed
Eleanor,Ulman,,,,Eleanor Ulman,deed
Lewis,Ulman,,,,Lewis Ulman,deed
John,Umpleby,,,,John Umpleby,deed
William,Umpleby,,,,William Umpleby,deed|neighbor
Ann,Umstad,,,,Ann Umstad,deed
John,Umstad,,,,John Umstad,deed|neighbor
John,Umstead,,,,John Umstead,neighbor
Isabel,Umsted,,,Isabella Umsted,Isabella Umsted,deed
John,Umsted,,,,John Umsted,deed
David,Upperman,,,,David Upperman,deed
John,Upperman,,,,John Upperman,deed|neighbor
Joseph,Upperman,,,,Joseph Upperman,deed
Susanna,Upperman,,,Susannah Upperman,Susannah Upperman,deed
Joseph,Valentine,,,,Joseph Valentine,deed
A. Murray,Vanderslice,,,,A. Murray Vanderslice,deed
Abigail,Vanderslice,,,,Abigail Vanderslice,deed
Addison,Vanderslice,,,,Addison Vanderslice,deed
Benjamin,Vanderslice,,,,Benjamin Vanderslice,deed
Deborah,Vanderslice,,,,Deborah Vanderslice,deed
Elizabeth,Vanderslice,,,,Elizabeth Vanderslice,deed
Fannie,Vanderslice,,,,Fannie Vanderslice,deed
Jacob,Vanderslice,,,,Jacob Vanderslice,deed|neighbor
John,Vanderslice,,,,John Vanderslice,deed|neighbor
Lydia,Vanderslice,,,,Lydia Vanderslice,deed
Marcus,Vanderslice,,,,Marcus Vanderslice,deed
Margarett,Vanderslice,,,,Margarett Vanderslice,deed
Mary,Vanderslice,,,,Mary Vanderslice,deed|neighbor
Mira,Vanderslice,,,,Mira Vanderslice,deed
Sarah,Vanderslice,,,,Sarah Vanderslice,deed
Thomas,Vanderslice,,,,Thomas Vanderslice,deed
John,Vanderwald,,,,John Vanderwald,neighbor
Bernard,Vanhorn,,,,Bernard Vanhorn,deed
Jane,Vanhorn,,,,Jane Vanhorn,deed
Catherine,Varley,,,Catharine Varley,Catharine Varley|Catherine Varley,deed|neighbor
Jacob,Varley,,,,Jacob Varley,deed|neighbor
John,Varley,,,,John Varley,deed|neighbor|quit rent
Magdalena,Varley,,,,Magdalena Varley,deed
Mary,Varley,,,,Mary Varley,deed|neighbor
Philip,Varley,,,,Philip Varley,deed|neighbor
William,Vaux,,,,William Vaux,deed
Mathias,Vincent,,,,Mathias Vincent,deed
Jacob,Vogdees,,,,Jacob Vogdees,deed
Mary,Vogdees,,,,Mary Vogdees,deed
Jacob,Vogdes,,,,Jacob Vogdes,deed|neighbor
Mary,Vogdes,,,,Mary Vogdes,deed
John,Vonderweid,,,,John Vonderweid,deed
Horatio,Wade,,,,Horatio Wade,deed
Christian,Waggoner,,,,Christian Waggoner,deed
Jacob,Waggoner,,,,Jacob Waggoner,deed
Philip,Waggoner,,,,Philip Waggoner,neighbor
Sebastian,Waggoner,,,,Sebastian Waggoner,deed|neighbor
Alice,Wagner,,,,Alice Wagner,deed
Bastian,Wagner,,,,Bastian Wagner,deed
George,Wagner,,,,George Wagner,deed
Jacob,Wagner,,,,Jacob Wagner,deed
Rebeckah,Wagner,,,,Rebeckah Wagner,deed
Sebastian,Wagner,,,,Sebastian Wagner,deed
John,Wagoner,,,,John Wagoner,neighbor
Joseph,Wagoner,,,,Joseph Wagoner,deed
Daniel,Walker,,,,Daniel Walker,deed|neighbor
Emma,Walker,,,,Emma Walker,deed
Enoch,Walker,,,,Enoch Walker,deed|neighbor
Isabel,Walker,,,Isabella Walker,Isabella Walker,deed
Margaret,Walker,,,,Margaret Walker,deed
Phebe,Walker,,,,Phebe Walker,deed
Richard,Walker,,,,Richard Walker,deed
Sarah,Walker,,,,Sarah Walker,deed
Thomas,Walker,,,,Thomas Walker,deed
Henry,Walkinhood,,,,Henry Walkinhood,deed
Margaret,Walkinhood,,,,Margaret Walkinhood,deed
Jacob,Wallace,,,,Jacob Wallace,neighbor
James,Wallace,,,,James Wallace,deed
Daniel,Walleigh,,,,Daniel Walleigh,deed
Sarah,Walleigh,,,,Sarah Walleigh,deed
Samuel,Walley,,,,Samuel Walley,deed
Robert,Waln,,,,Robert Waln,deed
Mary,Walters,,,,Mary Walters,deed
Thomas,Wamsley,,,,Thomas Wamsley,deed
Mary,Ward,,,,Mary Ward,deed
Patrick,Ward,,,,Patrick Ward,deed
Dorothy,Warner,,,,Dorothy Warner,deed
Eliza,Warnock,,,,Eliza Warnock,deed
William,Warnock,,,,William Warnock,deed
Charles,Warren,,,,Charles Warren,deed
George,Warren,,,,George Warren,deed
Mary,Warren,,,,Mary Warren,deed
John,Watson,,,,John Watson,deed
Margaret,Watson,,,,Margaret Watson,deed
Isaac,Wayne,,,,Isaac Wayne,deed|neighbor
Rebecca,Wayne,,,,Rebecca Wayne,deed
Ruth Ann,Wayne,,,,Ruth Ann Wayne,deed
William,Wayne,,,,William Wayne,deed
Joshua,Weaver,,,,Joshua Weaver,deed
Elizabeth,Weed,,,,Elizabeth Weed,deed
George,Weed,,,,George Weed|George Weed 1,deed
James,Weedon,,,,James Weedon,deed
William,Weightman,,,,William Weightman,deed
Elizabeth,Weisner,,,,Elizabeth Weisner,deed
John,Welch,,,,John Welch,deed
Anna,Wells,,,,Anna Wells,deed
Catherine,Wells,,,Catharine Wells,Catharine Wells,deed
Elizabeth,Wells,,,,Elizabeth Wells,deed
Encoh,Wells,,,,Encoh Wells,deed
Enoch,Wells,,,,Enoch Wells,deed|neighbor
Jesse,Wells,,,,Jesse Wells,deed
John,Wells,,,,John Wells,deed|neighbor
John K.,Wells,,,,John K. Wells,deed
Jonathan,Wells,,,,Jonathan Wells,deed|neighbor
Lewis,Wells,,,,Lewis Wells,deed
Lydia,Wells,,,,Lydia Wells,deed
Margaret,Wells,,,,Margaret Wells,deed
Mary,Wells,,,,Mary Wells,deed
Peter,Wells,,,,Peter Wells,deed
Sarah,Wells,,,,Sarah Wells,deed
William,Wells,,,,William Wells,deed
John,Welsh,,,,John Welsh,deed
Josephine,Welsh,,,,Josephine Welsh,deed
Samuel,Welsh,,,,Samuel Welsh,deed
Elizabeth,Wentz,,,,Elizabeth Wentz,deed
Isabel,Wentz,,,Isabella Wentz,Isabella Wentz,deed
Thomas,Wentz,,,,Thomas Wentz,deed
Elizabeth,Wernwag,,,,Elizabeth Wernwag,deed
Lewis,Wernwag,,,,Lewis Wernwag,deed
Barbara,Wersler,,,,Barbara Wersler,deed
Catherine,Wersler,,,Catharine Wersler,Catharine Wersler,deed
Elijah,Wersler,,,,Elijah Wersler,deed
Elizabeth,Wersler,,,,Elizabeth Wersler,deed
George,Wersler,,,,George Wersler,deed|neighbor
Henry,Wersler,,,,Henry Wersler,deed
Jacob,Wersler,,,,Jacob Wersler,deed|neighbor
John,Wersler,,,,John Wersler,deed|neighbor
John G.,Wersler,,,,John G. Wersler,deed
Margaret,Wersler,,,,Margaret Wersler,deed
Maria,Wersler,,,,Maria Wersler,deed
Milton,Wersler,,,,Milton Wersler,deed
William,Wersler,,,,William Wersler,deed
Daniel,West,,,,Daniel West,neighbor
David,West,,,,David West,deed
Elizabeth,West,,,,Elizabeth West,deed
Casper,Westler,,,,Casper Westler,deed
Catherine,Westler,,,Catharine Westler,Catharine Westler,deed
Caroline,Wetherill,,,,Caroline Wetherill,deed
Edward,Wetherill,,,,Edward Wetherill,deed
John,Wetherill,,,,John Wetherill,deed
Mary,Wetherill,,,,Mary Wetherill,deed
Arthur,Wheatley,,,,Arthur Wheatley,deed
Charles,Wheatley,,,,Charles Wheatley,deed
Jane,Wheatley,,,,Jane Wheatley,deed
Martha,Wheatley,,,,Martha Wheatley,deed
Abraham,Whisler,,,,Abraham Whisler,deed|neighbor
Andrew,Whisler,,,,Andrew Whisler,deed
Christian,Whisler,,,,Christian Whisler,neighbor
Francis,Whisler,,,,Francis Whisler,deed
Henry,Whisler,,,,Henry Whisler,deed
Jacob,Whisler,,,,Jacob Whisler,deed
John,Whisler,,,,John Whisler,neighbor
John Wolf,Whisler,,,,John Wolf Whisler,deed
Joseph,Whisler,,,,Joseph Whisler,deed
Joshua,Whisler,,,,Joshua Whisler,deed
Magdalen,Whisler,,,,Magdalen Whisler,deed
Mary,Whisler,,,,Mary Whisler,deed
David,Whitaker,,,,David Whitaker,deed
Grace,Whitaker,,,,Grace Whitaker,deed
James,Whitaker,,,,James Whitaker,deed
Joseph,Whitaker,,,,Joseph Whitaker,deed
Samuel,Whitaker,,,,Samuel Whitaker,deed
Sarah,Whitaker,,,,Sarah Whitaker,deed
William,Whitby,,,,William Whitby,deed
James,White,,,,James White,deed|neighbor
Robert,White,,,,Robert White,deed
Davis,Whitting,,,,Davis Whitting,deed
Christina,Widdess,,,,Christina Widdess,deed
Thomas,Widdess,,,,Thomas Widdess,deed
Joseph,Wilcox,,,,Joseph Wilcox,deed|neighbor
John,Wilkinson,,,,John Wilkinson,deed
Abraham,Williams,,,,Abraham Williams,deed
B. F.,Williams,,,,B. F. Williams,deed
Daniel,Williams,,,,Daniel Williams,deed
David,Williams,,,,David Williams,deed|neighbor
David B.,Williams,,,,David B. Williams,deed
Davis,Williams,,,,Davis Williams,deed
James,Williams,,,,James Williams,deed|patent|quit rent
Johanthan,Williams,,,,Johanthan Williams,deed
John,Williams,,,,John Williams,deed|neighbor
Joseph,Williams,,,,Joseph Williams,deed
Letitia,Williams,,,,Letitia Williams,deed|neighbor|patent
Lewis,Williams,,,,Lewis Williams,deed|neighbor
Margaret,Williams,,,,Margaret Williams,deed
Mary,Williams,,,,Mary Williams,deed
Rachel,Williams,,,,Rachel Williams,deed
Rebecca,Williams,,,,Rebecca Williams,deed
Samuel,Williams,,,,Samuel Williams,deed
Sarah,Williams,,,,Sarah Williams,deed
Thomas,Williams,,,,Thomas Williams,deed
W. S.,Williams,,,,W. S. Williams,deed
Walker,Williams,,,,Walker Williams,deed
William K.,Williams,,,,William K. Williams,deed
Mary,Williamson,,,,Mary Williamson,deed
Thomas,Williamson,,,,Thomas Williamson,deed
William,Williamson,,,,William Williamson,deed
Alexander,Wilson,,,,Alexander Wilson,deed
Andrew,Wilson,,,,Andrew Wilson,deed
Annie H.,Wilson,,,,Annie H. Wilson,deed
David,Wilson,,,,David Wilson,deed
Isaac,Wilson,,,,Isaac Wilson,deed
James,Wilson,,,,James Wilson,deed
John,Wilson,,,,John Wilson,deed
Lawrence,Wilson,,,,Lawrence Wilson,deed|neighbor
Phebe,Wilson,,,,Phebe Wilson,deed
Rachel,Wilson,,,,Rachel Wilson,deed
Sarah,Wilson,,,,Sarah Wilson,deed
John,Wirtz,,,,John Wirtz,deed
Mary,Wirtz,,,,Mary Wirtz,deed
Ephraim,Wismer,,,,Ephraim Wismer,deed
Henry,Wismer,,,,Henry Wismer,deed
Jacob,Wismer,,,,Jacob Wismer,deed
John,Wismer,,,,John Wismer,deed
Margaret,Wismer,,,,Margaret Wismer,deed
Joseph,Witham,,,,Joseph Witham,deed
Deborah,Wood,,,,Deborah Wood,deed
James,Wood,,,,James Wood,deed|neighbor
Abishai,Woodman,,,,Abishai Woodman,deed
Henry,Woodman,,,,Henry Woodman,deed
William,Woolerton,,,,William Woolerton,deed
Ann,Workizer,,,,Ann Workizer,deed
John,Workizer,,,,John Workizer,deed
Sarah,Workizer,,,,Sarah Workizer,deed
Caroline,Worthington,,,,Caroline Worthington,deed
Lewis,Worthington,,,,Lewis Worthington,deed
Philip,Wrapp,,,,Philip Wrapp,neighbor
Anna,Wright,,,,Anna Wright,deed
George,Wright,,,,George Wright,deed
Joseph,Wright,,,,Joseph Wright,deed
Marietta,Wright,,,,Marietta Wright,deed
John,Wurtz,,,,John Wurtz,neighbor
William,Yardley,,,,William Yardley,deed
Jane,Yarnall,,,,Jane Yarnall,deed
John,Yarnall,,,,John Yarnall,deed|neighbor
Mahalaleel,Yarnall,,,,Mahalaleel Yarnall,deed
John,Yeager,,,,John Yeager,deed
John,Yellis,,,,John Yellis,deed|neighbor
Frederick,Yost,,,,Frederick Yost,deed|neighbor
Mary,Yost,,,,Mary Yost,deed
Ann,Young,,,,Ann Young,deed
Anna,Young,,,,Anna Young,deed
David,Young,,,,David Young,deed
George,Young,,,,George Young,deed
Oliver,Young,,,,Oliver Young,deed
Peter,Young,,,,Peter Young,deed|neighbor
Phebe,Young,,,,Phebe Young,deed
Sophia,Young,,,,Sophia Young,deed
John,Youngblood,,,,John Youngblood,deed|neighbor
Magdelena,Youngblood,,,,Magdelena Youngblood,deed
Esther,Zimmerman,,,,Esther Zimmerman,deed
Isaac,Zimmerman,,,,Isaac Zimmerman,deed
Jacob,Zimmerman,,,,Jacob Zimmerman,deed
Joshua,Zimmerman,,,,Joshua Zimmerman,deed
William,Zimmerman,,,,William Zimmerman,deed
Abraham,Zook,,,,Abraham Zook,deed
Barbara,Zook,,,,Barbara Zook,deed
David,Zook,,,,David Zook,deed
Elizabeth,Zook,,,,Elizabeth Zook,deed
Henry,Zook,,,,Henry Zook,deed
John,Zook,,,,John Zook,deed
Mary,Zook,,,,Mary Zook,deed
Robert,Zook,,,,Robert Zook,deed
