clipId,title,csvType,schemaType,action,sanityId,mappedKeywords,unmappedKeywords
GHF24,Glenhardie Farms (John R. K. Scott estate),Photograph,historicalImage,patched,sZarkGCWKodXiPseaTylBC,Tredyffrin; House; donation:60,
GHF25,Glenhardie Farms (John R. K. Scott estate),Photograph,historicalImage,patched,sZarkGCWKodXiPseaTyl8v,Tredyffrin; House; donation:60,
GHF26,Glenhardie Farms (John R. K. Scott estate),Photograph,historicalImage,patched,uBwiUtn9Wx8WqRIUPbPaXx,Tredyffrin; House; donation:60,
GHF27,Glenhardie Farms (John R. K. Scott estate),Photograph,historicalImage,patched,sZarkGCWKodXiPseaTylUu,Tredyffrin; House; donation:60,
GHF28,Glenhardie Farms (John R. K. Scott estate),Photograph,historicalImage,patched,uBwiUtn9Wx8WqRIUPbPcJV,Tredyffrin; House; donation:60,
GHF29,Glenhardie Farms (John R. K. Scott estate),Photograph,historicalImage,patched,otUyWOFVcxQBV4wYWi6VEJ,Tredyffrin; House; donation:60,
GHF31,Glenhardie Farms (John R. K. Scott estate),Photograph,historicalImage,patched,otUyWOFVcxQBV4wYWi6Wnb,Tredyffrin; House; donation:60,
GHF30,Glenhardie Farms (John R. K. Scott estate),Photograph,historicalImage,patched,sZarkGCWKodXiPseaTylkp,Tredyffrin; House; donation:60,
GHF32,Glenhardie Farms (John R. K. Scott estate),Photograph,historicalImage,patched,uBwiUtn9Wx8WqRIUPbPdZ6,Tredyffrin; House; donation:60,
GHF34,Glenhardie Farms (John R. K. Scott estate),Photograph,historicalImage,patched,sZarkGCWKodXiPseaTym2G,Tredyffrin; donation:60,Bridge
GHF35,Glenhardie Farms (John R. K. Scott estate),Photograph,historicalImage,patched,uBwiUtn9Wx8WqRIUPbPefZ,Tredyffrin; House; donation:60,
GHF33,Glenhardie Farms (John R. K. Scott estate),Photograph,historicalImage,patched,uBwiUtn9Wx8WqRIUPbPeIk,Tredyffrin; House; donation:60,
GHF37,Glenhardie Farms (John R. K. Scott estate),Photograph,historicalImage,patched,uBwiUtn9Wx8WqRIUPbPfm2,Tredyffrin; House; donation:60,
GHF38,Glenhardie Farms (John R. K. Scott estate),Photograph,historicalImage,patched,sZarkGCWKodXiPseaTymDd,Tredyffrin; House; donation:60,
GHF36,Glenhardie Farms (John R. K. Scott estate),Photograph,historicalImage,patched,uBwiUtn9Wx8WqRIUPbPgMY,Tredyffrin; House; donation:60,
GHF39,Glenhardie Farms (John R. K. Scott estate),Photograph,historicalImage,patched,uBwiUtn9Wx8WqRIUPbQBQm,Tredyffrin; House; donation:60,
GHF40,Glenhardie Farms (John R. K. Scott estate),Photograph,historicalImage,patched,sZarkGCWKodXiPseaTymOF,Tredyffrin; donation:60,Bridge
GHF41,Glenhardie Farms (John R. K. Scott estate),Photograph,historicalImage,patched,otUyWOFVcxQBV4wYWi6YQF,Tredyffrin; House; donation:60,
GHF43,Glenhardie Farms (John R. K. Scott estate),Photograph,historicalImage,patched,sZarkGCWKodXiPseaTyn3w,Tredyffrin; House; donation:60,
GHF44,Glenhardie Farms (John R. K. Scott estate),Photograph,historicalImage,patched,sZarkGCWKodXiPseaTyr98,Tredyffrin; House; donation:60,
GHF42,Glenhardie Farms (John R. K. Scott estate),Photograph,historicalImage,patched,uBwiUtn9Wx8WqRIUPbPkBu,Tredyffrin; House; donation:60,
GLH01,Golder-Langerhans House,Photograph,historicalImage,patched,sZarkGCWKodXiPseaTyrfj,Tredyffrin; House; donation:60,
GLH02,Golder-Langerhans House,Photograph,historicalImage,patched,otUyWOFVcxQBV4wYWi7Ag7,Tredyffrin; House; donation:60,
GHF45,Glenhardie Farms (John R. K. Scott estate),Photograph,historicalImage,patched,sZarkGCWKodXiPseaTyrER,Tredyffrin; House; donation:60,
HDW01,H. Drake Williams House,Photograph,historicalImage,patched,uBwiUtn9Wx8WqRIUPbQDdi,Tredyffrin; House; donation:60,
GLH03,Golder-Langerhans House,Photograph,historicalImage,patched,uBwiUtn9Wx8WqRIUPbQD3C,Tredyffrin; House; donation:60,
GLH04,Golder-Langerhans House,Photograph,historicalImage,patched,uBwiUtn9Wx8WqRIUPbQE56,Tredyffrin; House; donation:60,
HDW03,H. Drake Williams House,Photograph,historicalImage,patched,sZarkGCWKodXiPseaTysoz,Tredyffrin; House; donation:60,
HDW04,H. Drake Williams House,Photograph,historicalImage,patched,uBwiUtn9Wx8WqRIUPbQFPG,Tredyffrin; House; donation:60,
HDW02,H. Drake Williams House,Photograph,historicalImage,patched,sZarkGCWKodXiPseaTysiA,Tredyffrin; House; donation:60,
HSH02,D. Haven Scott House,Photograph,historicalImage,patched,otUyWOFVcxQBV4wYWi7EPb,Tredyffrin; House; donation:60,
HSH03,D. Haven Scott House,Photograph,historicalImage,patched,otUyWOFVcxQBV4wYWi7ECB,Tredyffrin; House; donation:60,
HSH01,D. Haven Scott House,Photograph,historicalImage,patched,otUyWOFVcxQBV4wYWi7DbH,Tredyffrin; House; donation:60,
HSH06,D. Haven Scott House,Photograph,historicalImage,patched,sZarkGCWKodXiPseaTytQ8,Tredyffrin; House; donation:60,
HSH04,D. Haven Scott House,Photograph,historicalImage,patched,sZarkGCWKodXiPseaTyt7B,Tredyffrin; House; donation:60,
HSH05,D. Haven Scott House,Photograph,historicalImage,patched,otUyWOFVcxQBV4wYWi7EqR,Tredyffrin; House; donation:60,
IHF01,Ivy Hollow Farm Tenant House,Photograph,historicalImage,patched,otUyWOFVcxQBV4wYWi7G5b,Tredyffrin; House; donation:60,
HSH07,D. Haven Scott House,Photograph,historicalImage,patched,otUyWOFVcxQBV4wYWi7F0V,Tredyffrin; House; donation:60,
IHF02,Ivy Hollow Farm Tenant House,Photograph,historicalImage,patched,sZarkGCWKodXiPseaTytlM,Tredyffrin; House; donation:60,
IHF05,Ivy Hollow Farm Tenant House,Photograph,historicalImage,patched,uBwiUtn9Wx8WqRIUPbQMqH,Tredyffrin; House; donation:60,
IHF03,Ivy Hollow Farm Tenant House,Photograph,historicalImage,patched,uBwiUtn9Wx8WqRIUPbQKr2,Tredyffrin; House; donation:60,
IHF04,Ivy Hollow Farm Tenant House,Photograph,historicalImage,patched,otUyWOFVcxQBV4wYWi7GgV,Tredyffrin; House; donation:60,
IHF08,Ivy Hollow Farm Tenant House,Photograph,historicalImage,patched,otUyWOFVcxQBV4wYWi7HYB,Tredyffrin; House; donation:60,
IHF06,Ivy Hollow Farm Tenant House,Photograph,historicalImage,patched,uBwiUtn9Wx8WqRIUPbQND6,Tredyffrin; House; donation:60,
IHF07,Ivy Hollow Farm Tenant House,Photograph,historicalImage,patched,uBwiUtn9Wx8WqRIUPbQPmr,Tredyffrin; House; donation:60,
JBH04,James Beattie House,Photograph,historicalImage,patched,uBwiUtn9Wx8WqRIUPbQRcy,Tredyffrin; House; donation:60,
JBH03,James Beattie House,Photograph,historicalImage,patched,uBwiUtn9Wx8WqRIUPbQQ57,Tredyffrin; House; donation:60,
JBH05,James Beattie House,Photograph,historicalImage,patched,otUyWOFVcxQBV4wYWi7JiN,Tredyffrin; House; donation:60,
JBH6,James Beattie House,Photograph,historicalImage,patched,otUyWOFVcxQBV4wYWi7Jp5,Tredyffrin; House; donation:60,
JBH07,James Beattie House,Photograph,historicalImage,patched,otUyWOFVcxQBV4wYWi7KdP,Tredyffrin; House; donation:60,
JBH08,James Beattie House,Photograph,historicalImage,patched,otUyWOFVcxQBV4wYWi7KPz,Tredyffrin; House; donation:60,
JBH09,James Beattie House,Photograph,historicalImage,patched,sZarkGCWKodXiPseaTyudB,Tredyffrin; House; donation:60,
JBH10,James Beattie House,Photograph,historicalImage,patched,uBwiUtn9Wx8WqRIUPbQUnF,Tredyffrin; House; donation:60,
JBH11,James Beattie House,Photograph,historicalImage,patched,sZarkGCWKodXiPseaTyuiU,Tredyffrin; House; donation:60,
JDH01,Jesse Dice House,Photograph,historicalImage,patched,sZarkGCWKodXiPseaTyv0g,Tredyffrin; House; donation:60,
JBH12,James Beattie House,Photograph,historicalImage,patched,uBwiUtn9Wx8WqRIUPbQV5V,Tredyffrin; House; donation:60,
JDH02,Jesse Dice House,Photograph,historicalImage,patched,uBwiUtn9Wx8WqRIUPbQWGX,Tredyffrin; House; donation:60,
JDH04,Jesse Dice House,Photograph,historicalImage,patched,uBwiUtn9Wx8WqRIUPbQZ8Y,Tredyffrin; House; donation:60,
JDH05,Jesse Dice House,Photograph,historicalImage,patched,otUyWOFVcxQBV4wYWi7OMt,Tredyffrin; House; donation:60,
JDH03,Jesse Dice House,Photograph,historicalImage,patched,otUyWOFVcxQBV4wYWi7Mxf,Tredyffrin; House; donation:60,
JDH06,Jesse Dice House,Photograph,historicalImage,patched,uBwiUtn9Wx8WqRIUPbQZj4,Tredyffrin; House; donation:60,
JDH07,Jesse Dice House,Photograph,historicalImage,patched,uBwiUtn9Wx8WqRIUPbQaXH,Tredyffrin; House; donation:60,
JDH08,Jesse Dice House,Photograph,historicalImage,patched,uBwiUtn9Wx8WqRIUPbQaky,Tredyffrin; House; donation:60,
LPF02,Listopada Farm,Photograph,historicalImage,patched,uBwiUtn9Wx8WqRIUPbQcfe,Tredyffrin; House; donation:60,
JDH09,Jesse Dice House,Photograph,historicalImage,patched,sZarkGCWKodXiPseaTyvdL,Tredyffrin; House; donation:60,
LPF01,Listopada Farm,Photograph,historicalImage,patched,otUyWOFVcxQBV4wYWi7QN1,Tredyffrin; House; donation:60,
LPF04,Listopada Farm,Photograph,historicalImage,patched,uBwiUtn9Wx8WqRIUPbQeaK,Tredyffrin; House; donation:60,
LPF03,Listopada Farm,Photograph,historicalImage,patched,sZarkGCWKodXiPseaTyvxo,Tredyffrin; House; donation:60,
LPF05,Listopada Farm,Photograph,historicalImage,patched,otUyWOFVcxQBV4wYWi7RLP,Tredyffrin; House; donation:60,
LPF08,Listopada Farm,Photograph,historicalImage,patched,otUyWOFVcxQBV4wYWi7SQV,Tredyffrin; House; donation:60,
LPF07,Listopada Farm,Photograph,historicalImage,patched,uBwiUtn9Wx8WqRIUPbQgLs,Tredyffrin; House; donation:60,
LPF06,Listopada Farm,Photograph,historicalImage,patched,sZarkGCWKodXiPseaTywHW,Tredyffrin; House; donation:60,
MEN03,Diamond Rock Mennonite Cemetery,Photograph,historicalImage,patched,uBwiUtn9Wx8WqRIUPbQidN,Tredyffrin; Church; donation:60,
LPF09,Listopada Farm,Photograph,historicalImage,patched,uBwiUtn9Wx8WqRIUPbQgnG,Tredyffrin; House; donation:60,
LPF10,Listopada Farm,Photograph,historicalImage,patched,sZarkGCWKodXiPseaTywpd,Tredyffrin; House; donation:60,
MEN05,Diamond Rock Mennonite Cemetery,Photograph,historicalImage,patched,uBwiUtn9Wx8WqRIUPbQkFn,Tredyffrin; Church; donation:60,
MEN04,Diamond Rock Mennonite Cemetery,Photograph,historicalImage,patched,uBwiUtn9Wx8WqRIUPbQi2r,Tredyffrin; Church; donation:60,
MEN06,Diamond Rock Mennonite Cemetery,Photograph,historicalImage,patched,otUyWOFVcxQBV4wYWi7VcR,Tredyffrin; Church; donation:60,
MEN07,Diamond Rock Mennonite Cemetery,Photograph,historicalImage,patched,otUyWOFVcxQBV4wYWi7VP1,Tredyffrin; Church; donation:60,
MEN08,Diamond Rock Mennonite Cemetery,Photograph,historicalImage,patched,otUyWOFVcxQBV4wYWi7Wap,Tredyffrin; Church; donation:60,
MEN09,Diamond Rock Mennonite Cemetery,Photograph,historicalImage,patched,uBwiUtn9Wx8WqRIUPbQlsD,Tredyffrin; Church; donation:60,
MIH04,Mifflin House,Photograph,historicalImage,patched,otUyWOFVcxQBV4wYWi7Xfv,Tredyffrin; House; donation:60,
MIH03,Mifflin House,Photograph,historicalImage,patched,otUyWOFVcxQBV4wYWi7XVr,Tredyffrin; House; donation:60,
MEN10,Diamond Rock Mennonite Cemetery,Photograph,historicalImage,patched,uBwiUtn9Wx8WqRIUPbQlVO,Tredyffrin; Church; donation:60,
MIH06,Mifflin House,Photograph,historicalImage,patched,otUyWOFVcxQBV4wYWi7YXb,Tredyffrin; House; donation:60,
MIH05,Mifflin House,Photograph,historicalImage,patched,otUyWOFVcxQBV4wYWi7Xwh,Tredyffrin; House; donation:60,
MIH07,Mifflin House,Photograph,historicalImage,patched,otUyWOFVcxQBV4wYWi7Yhf,Tredyffrin; House; donation:60,
MIH10,Mifflin House,Photograph,historicalImage,patched,sZarkGCWKodXiPseaTyxm0,Tredyffrin; House; donation:60,
MIH08,Mifflin House,Photograph,historicalImage,patched,uBwiUtn9Wx8WqRIUPbQoNP,Tredyffrin; House; donation:60,
MIH09,Mifflin House,Photograph,historicalImage,patched,otUyWOFVcxQBV4wYWi7ZjP,Tredyffrin; House; donation:60,
MIH11,Mifflin House,Photograph,historicalImage,patched,sZarkGCWKodXiPseaTyxoH,Tredyffrin; House; donation:60,
MIH12,Mifflin House,Photograph,historicalImage,patched,sZarkGCWKodXiPseaTyxyt,Tredyffrin; House; donation:60,
MIH13,Mifflin House,Photograph,historicalImage,patched,otUyWOFVcxQBV4wYWi7bBz,Tredyffrin; House; donation:60,
MOH01,Mowbrey House,Photograph,historicalImage,patched,uBwiUtn9Wx8WqRIUPbQrT7,Tredyffrin; House; donation:60,
MOH03,Mowbrey House,Photograph,historicalImage,patched,sZarkGCWKodXiPseaTyyEo,Tredyffrin; House; donation:60,
MOH02,Mowbrey House,Photograph,historicalImage,patched,uBwiUtn9Wx8WqRIUPbQs3d,Tredyffrin; House; donation:60,
MOH05,Mowbrey House,Photograph,historicalImage,patched,otUyWOFVcxQBV4wYWi7ceZ,Tredyffrin; House; donation:60,
MOH06,Mowbrey House,Photograph,historicalImage,patched,sZarkGCWKodXiPseaTyyOf,Tredyffrin; House; donation:60,
MOH04,Mowbrey House,Photograph,historicalImage,patched,otUyWOFVcxQBV4wYWi7cKR,Tredyffrin; House; donation:60,
MOH07,Mowbrey House,Photograph,historicalImage,patched,otUyWOFVcxQBV4wYWi7djf,Tredyffrin; House; donation:60,
MOH09,Mowbrey House,Photograph,historicalImage,patched,otUyWOFVcxQBV4wYWi7ei3,Tredyffrin; House; donation:60,
MOH08,Mowbrey House,Photograph,historicalImage,patched,uBwiUtn9Wx8WqRIUPbQuGZ,Tredyffrin; House; donation:60,
MOH11,Mowbrey House,Photograph,historicalImage,patched,uBwiUtn9Wx8WqRIUPbQw27,Tredyffrin; House; donation:60,
MOH10,Mowbrey House,Photograph,historicalImage,patched,uBwiUtn9Wx8WqRIUPbQuve,Tredyffrin; House; donation:60,
PWF01,Pauling-Wedge Farm,Photograph,historicalImage,patched,otUyWOFVcxQBV4wYWi7fPf,Tredyffrin; House; donation:60,
PWF03,Pauling-Wedge Farm,Photograph,historicalImage,patched,otUyWOFVcxQBV4wYWi7gAd,Tredyffrin; House; donation:60,
PWF02,Pauling-Wedge Farm,Photograph,historicalImage,patched,otUyWOFVcxQBV4wYWi7fd5,Tredyffrin; House; donation:60,
PWF04,Pauling-Wedge Farm,Photograph,historicalImage,patched,sZarkGCWKodXiPseaTyyxX,Tredyffrin; House; donation:60,
PWF06,Pauling-Wedge Farm,Photograph,historicalImage,patched,otUyWOFVcxQBV4wYWi7hjv,Tredyffrin; House; donation:60,
PWF07,Pauling-Wedge Farm,Photograph,historicalImage,patched,otUyWOFVcxQBV4wYWi7htz,Tredyffrin; House; donation:60,
PWF05,Pauling-Wedge Farm,Photograph,historicalImage,patched,sZarkGCWKodXiPseaTyz1K,Tredyffrin; House; donation:60,
PWF10,Pauling-Wedge Farm,Photograph,historicalImage,patched,uBwiUtn9Wx8WqRIUPbR1Kl,Tredyffrin; House; donation:60,
PWF08,Pauling-Wedge Farm,Photograph,historicalImage,patched,sZarkGCWKodXiPseaTyzED,Tredyffrin; House; donation:60,
PWF09,Pauling-Wedge Farm,Photograph,historicalImage,patched,otUyWOFVcxQBV4wYWi7iUt,Tredyffrin; House; donation:60,
PWF13,Pauling-Wedge Farm,Photograph,historicalImage,patched,uBwiUtn9Wx8WqRIUPbR2jU,Tredyffrin; House; donation:60,
PWF12,Pauling-Wedge Farm,Photograph,historicalImage,patched,uBwiUtn9Wx8WqRIUPbR24P,Tredyffrin; House; donation:60,
PWF11,Pauling-Wedge Farm,Photograph,historicalImage,patched,otUyWOFVcxQBV4wYWi7jTH,Tredyffrin; House; donation:60,
PWF15,Pauling-Wedge Farm,Photograph,historicalImage,patched,otUyWOFVcxQBV4wYWi7lgp,Tredyffrin; House; donation:60,
PWF16,Pauling-Wedge Farm,Photograph,historicalImage,patched,otUyWOFVcxQBV4wYWi7mL5,Tredyffrin; House; donation:60,
PWF14,Pauling-Wedge Farm,Photograph,historicalImage,patched,uBwiUtn9Wx8WqRIUPbR3Xh,Tredyffrin; House; donation:60,
RHP01,Robert Holmes Page Tenant House,Photograph,historicalImage,patched,uBwiUtn9Wx8WqRIUPbR5Eg,Tredyffrin; House; donation:60,
RHP04,Robert Holmes Page Tenant House,Photograph,historicalImage,patched,uBwiUtn9Wx8WqRIUPbTfnt,Tredyffrin; House; donation:60,
RHP05,Robert Holmes Page Tenant House,Photograph,historicalImage,patched,sZarkGCWKodXiPseaTzUQn,Tredyffrin; House; donation:60,
RHP06,Robert Holmes Page Tenant House,Photograph,historicalImage,patched,otUyWOFVcxQBV4wYWiAVoR,Tredyffrin; House; donation:60,
RHP02,Robert Holmes Page Tenant House,Photograph,historicalImage,created,DRE1SbfpYuc3uqJSV9fceK,Tredyffrin; House; donation:60,
RHP03,Robert Holmes Page Tenant House,Photograph,historicalImage,created,tUgkK4x2jCQXvq6LzHrwXd,Tredyffrin; House; donation:60,
RWG02,R. Wellington Grant House,Photograph,historicalImage,patched,sZarkGCWKodXiPseaTzVQx,Tredyffrin; House; donation:60,
RWG03,R. Wellington Grant House,Photograph,historicalImage,patched,uBwiUtn9Wx8WqRIUPbTmD0,Tredyffrin; House; donation:60,
RWG01,R. Wellington Grant House,Photograph,historicalImage,patched,sZarkGCWKodXiPseaTzV8l,Tredyffrin; House; donation:60,
SAC03,Salem Church,Photograph,historicalImage,patched,otUyWOFVcxQBV4wYWiAZRD,Tredyffrin; Church; donation:60,
SAC05,Salem Church,Photograph,historicalImage,patched,otUyWOFVcxQBV4wYWiAan5,Tredyffrin; Church; donation:60,
SAC04,Salem Church,Photograph,historicalImage,patched,otUyWOFVcxQBV4wYWiAZed,Tredyffrin; Church; donation:60,
SAC08,Salem Church,Photograph,historicalImage,patched,GwxGgRaF5kKPrxYhbm5pZ1,Tredyffrin; Church; donation:60,
SAC07,Salem Church,Photograph,historicalImage,patched,GwxGgRaF5kKPrxYhbm5pQs,Tredyffrin; Church; donation:60,
SAC09,Salem Church,Photograph,historicalImage,patched,otUyWOFVcxQBV4wYWiAbvX,Tredyffrin; Church; donation:60,
SAC11,Salem Church Parsonage,Photograph,historicalImage,patched,sZarkGCWKodXiPseaTzWdF,Tredyffrin; Church; donation:60,
SAC10,Salem Church Parsonage,Photograph,historicalImage,patched,otUyWOFVcxQBV4wYWiAdRT,Tredyffrin; Church; donation:60,
SAC12,Salem Church Parsonage,Photograph,historicalImage,patched,Vu4Ew2eoVaKsyukvHDyHc3,Tredyffrin; Church; donation:60,
SAC13,Salem Church Parsonage,Photograph,historicalImage,patched,otUyWOFVcxQBV4wYWiAgPz,Tredyffrin; Church; donation:60,
SAC14,Salem Church Parsonage,Photograph,historicalImage,patched,sZarkGCWKodXiPseaTzWyT,Tredyffrin; Church; donation:60,
SAC15,Salem Church Cemetery,Photograph,historicalImage,patched,GwxGgRaF5kKPrxYhbm5rFH,Tredyffrin; Church; donation:60,
SAC16,Salem Church Cemetery,Photograph,historicalImage,patched,sZarkGCWKodXiPseaTzX8K,Tredyffrin; Church; donation:60,
SAC17,Salem Church Cemetery,Photograph,historicalImage,patched,sZarkGCWKodXiPseaTzXHQ,Tredyffrin; Church; donation:60,
SAL05,Salem School,Photograph,historicalImage,patched,otUyWOFVcxQBV4wYWiAiCh,Tredyffrin; School; donation:60,
SAL04,Salem School,Photograph,historicalImage,patched,uBwiUtn9Wx8WqRIUPbU2zi,Tredyffrin; School; donation:60,
SAC18,Salem Church,Photograph,historicalImage,patched,sZarkGCWKodXiPseaTzXKS,Tredyffrin; Church; donation:60,
SAL08,Salem School,Photograph,historicalImage,patched,Vu4Ew2eoVaKsyukvHDyOqB,Tredyffrin; School; donation:60,
SAL07,Salem School,Photograph,historicalImage,patched,sZarkGCWKodXiPseaTzXY6,Tredyffrin; School; donation:60,
SAL06,Salem School,Photograph,historicalImage,patched,GwxGgRaF5kKPrxYhbm5sVT,Tredyffrin; School; donation:60,
SAL10,Salem School,Photograph,historicalImage,patched,uBwiUtn9Wx8WqRIUPbU6Ng,Tredyffrin; School; donation:60,
SAL13,Salem School,Photograph,historicalImage,patched,sZarkGCWKodXiPseaTzXro,Tredyffrin; School; donation:60,
SAL09,Salem School,Photograph,historicalImage,patched,Vu4Ew2eoVaKsyukvHDyPrV,Tredyffrin; School; donation:60,
SAL14,Salem School,Photograph,historicalImage,patched,uBwiUtn9Wx8WqRIUPbU7GS,Tredyffrin; School; donation:60,
SJM02,St. Joseph Mission Chapel,Photograph,historicalImage,patched,GwxGgRaF5kKPrxYhbm5uVH,Tredyffrin; Church; donation:60,
SJM01,St. Joseph Mission Chapel,Photograph,historicalImage,patched,uBwiUtn9Wx8WqRIUPbU806,Tredyffrin; Church; donation:60,
SJM04,St. Joseph Mission Chapel,Photograph,historicalImage,patched,sZarkGCWKodXiPseaTzYHa,Tredyffrin; Church; donation:60,
SJM05,St. Joseph Mission Chapel,Photograph,historicalImage,patched,sZarkGCWKodXiPseaTzYf5,Tredyffrin; Church; donation:60,
SJM03,St. Joseph Mission Chapel,Photograph,historicalImage,patched,GwxGgRaF5kKPrxYhbm5unC,Tredyffrin; Church; donation:60,
SJM06,St. Joseph Mission Chapel,Photograph,historicalImage,patched,uBwiUtn9Wx8WqRIUPbUA8T,Tredyffrin; Church; donation:60,
SJM07,St. Joseph Mission Chapel,Photograph,historicalImage,patched,uBwiUtn9Wx8WqRIUPbUCLP,Tredyffrin; Church; donation:60,
SJM08,St. Joseph Mission Chapel,Photograph,historicalImage,patched,sZarkGCWKodXiPseaTzYwW,Tredyffrin; Church; donation:60,
SWH01,Jones - Page- Sware house,Photograph,historicalImage,patched,sZarkGCWKodXiPseaTzZKm,Tredyffrin; House; donation:60,
SJM10,St. Joseph Mission Chapel,Photograph,historicalImage,patched,sZarkGCWKodXiPseaTzZ6N,Tredyffrin; Church; donation:60,
SJM09,St. Joseph Mission Chapel,Photograph,historicalImage,patched,Vu4Ew2eoVaKsyukvHDyZ3P,Tredyffrin; Church; donation:60,
SWH02,Jones - Page- Sware house,Photograph,historicalImage,patched,otUyWOFVcxQBV4wYWiAt1f,Tredyffrin; House; donation:60,
SWH03,Jones - Page- Sware house,Photograph,historicalImage,patched,sZarkGCWKodXiPseaTzZeU,Tredyffrin; House; donation:60,
SWH04,Jones - Page- Sware house,Photograph,historicalImage,patched,Vu4Ew2eoVaKsyukvHDyb1B,Tredyffrin; House; donation:60,
SWH05,Jones - Page- Sware house,Photograph,historicalImage,patched,GwxGgRaF5kKPrxYhbm5wjk,Tredyffrin; House; donation:60,
SWH06,Jones - Page- Sware house,Photograph,historicalImage,patched,GwxGgRaF5kKPrxYhbm5wlN,Tredyffrin; House; donation:60,
TSH02,Thomas P. Stanton house,Photograph,historicalImage,patched,GwxGgRaF5kKPrxYhbm5wwm,Tredyffrin; House; donation:60,
TSH03,Thomas P. Stanton house,Photograph,historicalImage,patched,p5YjIL4hOgPmSHnXVPAuU6,Tredyffrin; House; donation:60,
TSH04,Thomas P. Stanton house,Photograph,historicalImage,patched,otUyWOFVcxQBV4wYWiAxwx,Tredyffrin; House; donation:60,
TSH05,Thomas P. Stanton house,Photograph,historicalImage,patched,uBwiUtn9Wx8WqRIUPbULKH,Tredyffrin; House; donation:60,
TSH06,Thomas P. Stanton house,Photograph,historicalImage,patched,sZarkGCWKodXiPseaTzajC,Tredyffrin; House; donation:60,
TSH01,Thomas P. Stanton house,Photograph,historicalImage,patched,sZarkGCWKodXiPseaTzaxb,Tredyffrin; House; donation:60,
TSH07,Thomas P. Stanton house,Photograph,historicalImage,patched,GwxGgRaF5kKPrxYhbm5xmu,Tredyffrin; House; donation:60,
WBH03,Walter Borig House,Photograph,historicalImage,patched,GwxGgRaF5kKPrxYhbm5yd2,Tredyffrin; House; donation:60,
WBH01,Walter Borig House,Photograph,historicalImage,patched,Vu4Ew2eoVaKsyukvHDygRH,Tredyffrin; House; donation:60,
WBH02,Walter Borig House,Photograph,historicalImage,patched,uBwiUtn9Wx8WqRIUPbUPfa,Tredyffrin; House; donation:60,
WBH04,Walter Borig House,Photograph,historicalImage,patched,uBwiUtn9Wx8WqRIUPbUQvB,Tredyffrin; House; donation:60,
WCH01,Wilson-Cox House,Photograph,historicalImage,patched,p5YjIL4hOgPmSHnXVPAwg2,Tredyffrin; House; donation:60,
WBH05,Walter Borig House,Photograph,historicalImage,patched,Vu4Ew2eoVaKsyukvHDyhqx,Tredyffrin; House; donation:60,
WCH04,Wilson-Cox House,Photograph,historicalImage,patched,p5YjIL4hOgPmSHnXVPAwzS,Tredyffrin; House; donation:60,
WCH03,Wilson-Cox House,Photograph,historicalImage,patched,sZarkGCWKodXiPseaTzbPe,Tredyffrin; House; donation:60,
WCH02,Wilson-Cox House,Photograph,historicalImage,patched,otUyWOFVcxQBV4wYWiB27H,Tredyffrin; House; donation:60,
WCH07,Wilson-Cox House,Photograph,historicalImage,patched,uBwiUtn9Wx8WqRIUPbUY8V,Tredyffrin; House; donation:60,
WCH06,Wilson-Cox House,Photograph,historicalImage,patched,uBwiUtn9Wx8WqRIUPbUXOr,Tredyffrin; House; donation:60,
WCH05,Wilson-Cox House,Photograph,historicalImage,patched,otUyWOFVcxQBV4wYWiB35f,Tredyffrin; House; donation:60,
WCH09,Wilson-Cox House,Photograph,historicalImage,patched,otUyWOFVcxQBV4wYWiB4lf,Tredyffrin; House; donation:60,
WPF01,Wheeler Page Farm,Photograph,historicalImage,patched,p5YjIL4hOgPmSHnXVPAxyU,Tredyffrin; House; donation:60,
WCH08,Wilson-Cox House,Photograph,historicalImage,patched,sZarkGCWKodXiPseaTzbeo,Tredyffrin; House; donation:60,
WPF03,Wheeler Page Farm,Photograph,historicalImage,patched,uBwiUtn9Wx8WqRIUPbUdVi,Tredyffrin; House; donation:60,
WPF02,Wheeler Page Farm,Photograph,historicalImage,patched,otUyWOFVcxQBV4wYWiB55n,Tredyffrin; House; donation:60,
WPF04,Wheeler Page Farm,Photograph,historicalImage,patched,GwxGgRaF5kKPrxYhbm60ul,Tredyffrin; House; donation:60,
WPF05,Wheeler Page Farm,Photograph,historicalImage,patched,p5YjIL4hOgPmSHnXVPAyJI,Tredyffrin; House; donation:60,
WPF07,Wheeler Page Farm,Photograph,historicalImage,patched,uBwiUtn9Wx8WqRIUPbUfnD,Tredyffrin; House; donation:60,
WPF06,Wheeler Page Farm,Photograph,historicalImage,patched,uBwiUtn9Wx8WqRIUPbUfCh,Tredyffrin; House; donation:60,
WPF09,Wheeler Page Farm,Photograph,historicalImage,patched,Vu4Ew2eoVaKsyukvHDysh9,Tredyffrin; House; donation:60,
WPF10,Wheeler Page Farm,Photograph,historicalImage,patched,GwxGgRaF5kKPrxYhbm62HT,Tredyffrin; House; donation:60,
WPF08,Wheeler Page Farm,Photograph,historicalImage,patched,sZarkGCWKodXiPseaTzbx0,Tredyffrin; House; donation:60,
WPF11,Wheeler Page Farm,Photograph,historicalImage,patched,uBwiUtn9Wx8WqRIUPbUjKJ,Tredyffrin; House; donation:60,
WPF13,Wheeler Page Farm,Photograph,historicalImage,patched,GwxGgRaF5kKPrxYhbm62jA,Tredyffrin; House; donation:60,
WPF12,Wheeler Page Farm,Photograph,historicalImage,patched,GwxGgRaF5kKPrxYhbm62Xl,Tredyffrin; House; donation:60,
WPF14,Wheeler Page Farm,Photograph,historicalImage,patched,GwxGgRaF5kKPrxYhbm64xd,Tredyffrin; House; donation:60,
WPF15,Wheeler Page Farm,Photograph,historicalImage,patched,Vu4Ew2eoVaKsyukvHDyvgF,Tredyffrin; House; donation:60,
WPF16,Wheeler Page Farm,Photograph,historicalImage,patched,otUyWOFVcxQBV4wYWiBCwF,Tredyffrin; House; donation:60,
WPF17,Wheeler Page Farm,Photograph,historicalImage,patched,uBwiUtn9Wx8WqRIUPbUoPG,Tredyffrin; House; donation:60,
WRB02,Wilson Road Bridge over unnamed tributary of Valley Creek,Photograph,historicalImage,patched,otUyWOFVcxQBV4wYWiBDhD,Tredyffrin; House; donation:60,
WRB01,Wilson Road Bridge over unnamed tributary of Valley Creek,Photograph,historicalImage,patched,Vu4Ew2eoVaKsyukvHDyxit,Tredyffrin; donation:60,Bridge
WRB05,Wilson Road Bridge over unnamed tributary of Valley Creek,Photograph,historicalImage,patched,Vu4Ew2eoVaKsyukvHDz2HP,Tredyffrin; donation:60,Bridge
WRB03,Wilson Road Bridge over unnamed tributary of Valley Creek,Photograph,historicalImage,patched,otUyWOFVcxQBV4wYWiBEYt,Tredyffrin; donation:60,Bridge
WRB04,Wilson Road Bridge over unnamed tributary of Valley Creek,Photograph,historicalImage,patched,Vu4Ew2eoVaKsyukvHDz1jJ,Tredyffrin; donation:60,Bridge
WRF02,Wreth-Forcini House,Photograph,historicalImage,patched,otUyWOFVcxQBV4wYWiBGcN,Tredyffrin; House; donation:60,
WRF01,Wreth-Forcini House,Photograph,historicalImage,patched,GwxGgRaF5kKPrxYhbm68qj,Tredyffrin; House; donation:60,
WRF03,Wreth-Forcini House,Photograph,historicalImage,patched,Vu4Ew2eoVaKsyukvHDz4FB,Tredyffrin; House; donation:60,
WRF06,Wreth-Forcini House,Photograph,historicalImage,patched,uBwiUtn9Wx8WqRIUPbVJus,Tredyffrin; House; donation:60,
WRF04,Wreth-Forcini House,Photograph,historicalImage,patched,GwxGgRaF5kKPrxYhbm69qd,Tredyffrin; House; donation:60,
WRF05,Wreth-Forcini House,Photograph,historicalImage,patched,otUyWOFVcxQBV4wYWiBYMl,Tredyffrin; House; donation:60,
WSH18,Walker Schoolhouse,Photograph,historicalImage,patched,otUyWOFVcxQBV4wYWiBcN1,Tredyffrin; School; donation:60,
WSH17,Walker Schoolhouse,Photograph,historicalImage,patched,sZarkGCWKodXiPseaTzi10,Tredyffrin; School; donation:60,
WSH19,Walker Schoolhouse,Photograph,historicalImage,patched,otUyWOFVcxQBV4wYWiBcxv,Tredyffrin; School; donation:60,
WSH20,Walker Schoolhouse,Photograph,historicalImage,patched,uBwiUtn9Wx8WqRIUPbVLyg,Tredyffrin; School; donation:60,
WSH21,Walker Schoolhouse,Photograph,historicalImage,patched,GwxGgRaF5kKPrxYhbm6HjL,Tredyffrin; School; donation:60,
WSH22,Walker Schoolhouse,Photograph,historicalImage,patched,GwxGgRaF5kKPrxYhbm6I9P,Tredyffrin; School; donation:60,
ACF01,Acker Farmhouse,Drawing,historicalImage,patched,sZarkGCWKodXiPseaTzita,Tredyffrin; House,
BE164,Old Hall - first Berwyn Town Hall,Drawing,historicalImage,patched,uBwiUtn9Wx8WqRIUPbVOd0,Easttown,Service
AIK02,Dr Aiken’s House,Drawing,historicalImage,patched,sZarkGCWKodXiPseaTzj7z,Easttown; House,
CCT01,An imagining of Cockletown,Drawing,historicalImage,patched,otUyWOFVcxQBV4wYWiBhP1,Tredyffrin,Place; donation:0
BKH08,Bake House,Drawing,historicalImage,patched,otUyWOFVcxQBV4wYWiBgah,Upper Merion; Cultural,
DRS25,Diamond Rock Schoolhouse,Painting,historicalImage,patched,sZarkGCWKodXiPseaTzjTD,Tredyffrin; School,
DRS27,Diamond Rock Schoolhouse,Woodcut,historicalImage,patched,sZarkGCWKodXiPseaTzjgr,Tredyffrin; School,
DRS26,Diamond Rock Schoolhouse,Drawing,historicalImage,patched,GwxGgRaF5kKPrxYhbm6K14,Tredyffrin; School,
DRS28,Diamond Rock Schoolhouse,Drawing,historicalImage,patched,GwxGgRaF5kKPrxYhbm6KeA,Tredyffrin; School,
DRS29,Diamond Rock Schoolhouse,Drawing,historicalImage,patched,sZarkGCWKodXiPseaTzjsz,Tredyffrin; School,
DRS30,"Accounts Ledger, Diamond Rock School",Photograph,historicalImage,patched,sZarkGCWKodXiPseaTzjqi,Tredyffrin; School,
DRT01,Drove Tavern,Drawing,historicalImage,patched,otUyWOFVcxQBV4wYWiBo71,Easttown; Inn,
GJI07,General Jackson Inn,Drawing,historicalImage,patched,sZarkGCWKodXiPseaTzkMY,Tredyffrin; Inn,
EPA01,Episcopal Academy,Drawing,historicalImage,patched,sZarkGCWKodXiPseaTzk7O,Easttown; School,
GJI08,General Jackson Inn,Drawing,historicalImage,patched,sZarkGCWKodXiPseaTzkI0,Tredyffrin; Inn,
RES01,"Account Ledger, Reeseville School",Drawing,historicalImage,patched,uBwiUtn9Wx8WqRIUPbVWHi,Tredyffrin; School,
GLS04,"Account Ledger, Glassley School",Drawing,historicalImage,patched,otUyWOFVcxQBV4wYWiBrFb,Easttown; School,
GPI09,General Paoli Inn,Drawing,historicalImage,patched,sZarkGCWKodXiPseaTzl4W,Tredyffrin; Inn,
GVB27,Rev. David Jones,Drawing,historicalImage,patched,GwxGgRaF5kKPrxYhbm6MZ5,Tredyffrin; Church,
GPI10,General Paoli Inn,Drawing,historicalImage,patched,GwxGgRaF5kKPrxYhbm6M7O,Tredyffrin; Inn,
GVP12,Great Valley Presbyterian Church,Drawing,historicalImage,patched,uBwiUtn9Wx8WqRIUPbVaha,Tredyffrin; Church,
GVB28,Great Valley Baptist Church,Drawing,historicalImage,patched,GwxGgRaF5kKPrxYhbm6Mdy,Tredyffrin; Church,
GVM15,Great Valley Mill,Drawing,historicalImage,patched,sZarkGCWKodXiPseaTzlff,Tredyffrin; Mill,
GVP14,Great Valley Presbyterian Church,Drawing,historicalImage,patched,sZarkGCWKodXiPseaTzmPu,Tredyffrin; Church,
HOS05,Howellville School,Photograph,historicalImage,patched,uBwiUtn9Wx8WqRIUPbVfUH,Tredyffrin; School,
GVP13,Great Valley Presbyterian Church,Drawing,historicalImage,patched,otUyWOFVcxQBV4wYWiBuz5,Tredyffrin; Church,
HOS06,Account Ledger - Howellville School,Drawing,historicalImage,patched,uBwiUtn9Wx8WqRIUPbVf7S,Tredyffrin; School,
IT18,"Three Bottle Inn, Malvern",Drawing,historicalImage,patched,otUyWOFVcxQBV4wYWiByHj,Willistown; Inn,
HOT05,Howellville Inn,Drawing,historicalImage,patched,otUyWOFVcxQBV4wYWiBxgp,Tredyffrin; Inn,
KNO06,Knox’s Quarters,Drawing,historicalImage,patched,sZarkGCWKodXiPseaTzo3U,Tredyffrin; House,
KCB36,Knox Covered Bridge,Drawing,historicalImage,patched,otUyWOFVcxQBV4wYWiBzTX,Tredyffrin,Road
KPI06,King of Prussia Inn,Drawing,historicalImage,patched,uBwiUtn9Wx8WqRIUPbVkiM,Upper Merion; Inn,
LAD01,Langdale,Drawing,historicalImage,patched,uBwiUtn9Wx8WqRIUPbVm2W,Easttown; House,
LEI01,Leopard Inn,Drawing,historicalImage,patched,otUyWOFVcxQBV4wYWiC2Oh,Easttown; Inn,
KPI07,King of Prussia Inn,Drawing,historicalImage,patched,otUyWOFVcxQBV4wYWiC16B,Upper Merion; Inn,
MAP01,Mannering,Drawing,historicalImage,patched,otUyWOFVcxQBV4wYWiC3kZ,Easttown; House,
OES08,Old Eagle School,Drawing,historicalImage,patched,sZarkGCWKodXiPseaTzpOs,Tredyffrin; School,
MZC06,Mount Zion Church,Drawing,historicalImage,patched,uBwiUtn9Wx8WqRIUPbVnjV,Tredyffrin; Church,
OES09,Old Eagle School,Drawing,historicalImage,patched,uBwiUtn9Wx8WqRIUPbVpLv,Tredyffrin; School,
OES10,Account Ledger - Old Eagle School,Drawing,historicalImage,patched,uBwiUtn9Wx8WqRIUPbVrdQ,Tredyffrin; School,
OLA48,Everhart Hotel,Drawing,historicalImage,patched,otUyWOFVcxQBV4wYWiC6cN,Business,
OLA51,"Kimber Hall, Kimberton",Drawing,historicalImage,patched,sZarkGCWKodXiPseaTzqDf,House,
OLA50,"Wyola School, Newtown Square",Drawing,historicalImage,patched,uBwiUtn9Wx8WqRIUPbVueZ,School,
OLA49,The Square Inn,Drawing,historicalImage,patched,otUyWOFVcxQBV4wYWiC8Bf,Inn,
OLA54,Merion Meeting House,Drawing,historicalImage,patched,otUyWOFVcxQBV4wYWiCAZH,Church,
OLA53,Pennsbury,Drawing,historicalImage,patched,uBwiUtn9Wx8WqRIUPbVymB,House,
OLA52,Uwchlan Meeting House,Drawing,historicalImage,patched,uBwiUtn9Wx8WqRIUPbVwQ7,Church,
OLA57,Hershey’s Mill Meeting House,Drawing,historicalImage,patched,sZarkGCWKodXiPseaTzrKe,Church,
OLA55,"Mill Grove, Audubon",Drawing,historicalImage,patched,uBwiUtn9Wx8WqRIUPbW01m,House,
OLA56,"Harriton, Bryn Mawr",Drawing,historicalImage,patched,sZarkGCWKodXiPseaTzr2S,House,
PLI01,Paoli Library,Drawing,historicalImage,patched,uBwiUtn9Wx8WqRIUPbW8Uh,Tredyffrin,Service
PA36,Toll Gate House,Drawing,historicalImage,patched,uBwiUtn9Wx8WqRIUPbW1il,Tredyffrin,Road
PSH03,Account Ledger- Presbyterian School,Drawing,historicalImage,patched,otUyWOFVcxQBV4wYWiCFhz,Tredyffrin; School,
SEI01,Spread Eagle Inn,Drawing,historicalImage,patched,uBwiUtn9Wx8WqRIUPbWD8G,Radnor; Inn,
SHT03,Springhouse Tavern,Drawing,historicalImage,patched,otUyWOFVcxQBV4wYWiCJlb,Easttown; Inn,
SBB09,Second Blue Ball Inn,Drawing,historicalImage,patched,uBwiUtn9Wx8WqRIUPbWDHO,Tredyffrin; Inn,
SPC18,Saint Peter’s Church in the Great Valley,Drawing,historicalImage,patched,otUyWOFVcxQBV4wYWiCKqh,Tredyffrin; Church,
SHT04,Springhouse Tavern,Drawing,historicalImage,patched,otUyWOFVcxQBV4wYWiCJvf,Easttown; Inn,
SPC19,Saint Peter’s Church in the Great Valley,Drawing,historicalImage,patched,uBwiUtn9Wx8WqRIUPbWJSo,Tredyffrin; Church,
SPT01,Sproxton,Drawing,historicalImage,patched,sZarkGCWKodXiPseaTztAM,Easttown; House,
STI12,Stirling’s Quarters,Drawing,historicalImage,patched,uBwiUtn9Wx8WqRIUPbWJJg,Tredyffrin; House,
STT01,Stage Tavern,Drawing,historicalImage,patched,uBwiUtn9Wx8WqRIUPbWKdq,Easttown; Inn,
TPC21,Trinity Presbyterian Church,Drawing,historicalImage,patched,uBwiUtn9Wx8WqRIUPbWLWc,Easttown; Church,
WHE01,Wharton Esherick Studio,Drawing,historicalImage,patched,sZarkGCWKodXiPseaTztkk,Tredyffrin; House,
WYS01,Wayne Schoolhouse,Drawing,historicalImage,patched,sZarkGCWKodXiPseaTztiT,Easttown; School,
WHQ34,Washington’s Headquarters,Drawing,historicalImage,patched,uBwiUtn9Wx8WqRIUPbWOcK,Upper Merion; House,
WHQ35,Kitchen at Washington’s Headquarters,Drawing,historicalImage,patched,otUyWOFVcxQBV4wYWiCR7r,Upper Merion; House,
BKH09,Old Stone Bridge and Washington Inn,postcard,historicalImage,patched,otUyWOFVcxQBV4wYWiCQdf,Inn; donation:30,
CFU01,U.S. Marine Corps Camp Fuller,photo,historicalImage,patched,sZarkGCWKodXiPseaTzuVk,Tredyffrin; Military; donation:30,
CFU02,U.S. Marine Corps Camp Fuller,photo,historicalImage,patched,uBwiUtn9Wx8WqRIUPbWQpG,Tredyffrin; Military; donation:30,
CFU03,U.S. Marine Corps Camp Fuller,photo,historicalImage,patched,sZarkGCWKodXiPseaTzue5,Tredyffrin; Military; donation:30,
CFU04,U.S. Marine Corps Camp Fuller,photo,historicalImage,patched,sZarkGCWKodXiPseaTzuqD,Tredyffrin; Military; donation:30,
FW07,Fort Washington,postcard,historicalImage,patched,otUyWOFVcxQBV4wYWiCWDD,Upper Merion; Military; donation:30,
DET01,Detwiler Barn?,postcard,historicalImage,patched,uBwiUtn9Wx8WqRIUPbWTFt,Tredyffrin; Farm; donation:30,
KAP03,Knox Artillery Park and School,postcard,historicalImage,patched,otUyWOFVcxQBV4wYWiCWhP,Upper Merion; Military; donation:30,
LAF13,Lafayette’s Quarters,postcard,historicalImage,patched,otUyWOFVcxQBV4wYWiCY9z,Tredyffrin; House; donation:20,
LAF12,Lafayette’s Quarters,postcard,historicalImage,patched,sZarkGCWKodXiPseaTzvKX,Tredyffrin; House; donation:20,
MAX22,Foot Bridge over Valley Creek (Philander Knox estate),postcard,historicalImage,patched,sZarkGCWKodXiPseaTzvf0,Tredyffrin; House; donation:20,
POS01,Patriotic Order of the Sons of America (POSA) Building,postcard,historicalImage,patched,otUyWOFVcxQBV4wYWiCYQl,Tredyffrin; House; donation:20,
MAX21,Foot Bridge over Valley Creek (Philander Knox estate),postcard,historicalImage,patched,sZarkGCWKodXiPseaTzvXQ,Tredyffrin; House; donation:20,
UFG11,"Upper Forge, Valley Forge",postcard,historicalImage,patched,otUyWOFVcxQBV4wYWiCZpz,Schuylkill; Business; donation:20,
POS02,Patriotic Order of the Sons of America (POSA) Building,postcard,historicalImage,patched,otUyWOFVcxQBV4wYWiCYux,Tredyffrin; House; donation:20,
UFG10,"Upper Forge, Valley Forge",postcard,historicalImage,patched,uBwiUtn9Wx8WqRIUPbWdvk,Schuylkill; donation:20,Place
VC08,Valley Creek,postcard,historicalImage,patched,sZarkGCWKodXiPseaTzwRW,Upper Merion; donation:40,Place
VAQ11,Varnum’s Quarters,postcard,historicalImage,patched,uBwiUtn9Wx8WqRIUPbWejx,Upper Merion; House; donation:30,
VC07,Valley Creek,postcard,historicalImage,patched,otUyWOFVcxQBV4wYWiCaNX,Upper Merion; donation:40,Place
VFP66,Reproduction of Soldier’s Hut,postcard,historicalImage,patched,sZarkGCWKodXiPseaTzwOU,Upper Merion; Military; donation:30,
WHQ36,Washington’s Headquarters,postcard,historicalImage,patched,otUyWOFVcxQBV4wYWiCc0B,Upper Merion; House; donation:20,
VFP67,View from Valley Forge Observation Tower looking southwest,postcard,historicalImage,patched,uBwiUtn9Wx8WqRIUPbWga4,Upper Merion; Business; donation:30,
BKH10,Washington Inn,postcard,historicalImage,patched,sZarkGCWKodXiPseaTzwhR,Upper Merion; Inn; donation:20,
WHQ37,Washington’s Headquarters,postcard,historicalImage,patched,uBwiUtn9Wx8WqRIUPbWjtT,Upper Merion; House; donation:20,
BKH11,Back of Washington Inn Postcard,postcard,historicalImage,patched,otUyWOFVcxQBV4wYWiCcvD,Upper Merion; Business; donation:20,
BKH13,Washington Inn,postcard,historicalImage,patched,uBwiUtn9Wx8WqRIUPbWl94,Upper Merion; Inn; donation:20,
PEO64,Rod Broadbelt,photo,historicalImage,patched,sZarkGCWKodXiPseaTzxKr,donation:61,Person
BKH12,Washington Inn,postcard,historicalImage,patched,sZarkGCWKodXiPseaTzx2f,Upper Merion; Inn; donation:20,
PEO65,Rod Broadbelt,photo,historicalImage,patched,sZarkGCWKodXiPseaTzxZG,Tredyffrin; donation:61,Person
WHQ38,Washington’s Headquarters,photo,historicalImage,patched,sZarkGCWKodXiPseaTzxeZ,Upper Merion; House; donation:20,
VC09,Valley Creek from Observation Tower,photo,historicalImage,patched,uBwiUtn9Wx8WqRIUPbWmXn,Upper Merion; donation:20,View
WHQ39,Washington’s Headquarters,photo,historicalImage,patched,otUyWOFVcxQBV4wYWiCg79,Upper Merion; House; donation:20,
WHQ41,Washington’s Headquarters,photo,historicalImage,patched,sZarkGCWKodXiPseaTzyFi,Upper Merion; House; donation:20,
WHQ40,Washington’s Headquarters,photo,historicalImage,patched,sZarkGCWKodXiPseaTzxzn,Upper Merion; House; donation:20,
BE165,"Lancaster and Main Avenues, Berwyn",photo,historicalImage,patched,sZarkGCWKodXiPseaTzyU7,Easttown,View
WSP02,Washington’s Spring,postcard,historicalImage,patched,sZarkGCWKodXiPseaTzyOo,Upper Merion; donation:20,Place
WSP01,Washington’s Spring,postcard,historicalImage,patched,sZarkGCWKodXiPseaTzyDR,Upper Merion; donation:20,Place
GHF47,"Barn, Glenhardie Farms",photo,historicalImage,patched,otUyWOFVcxQBV4wYWiCjPn,Tredyffrin; House; donation:62,
GHF46,"Apple Tree House, Glenhardie Farms",photo,historicalImage,patched,uBwiUtn9Wx8WqRIUPbWun1,Tredyffrin; House; donation:62,
GHF48,"By-the-Creek, Glenhardie Farms",photo,historicalImage,patched,uBwiUtn9Wx8WqRIUPbWvtU,Tredyffrin; House; donation:62,
GHF50,"Donald House, Glenhardie Farms",photo,historicalImage,patched,otUyWOFVcxQBV4wYWiCkOB,Tredyffrin; House; donation:62,
GHF51,"East Watch, Glenhardie Farms",photo,historicalImage,patched,uBwiUtn9Wx8WqRIUPbWygw,Tredyffrin; House; donation:62,
GHF49,"Dairy Barn, Glenhardie Farms",photo,historicalImage,patched,sZarkGCWKodXiPseaTzyqr,Tredyffrin; House; donation:62,
GHF53,Glenhardie Farms plan,drawing,historicalImage,patched,uBwiUtn9Wx8WqRIUPbX1me,Tredyffrin; donation:62,View
GHF52,"Entrance to Glenhardie Farms, next to Turnpike",photo,historicalImage,patched,sZarkGCWKodXiPseaTzz4V,Tredyffrin; donation:62,View
GHF54,"Garden House, Glenhardie Farms",photo,historicalImage,patched,sZarkGCWKodXiPseaTzzI9,Tredyffrin; House; donation:62,
GHF55,"Dairy Bar & Restuarant, Glenhardie Farms",photo,historicalImage,patched,uBwiUtn9Wx8WqRIUPbX2ar,Tredyffrin; Business; donation:62,
GHF57,"Magnolia House, Glenhardie Farms",photo,historicalImage,patched,uBwiUtn9Wx8WqRIUPbX3Td,Tredyffrin; House; donation:62,
GHF56,"Hilltop House, Glenhardie Farms",photo,historicalImage,patched,uBwiUtn9Wx8WqRIUPbX3hK,Tredyffrin; House; donation:62,
GHF58,"Managers House, Glenhardie Farms",photo,historicalImage,patched,sZarkGCWKodXiPseaTzzrm,Tredyffrin; House; donation:62,
GHF59,"Mifflin House, Glenhardie Farms",photo,historicalImage,patched,sZarkGCWKodXiPseaU00Mr,Tredyffrin; House; donation:62,
GHF60,"Road Alignments, Glenhardie Farms",drawing,historicalImage,patched,uBwiUtn9Wx8WqRIUPbX5Jk,Tredyffrin; donation:62,Road
GHF63,"The Lindens, Glenhardie Farms",photo,historicalImage,patched,sZarkGCWKodXiPseaU00rB,Tredyffrin; House; donation:62,
GHF62,"The Hedges, Glenhardie Farms",photo,historicalImage,patched,otUyWOFVcxQBV4wYWiCqVH,Tredyffrin; House; donation:62,
GHF61,"Sullivan’s Quarters, Glenhardie Farms",photo,historicalImage,patched,otUyWOFVcxQBV4wYWiCpdb,Tredyffrin; House; donation:62,
GHF64,"The Meadows, Glenhardie Farms",photo,historicalImage,patched,otUyWOFVcxQBV4wYWiCr2p,Tredyffrin; House; donation:62,
GHF65,"The Orchards, Glenhardie Farms",photo,historicalImage,patched,uBwiUtn9Wx8WqRIUPbX8PS,Tredyffrin; House; donation:62,
GHF66,"Weedon and DeKalb Houses, Glenhardie Farms",photo,historicalImage,patched,otUyWOFVcxQBV4wYWiCsc7,Tredyffrin; House; donation:62,
GHF67,"Weston Cottage, Glenhardie Farms",photo,historicalImage,patched,sZarkGCWKodXiPseaU01Dv,Tredyffrin; House; donation:62,
BBC08,Berwyn Baptist Church,photo,historicalImage,patched,otUyWOFVcxQBV4wYWiCv9n,Easttown; Church,
BPO07,Berwyn Post Office,photo,historicalImage,patched,uBwiUtn9Wx8WqRIUPbXCX4,Easttown; Business; donation:72,
DEI21,Devon Inn,photo,historicalImage,patched,uBwiUtn9Wx8WqRIUPbXBZj,Easttown; Inn,
DEI22,Devon Inn,photo,historicalImage,patched,uBwiUtn9Wx8WqRIUPbXCgC,Easttown; Inn; donation:69,
DEI23,Devon Inn,photo,historicalImage,patched,otUyWOFVcxQBV4wYWiCwBX,Easttown; Inn; donation:69,
DEI24,Devon Inn,photo,historicalImage,patched,sZarkGCWKodXiPseaU028m,Easttown; Inn; donation:69,
DEI25,Devon Manor,Newspaper Advertisem,historicalImage,patched,sZarkGCWKodXiPseaU02WH,Easttown; School; donation:69,
DRS31,Diamond Rock School,photo,historicalImage,patched,sZarkGCWKodXiPseaU02a4,Tredyffrin; School; donation:67,
DEV20,President Roosevelt leaving Devon Station in carriage,photo,historicalImage,patched,otUyWOFVcxQBV4wYWiCwwV,Easttown; Cultural; donation:72,
DRS32,Diamond Rock School,photo,historicalImage,patched,uBwiUtn9Wx8WqRIUPbXHSt,Tredyffrin; School,
EHC,"Unveiling of Plaque, Stone Chimney Picket Post",photo,historicalImage,patched,uBwiUtn9Wx8WqRIUPbXIH6,Tredyffrin; Military,donation:0
EHC37,"Unveiling of Plaque, Stone Chimney Picket Post",photo,historicalImage,patched,sZarkGCWKodXiPseaU02t1,Tredyffrin; Military,
EHC38,Early History Club trip - Cape May,photo,historicalImage,patched,uBwiUtn9Wx8WqRIUPbXJS8,Cultural,
EHC39,"Unveiling of Plaque, Stone Chimney Picket Post",photo,historicalImage,patched,sZarkGCWKodXiPseaU02yK,Tredyffrin; Military,
FW08,Fort Washington,postcard,historicalImage,patched,otUyWOFVcxQBV4wYWiD1v9,Upper Merion; Military,
EHC40,Early History Club trip - West Point,photo,historicalImage,patched,sZarkGCWKodXiPseaU036f,Military,
FW09,Fort Washington,photo,historicalImage,patched,otUyWOFVcxQBV4wYWiD3KN,Upper Merion; Military; donation:30,
HAM01,Hammer Hollow Mill,photo,historicalImage,patched,uBwiUtn9Wx8WqRIUPbXOgD,Tredyffrin; Mill,
HOU167,Peter Burns house,photo,historicalImage,patched,sZarkGCWKodXiPseaU03aE,Tredyffrin; House; donation:67,
HOU168,W. H. Burns house,photo,historicalImage,patched,uBwiUtn9Wx8WqRIUPbXPmg,House,
HOU169,Mildred Bradley house,photo,historicalImage,patched,otUyWOFVcxQBV4wYWiD6tn,Tredyffrin; House,
HOU170,Rumrill House,photo,historicalImage,patched,otUyWOFVcxQBV4wYWiD9O7,Tredyffrin; House,
HOU172,Mcnamee house,photo,historicalImage,patched,uBwiUtn9Wx8WqRIUPbXRTf,Tredyffrin; House,
KCB37,Knox Covered Bridge,photo,historicalImage,patched,uBwiUtn9Wx8WqRIUPbXRlv,Tredyffrin; donation:67,Road
LAB57,"Snowy, winter view, looking east on Lancaster Avenue, Berwyn",photo,historicalImage,patched,otUyWOFVcxQBV4wYWiDAWZ,Easttown; donation:72,View
MAB01,"Looking south on Main Avenue, Berwyn",photo,historicalImage,patched,otUyWOFVcxQBV4wYWiDAu3,Easttown; donation:72,View
MAR04,Memorial Arch,photo,historicalImage,patched,uBwiUtn9Wx8WqRIUPbXUZN,Upper Merion; Military; donation:30,
MAR05,Memorial Arch,photo,historicalImage,patched,uBwiUtn9Wx8WqRIUPbXVtX,Upper Merion; Military; donation:68,
MAZ07,Mazie Hall house,photo,historicalImage,patched,sZarkGCWKodXiPseaU05eL,Tredyffrin; House; donation:66,
MAZ08,Mazie Hall house,photo,historicalImage,patched,sZarkGCWKodXiPseaU05oC,Tredyffrin; House; donation:66,
MAZ09,Mazie Hall house,photo,historicalImage,patched,sZarkGCWKodXiPseaU05v1,Tredyffrin; House; donation:66,
MC11,"Memorial Chapel, Valley Forge",photo,historicalImage,patched,sZarkGCWKodXiPseaU062b,Upper Merion; Church; donation:30,
MC12,"Memorial Chapel, Valley Forge",photo,historicalImage,patched,sZarkGCWKodXiPseaU06Dy,Upper Merion; Church; donation:30,
MC13,"Memorial Chapel, Valley Forge",photo,historicalImage,patched,uBwiUtn9Wx8WqRIUPbXaX6,Upper Merion; Church; donation:30,
MEN11,Rear of Mennonite Church near Diamond Rock,photo,historicalImage,patched,otUyWOFVcxQBV4wYWiDFER,Tredyffrin; Church,
MJT03,"Observation Tower, Valley Forge",photo,historicalImage,patched,uBwiUtn9Wx8WqRIUPbXcIe,Upper Merion; Military; donation:30,
MLP12,Paoli Station,photo,historicalImage,patched,uBwiUtn9Wx8WqRIUPbXdFz,Tredyffrin; Railroad,
OLA58,Newtown Baptist Church,photo,historicalImage,patched,otUyWOFVcxQBV4wYWiDHOd,Church; donation:67,
OLA59,Indian Head Rock,postcard,historicalImage,patched,sZarkGCWKodXiPseaU06yD,,View
OLA60,Perkiomen Creek,postcard,historicalImage,patched,sZarkGCWKodXiPseaU07GP,,View
OLA61,Perkiomen Bridge,postcard,historicalImage,patched,otUyWOFVcxQBV4wYWiDIkV,,View
OLA62,Keiser’s Mill,postcard,historicalImage,patched,otUyWOFVcxQBV4wYWiDIdn,,View
OLA63,"Penn R.R. Bridge on the Perkiomen near Oaks, PA",postcard,historicalImage,patched,uBwiUtn9Wx8WqRIUPbXhkQ,,View
OLA64,"Mill Grove, Audubon House",postcard,historicalImage,patched,otUyWOFVcxQBV4wYWiDKuh,,Audubon; View
OLA66,Covered Bridge,photo,historicalImage,patched,uBwiUtn9Wx8WqRIUPbXkFc,donation:68,Road
OLA65,Chestnut Tree,photo,historicalImage,patched,sZarkGCWKodXiPseaU07jD,,View
OLA67,Covered Bridge,photo,historicalImage,patched,sZarkGCWKodXiPseaU08AV,donation:68,Road
VFP80,"Conestoga Wagon, Valley Forge",photo,historicalImage,patched,sZarkGCWKodXiPseaU08HK,Upper Merion; Transportation; donation:68,
VFP79,"Soldiers Hut, Valley Forge",photo,historicalImage,patched,uBwiUtn9Wx8WqRIUPbXkuh,Upper Merion; Military; donation:68,
OPA15,Mainline Airport,photo,historicalImage,patched,uBwiUtn9Wx8WqRIUPbXqMT,East Whiteland; Transportation,
PEO67,Mary Bair,photo,historicalImage,patched,uBwiUtn9Wx8WqRIUPbXsLi,Tredyffrin; donation:2,Person
PEO66,Oliver Bair,photo,historicalImage,patched,otUyWOFVcxQBV4wYWiDOoF,Tredyffrin; donation:2,Person
PEO68,Franklin Burns,photo,historicalImage,patched,sZarkGCWKodXiPseaU08kt,,Person
TRS10,Double Tree,photo,historicalImage,patched,otUyWOFVcxQBV4wYWiDRml,Easttown,View
TEH53,"Girls Basketball Team, 1920 - 21, TE High School",photo,historicalImage,patched,sZarkGCWKodXiPseaU08vV,Tredyffrin; donation:62,Sports
UMY02,"Tennis Courts, Upper Mainline YMCA",photo,historicalImage,patched,otUyWOFVcxQBV4wYWiDUKR,Easttown; donation:65,Sports
UMY01,"Outdoor Pool, Upper Mainline YMCA",photo,historicalImage,patched,sZarkGCWKodXiPseaU090o,Easttown; donation:65,Sports
UMY03,"Outdoor Pool, Upper Mainline YMCA",photo,historicalImage,patched,uBwiUtn9Wx8WqRIUPbXyyW,Easttown; donation:65,Sports
VC10,Valley Creek at the Covered Bridge,photo,historicalImage,patched,uBwiUtn9Wx8WqRIUPbY00Q,Tredyffrin; donation:67,View
VAQ12,Varnum’s Quarters,photo,historicalImage,patched,uBwiUtn9Wx8WqRIUPbXySZ,Upper Merion; House; donation:30,
VC11,Valley Creek from Washingtons Headquarters,photo,historicalImage,patched,uBwiUtn9Wx8WqRIUPbY0fV,Upper Merion; donation:30,View
VC12,Old Stone Bridge over Valley Creek and the Washington Inn,photo,historicalImage,patched,otUyWOFVcxQBV4wYWiDXFb,Upper Merion; donation:30,View
VFP68,"Huntingdon Park, Valley Forge",photo,historicalImage,patched,sZarkGCWKodXiPseaU0A8Y,Upper Merion; donation:67,View
VFP69,Valley Forge hills,photo,historicalImage,patched,sZarkGCWKodXiPseaU0AMx,Upper Merion; donation:67,View
VFP70,"School on Gulph Road, Valley Forge",photo,historicalImage,patched,otUyWOFVcxQBV4wYWiDYY7,Upper Merion; School; donation:30,
VFP71,"School on Gulph Road, Valley Forge",photo,historicalImage,patched,otUyWOFVcxQBV4wYWiDZqd,Upper Merion; School; donation:30,
VFP72,"Wayne’s Statue, Valley Forge",photo,historicalImage,patched,otUyWOFVcxQBV4wYWiDaYF,Tredyffrin; Military; donation:30,
VFP73,"Road to Observatory, Valley Forge",photo,historicalImage,patched,otUyWOFVcxQBV4wYWiDaHT,Upper Merion; donation:30,View
VFP74,"Pennsylvania Columns, Valley Forge",photo,historicalImage,patched,sZarkGCWKodXiPseaU0Ayr,Upper Merion; Military; donation:30,
VFP75,Washington’s Soldiers at Valley Forge,photo,historicalImage,patched,otUyWOFVcxQBV4wYWiDbdL,Upper Merion; Military; donation:30,
VFP76,Washington reviewing his troops at Valley Forge,photo,historicalImage,patched,sZarkGCWKodXiPseaU0B8i,Upper Merion; Military; donation:30,
VFP77,Washington’s Campaign Tent,photo,historicalImage,patched,otUyWOFVcxQBV4wYWiDd5v,Military; donation:30,
VFP78,"Waterman’s Column, Valley Forge",photo,historicalImage,patched,uBwiUtn9Wx8WqRIUPbYCNG,Upper Merion; Military; donation:30,
VSS02,"Von Steuben statue, Valley Forge",photo,historicalImage,patched,otUyWOFVcxQBV4wYWiDe0x,Upper Merion; Military; donation:30,
VFP81,"New Jersey monument, Valley Forge",photo,historicalImage,patched,uBwiUtn9Wx8WqRIUPbYBvs,Upper Merion; Military; donation:30,
WAB07,"Stables at Waterloo Avenue, Berwyn",photo,historicalImage,patched,uBwiUtn9Wx8WqRIUPbYDlz,Easttown; Business; donation:72,
WAY12,Waynesborough,postcard,historicalImage,patched,sZarkGCWKodXiPseaU0C7M,Easttown; House,
WHQ42,Washington’s Headquarters,photo,historicalImage,patched,otUyWOFVcxQBV4wYWiDfJT,Upper Merion; House; donation:30,
WHQ43,Washington’s Headquarters,photo,historicalImage,patched,sZarkGCWKodXiPseaU0CfT,Upper Merion; House; donation:30,
WSH23,Walker Schoolhouse,photo,historicalImage,patched,sZarkGCWKodXiPseaU0CiV,Tredyffrin; School,
WSH25,Lane leading to Walker Schoolhouse,photo,historicalImage,patched,otUyWOFVcxQBV4wYWiDiwF,Upper Merion; School; donation:70,
WSH26,Fields near Walker Schoolhouse,photo,historicalImage,patched,otUyWOFVcxQBV4wYWiDqmh,Tredyffrin; School; donation:70,
CUH20,Conestoga Wagon,photo,historicalImage,patched,uBwiUtn9Wx8WqRIUPbYKXv,Transportation,
WSH24,Walker Schoolhouse,photo,historicalImage,patched,sZarkGCWKodXiPseaU0DMg,Tredyffrin; School; donation:70,
WSH27,Fields near Walker Schoolhouse,photo,historicalImage,patched,uBwiUtn9Wx8WqRIUPbYHyA,Tredyffrin; School; donation:70,
DEV21,PRR Bridge over Waterloo Avenue next to Devon Station,Postcard,historicalImage,patched,uBwiUtn9Wx8WqRIUPbYMO2,Easttown; Railroad; donation:69,
DEI26,Devon Inn,postcard,historicalImage,patched,uBwiUtn9Wx8WqRIUPbYL8R,Easttown; Inn; donation:69,
FHU01,"Blessing of the Hunt, St. Peters Great Valley",photo,historicalImage,patched,uBwiUtn9Wx8WqRIUPbYMAL,Tredyffrin; Cultural; donation:74,
FHU03,"Blessing of the Hunt, St. Peters Great Valley",photo,historicalImage,patched,otUyWOFVcxQBV4wYWiDxHH,Cultural; donation:74,
FHU02,"Blessing of the Hunt, St. Peters Great Valley",photo,historicalImage,patched,uBwiUtn9Wx8WqRIUPbYMgI,Tredyffrin; Cultural; donation:74,
FHU04,"Blessing of the Hunt, St. Peters Great Valley",photo,historicalImage,patched,sZarkGCWKodXiPseaU0EII,Tredyffrin; Cultural; donation:74,
FHU05,"Blessing of the Hunt, St. Peters Great Valley",photo,historicalImage,patched,uBwiUtn9Wx8WqRIUPbYP2M,Tredyffrin; Cultural; donation:74,
FHU07,"Blessing of the Hunt, St. Peters Great Valley",photo,historicalImage,patched,sZarkGCWKodXiPseaU0EuC,Tredyffrin; Cultural; donation:74,
FHU08,"Blessing of the Hunt, St. Peters Great Valley",photo,historicalImage,patched,uBwiUtn9Wx8WqRIUPbYQMW,Tredyffrin; Cultural; donation:74,
FHU06,"Blessing of the Hunt, St. Peters Great Valley",photo,historicalImage,patched,otUyWOFVcxQBV4wYWiDzHP,Tredyffrin; Cultural; donation:74,
PHE01,Tom & Ann Phelan,photo,historicalImage,patched,uBwiUtn9Wx8WqRIUPbYTWn,Tredyffrin; donation:73,Person
PHE02,Phelan residence,photo,historicalImage,patched,sZarkGCWKodXiPseaU0F75,Tredyffrin; House; donation:73,
PHE03,Merie Patricia Phelan as May Queen,photo,historicalImage,patched,uBwiUtn9Wx8WqRIUPbYU2k,Tredyffrin; donation:73,Person
PHE05,Unknown House,photo,historicalImage,patched,otUyWOFVcxQBV4wYWiE2gl,House; donation:73,
PHE04,Thomas Phelan,photo,historicalImage,patched,otUyWOFVcxQBV4wYWiE2CZ,Tredyffrin; donation:73,Person
BE166,TE History Club group,photo,historicalImage,patched,sZarkGCWKodXiPseaU0Fyu,Easttown,Person
UFG12,"Site of Old Forge, Valley Forge, PA",postcard,historicalImage,patched,sZarkGCWKodXiPseaU0Fsq,Upper Merion,View
PHE06,Unknown Barn,photo,historicalImage,patched,uBwiUtn9Wx8WqRIUPbYWqC,House; donation:73,
BE169,Berwyn Village Walk,photo,historicalImage,patched,sZarkGCWKodXiPseaU0GX1,Easttown,Place
BE167,Unknown View,photo,historicalImage,patched,uBwiUtn9Wx8WqRIUPbYYks,Easttown,View
BE168,Unknown House,photo,historicalImage,patched,uBwiUtn9Wx8WqRIUPbYaIj,Easttown; House,
BE170,Berwyn Village Walk,photo,historicalImage,patched,otUyWOFVcxQBV4wYWiE62l,,Place
BE172,Berwyn Village Walk,photo,historicalImage,patched,uBwiUtn9Wx8WqRIUPbYdXZ,,Place
BE171,Berwyn Village Walk,photo,historicalImage,patched,otUyWOFVcxQBV4wYWiE7Hv,,Place
BE174,Berwyn Village Walk,photo,historicalImage,patched,sZarkGCWKodXiPseaU0HIm,,Place
BE175,Berwyn Village Walk,photo,historicalImage,patched,sZarkGCWKodXiPseaU0HGV,,Place
BE173,Berwyn Village Walk,photo,historicalImage,patched,sZarkGCWKodXiPseaU0Gwn,,Place
BE176,Berwyn Village Walk,photo,historicalImage,patched,otUyWOFVcxQBV4wYWiE9fX,,Place
BE177,Berwyn Village Walk,photo,historicalImage,patched,otUyWOFVcxQBV4wYWiEAJn,,Place
BE178,Berwyn Village Walk,photo,historicalImage,patched,sZarkGCWKodXiPseaU0HcU,,Place
BE180,Berwyn Village Walk,photo,historicalImage,patched,otUyWOFVcxQBV4wYWiEB4l,,Place
BE179,Berwyn Village Walk,photo,historicalImage,patched,otUyWOFVcxQBV4wYWiEAhH,,Place
FHU09,Pickering Hunt,photo,historicalImage,patched,uBwiUtn9Wx8WqRIUPbYhxR,Tredyffrin; Cultural,
FHU10,Pickering Hunt,photo,historicalImage,patched,otUyWOFVcxQBV4wYWiEBEp,Tredyffrin; Cultural,
FHU11,Pickering Hunt,photo,historicalImage,patched,otUyWOFVcxQBV4wYWiEDfn,Tredyffrin; Cultural,
FHU12,Pickering Hunt,photo,historicalImage,patched,sZarkGCWKodXiPseaU0I3m,Tredyffrin; Cultural,
FHU14,Pickering Hunt,photo,historicalImage,patched,sZarkGCWKodXiPseaU0IJh,Tredyffrin; Cultural,
FHU15,Pickering Hunt,photo,historicalImage,patched,otUyWOFVcxQBV4wYWiEG6l,Tredyffrin; Cultural,
FHU13,Pickering Hunt,photo,historicalImage,patched,sZarkGCWKodXiPseaU0I63,Tredyffrin; Cultural,
GVM17,"Great Valley Mill Brochure, Page 2",photo,historicalImage,patched,otUyWOFVcxQBV4wYWiEHFD,Tredyffrin; Mill,
GVM16,"Great Valley Mill Brochure, Page 1",photo,historicalImage,patched,uBwiUtn9Wx8WqRIUPbYmRs,Tredyffrin; Mill,
FHU16,Pickering Hunt,photo,historicalImage,patched,otUyWOFVcxQBV4wYWiEGNX,Tredyffrin; Cultural,
GVM20,"Great Valley Mill Brochure, Page 5",photo,historicalImage,patched,sZarkGCWKodXiPseaU0Ixs,Tredyffrin; Mill,
GVM18,"Great Valley Mill Brochure, Page 3",photo,historicalImage,patched,sZarkGCWKodXiPseaU0Ifg,Tredyffrin; Mill,
GVM19,"Great Valley Mill Brochure, Page 4",photo,historicalImage,patched,uBwiUtn9Wx8WqRIUPbYonw,Tredyffrin; Mill,
GVM21,"Great Valley Mill Brochure, Page 6",photo,historicalImage,patched,otUyWOFVcxQBV4wYWiEJ5H,Tredyffrin; Mill,
GVM22,Great Valley Mill,photo,historicalImage,patched,otUyWOFVcxQBV4wYWiEJmt,Tredyffrin; Mill,
GVM23,Great Valley Mill,photo,historicalImage,patched,otUyWOFVcxQBV4wYWiEK0J,Tredyffrin; Mill,
OLA68,"Central Schwenkfelder Church, Worcester PA",photo,historicalImage,patched,otUyWOFVcxQBV4wYWiEL23,Church,
OLA69,Central Schwenkfelder Church,photo,historicalImage,patched,sZarkGCWKodXiPseaU0JJ6,Church,
GVM24,Great Valley Mill,photo,historicalImage,patched,uBwiUtn9Wx8WqRIUPbYsvY,Tredyffrin; Mill,
OLA71,Tyler Arboretum,photo,historicalImage,patched,sZarkGCWKodXiPseaU0Jco,,Place
OLA70,Central Schwenkfelder Church,photo,historicalImage,patched,otUyWOFVcxQBV4wYWiEMHD,Church,
OLA72,Tyler Arboretum,photo,historicalImage,patched,otUyWOFVcxQBV4wYWiENtr,Church,
OLA74,Tyler Arboretum,photo,historicalImage,patched,otUyWOFVcxQBV4wYWiEQRX,,Place
OLA73,Tyler Arboretum,photo,historicalImage,patched,otUyWOFVcxQBV4wYWiEORP,,Place
OLA75,Tyler Arboretum,photo,historicalImage,patched,otUyWOFVcxQBV4wYWiEQbb,,Place
OLA76,Pottsgrove,photo,historicalImage,patched,sZarkGCWKodXiPseaU0Jow,House,
OLA77,Pottsgrove,photo,historicalImage,patched,sZarkGCWKodXiPseaU0Jy2,House,
OLA78,Pottsgrove,photo,historicalImage,patched,otUyWOFVcxQBV4wYWiES4B,House,
OLA80,"Paper Mill House Museum, Newtown Square",photo,historicalImage,patched,uBwiUtn9Wx8WqRIUPbYzqc,Mill,
OLA81,"Paper Mill House Museum, Newtown Square",photo,historicalImage,patched,otUyWOFVcxQBV4wYWiEVG7,Mill,
OLA79,Pottsgrove,photo,historicalImage,patched,sZarkGCWKodXiPseaU0K14,House,
OLA84,"Paper Mill House Museum, Newtown Square",photo,historicalImage,patched,uBwiUtn9Wx8WqRIUPbZ2rl,Mill,
OLA82,"Paper Mill House Museum, Newtown Square",photo,historicalImage,patched,sZarkGCWKodXiPseaU0KFT,Mill,
OLA83,"Paper Mill House Museum, Newtown Square",photo,historicalImage,patched,otUyWOFVcxQBV4wYWiEWsl,Mill,
OLA86,Willistown Friends Meeting,photo,historicalImage,patched,sZarkGCWKodXiPseaU0Ks8,Willistown; Church,
OLA85,Willistown Friends Meeting,photo,historicalImage,patched,uBwiUtn9Wx8WqRIUPbZ3A1,Willistown; Church,
OLA87,Peter Wentz Farm,photo,historicalImage,patched,otUyWOFVcxQBV4wYWiEZdr,House,
OLA90,Peter Wentz Farm,photo,historicalImage,patched,uBwiUtn9Wx8WqRIUPbZ9Q0,House,
OLA89,Peter Wentz Farm,photo,historicalImage,patched,uBwiUtn9Wx8WqRIUPbZ8yc,House,
OLA88,Peter Wentz Farm,photo,historicalImage,patched,sZarkGCWKodXiPseaU0KyC,House,
OLA91,Peter Wentz Farm,photo,historicalImage,patched,otUyWOFVcxQBV4wYWiEbo3,House,
OLA93,"Memorial Stone, Gulph Mills",photo,historicalImage,patched,uBwiUtn9Wx8WqRIUPbZBcw,Upper Merion; Military,
OLA92,Peter Wentz Farm,photo,historicalImage,patched,otUyWOFVcxQBV4wYWiEdrX,House,
OLA94,"Memorial Stone, Gulph Mills",photo,historicalImage,patched,sZarkGCWKodXiPseaU0Lhg,Upper Merion; Military,
TEC41,TE History Club 1984 picnic,photo,historicalImage,patched,otUyWOFVcxQBV4wYWiEgZH,Tredyffrin,Person
TEC40,Eleanor Dunwoody and Mary Sues(?),photo,historicalImage,patched,sZarkGCWKodXiPseaU0Lw5,Tredyffrin,Person
TEC42,Bob Goshorn,photo,historicalImage,patched,otUyWOFVcxQBV4wYWiEgtP,Tredyffrin,Person
TEC18,"Mildred Kirkner, Grace Winthrope",photo,historicalImage,patched,sZarkGCWKodXiPseaU0MUC,Tredyffrin,Person
TEC43,TE History Club 1984 picnic,photo,historicalImage,patched,otUyWOFVcxQBV4wYWiEimp,Tredyffrin,Person
TEC19,Mrs Eleanor Dunwoody and Frances Liggett,photo,historicalImage,patched,uBwiUtn9Wx8WqRIUPbZFEb,Tredyffrin,Person
TEC21,TE History Club 50th Anniversary at Duportail House,photo,historicalImage,patched,otUyWOFVcxQBV4wYWiEk1z,Tredyffrin,Person
TEC20,Duportail House,photo,historicalImage,patched,uBwiUtn9Wx8WqRIUPbZGva,Tredyffrin; House,
TEC25,TE History Club 50th Anniversary at Duportail House,photo,historicalImage,patched,sZarkGCWKodXiPseaU0Mof,Tredyffrin,Person
TEC23,Duportail House,photo,historicalImage,patched,otUyWOFVcxQBV4wYWiEls3,Tredyffrin; House,
TEC22,TE History Club 50th Anniversary at Duportail House,photo,historicalImage,patched,uBwiUtn9Wx8WqRIUPbZJHe,Tredyffrin,Person
TEC26,Duportail House,photo,historicalImage,patched,otUyWOFVcxQBV4wYWiEnDv,Tredyffrin; House,
TEC27,"TE History Club picnic, 1999",photo,historicalImage,patched,sZarkGCWKodXiPseaU0Nsc,Tredyffrin,Person
TEC24,Duportail House,photo,historicalImage,patched,sZarkGCWKodXiPseaU0NPo,Tredyffrin; House,
TEC30,"Left to right: Dorothy Stanley, Mildred Kirkner, Libby Weaver, David Wilson",photo,historicalImage,patched,uBwiUtn9Wx8WqRIUPbZOaI,Tredyffrin,Person
TEC28,"TE History Club picnic, 1999, Andrews House",photo,historicalImage,patched,otUyWOFVcxQBV4wYWiEnUh,Tredyffrin,Person
TEC29,"Seated at table (clockwise): Mary Lamborn, Ed & Helen Hayes, Dorothy Stanley, Mildred Kirkner, Libbie Weaver.

Standing: David Wilson (leaning over), Bill Andrews (hand to face), Skip Eichner (striped shirt)",photo,historicalImage,patched,otUyWOFVcxQBV4wYWiEoZn,Tredyffrin,Person
TEC31,"Near table (clockwise): Eleanor Chworowsky, Betty Ripka, Barbara Fry, Herb Fry, Joan McCracken, Jim MCCracken",photo,historicalImage,patched,sZarkGCWKodXiPseaU0OKf,Tredyffrin,Person
TEC32,"Ray and Eva Noll, Mary Lamborn (with back turned)",photo,historicalImage,patched,sZarkGCWKodXiPseaU0OXY,Tredyffrin,Person
TEC33,"Eichner daughter and grandchild;
Eva and Ray Noll;
Standing middle distance: Skip Eichner (striped shirt), Bill Andrews (dark shirt), Howard Housworth (left, standing erect, light shirt), Jim Huston (right)",photo,historicalImage,patched,uBwiUtn9Wx8WqRIUPbZPcC,Tredyffrin,Person
TEC34,TE History Club 1989 picnic at Goshorn’s house,photo,historicalImage,patched,otUyWOFVcxQBV4wYWiErsR,Tredyffrin; Business,
TEC38,TE History Club Banquet at Trinity Presbyterian Church,photo,historicalImage,patched,Ix6wSjcRgWANO2hl54DTXq,Easttown,Person
TEC37,TE History Club Banquet at Trinity Presbyterian Church,photo,historicalImage,patched,sZarkGCWKodXiPseaU0Oyq,Easttown,Person
TEC39,TE History Club Banquet at Trinity Presbyterian Church,photo,historicalImage,patched,sZarkGCWKodXiPseaU0OuI,Easttown,Person
BKH14b,Back of BKH14,postcard,historicalImage,patched,sZarkGCWKodXiPseaU0PIY,Upper Merion; Inn; donation:75,
BKH14,Washington Inn,postcard,historicalImage,patched,otUyWOFVcxQBV4wYWiEtsZ,Upper Merion; Inn; donation:75,
BOP03,"Paoli Monument, Malvern",postcard,historicalImage,patched,uBwiUtn9Wx8WqRIUPbZRth,Military; donation:75,
DEV22b,Back of DEV22,postcard,historicalImage,patched,QURrE7XE7opu5o5GpcFm9f,Easttown; donation:75,View
DEV22,Devon,postcard,historicalImage,patched,QURrE7XE7opu5o5GpcFmIl,Easttown; donation:75,View
GVP15b,Back of GVP15,postcard,historicalImage,patched,otUyWOFVcxQBV4wYWiEv7j,Tredyffrin; Church; donation:75,
GVP15,Great Valley Presbyterian Church,postcard,historicalImage,patched,Ix6wSjcRgWANO2hl54DYfz,Tredyffrin; Church; donation:75,
JWH02,James White House,postcard,historicalImage,patched,uBwiUtn9Wx8WqRIUPbZU6d,Schuylkill; House; donation:75,
JWH02b,Back of JWH02,postcard,historicalImage,patched,sZarkGCWKodXiPseaU0QGR,Schuylkill; House; donation:75,
KCB38,Knox Covered Bridge,postcard,historicalImage,patched,otUyWOFVcxQBV4wYWiEvlz,Tredyffrin; donation:75,Road
KCB38b,Back of KCB38,postcard,historicalImage,patched,uBwiUtn9Wx8WqRIUPbZVD6,Tredyffrin; donation:75,Road
KCB39,Knox Covered Bridge,postcard,historicalImage,patched,Ix6wSjcRgWANO2hl54DZUt,Tredyffrin; donation:75,Road
KCB39b,Back of KCB39,postcard,historicalImage,patched,QURrE7XE7opu5o5GpcFmob,Tredyffrin; donation:75,Road
KCB40,Knox Covered Bridge,postcard,historicalImage,patched,uBwiUtn9Wx8WqRIUPbZWJZ,Tredyffrin; donation:75,Road
KCB40b,Back of KCB40,postcard,historicalImage,patched,QURrE7XE7opu5o5GpcFn2F,Tredyffrin; donation:75,Road
KCB41b,Back of KCB41,postcard,historicalImage,patched,QURrE7XE7opu5o5GpcFnRG,Tredyffrin; donation:75,Road
KCB41,Knox Covered Bridge,postcard,historicalImage,patched,Ix6wSjcRgWANO2hl54Darj,Tredyffrin; donation:75,Road
LAF14,Lafayette’s Quarters,postcard,historicalImage,patched,QURrE7XE7opu5o5GpcFnaM,Tredyffrin; House; donation:75,
MAL28,"Baptist Church, Malvern",postcard,historicalImage,patched,Ix6wSjcRgWANO2hl54Dcuz,Church; donation:75,
LAF14b,Back of LAF14,postcard,historicalImage,patched,sZarkGCWKodXiPseaU0Qra,Tredyffrin; House; donation:75,
MAL28b,Back of MAL28,postcard,historicalImage,patched,sZarkGCWKodXiPseaU0Qxe,Church; donation:75,
MAL29,"ME Church, Malvern",postcard,historicalImage,patched,QURrE7XE7opu5o5GpcFnqH,Church; donation:75,
MAL30,Malvern Inn,postcard,historicalImage,patched,otUyWOFVcxQBV4wYWiEzOl,Inn; donation:75,
MAL30b,Back of MAL30,postcard,historicalImage,patched,QURrE7XE7opu5o5GpcFnx6,Inn; donation:75,
MAR06,Memorial Arch,postcard,historicalImage,patched,Ix6wSjcRgWANO2hl54DfAy,Upper Merion; Military; donation:75,
MAR06b,Back of MAR06,postcard,historicalImage,patched,QURrE7XE7opu5o5GpcFoHZ,Upper Merion; Military; donation:75,
MC14,"Memorial Chapel Interior, Valley Forge",postcard,historicalImage,patched,otUyWOFVcxQBV4wYWiF0y3,Upper Merion; Church; donation:75,
MC14b,Back of MC14,postcard,historicalImage,patched,otUyWOFVcxQBV4wYWiF3Bb,Upper Merion; Church; donation:75,
MC15,Log Cabin Memorial,postcard,historicalImage,patched,sZarkGCWKodXiPseaU0RI7,Upper Merion; Military; donation:75,
MC15b,Back of MC15,postcard,historicalImage,patched,Ix6wSjcRgWANO2hl54Dgom,Upper Merion; Military; donation:75,
MC16,"Carillon, Memorial Chapel",postcard,historicalImage,patched,otUyWOFVcxQBV4wYWiF3zv,Upper Merion; Church; donation:75,
MC16b,Back of MC16,postcard,historicalImage,patched,Ix6wSjcRgWANO2hl54DhmA,Upper Merion; Church; donation:75,
MJT04,"Observation Tower, Valley Forge",postcard,historicalImage,patched,sZarkGCWKodXiPseaU0RgN,Upper Merion; donation:75,Service
MJT04b,Back of MJT04,postcard,historicalImage,patched,QURrE7XE7opu5o5GpcFpQ4,Upper Merion; donation:75,Service
MJT05,"Observation Tower, Valley Forge",postcard,historicalImage,patched,uBwiUtn9Wx8WqRIUPbZce7,Upper Merion; donation:75,Service
MJT05b,Back of MJT05,postcard,historicalImage,patched,Ix6wSjcRgWANO2hl54Dib4,Upper Merion; donation:75,Service
NCE14,Motor Court,postcard,historicalImage,patched,Ix6wSjcRgWANO2hl54DiwH,Tredyffrin; Business; donation:75,
NCE14b,Back of NCE14,postcard,historicalImage,patched,Ix6wSjcRgWANO2hl54DjYS,Tredyffrin; Business; donation:75,
OLA95,Ursinus College,postcard,historicalImage,patched,otUyWOFVcxQBV4wYWiF51f,School; donation:75,
OLA95b,Back of OLA95,postcard,historicalImage,patched,Ix6wSjcRgWANO2hl54Dk6O,School; donation:75,
OLA96,"State Normal School, West Chester",postcard,historicalImage,patched,Ix6wSjcRgWANO2hl54DkVq,School; donation:75,
OLA96b,Back of OLA96,postcard,historicalImage,patched,uBwiUtn9Wx8WqRIUPbZgTT,School; donation:75,
OLA97b,Back of OLA97,postcard,historicalImage,patched,QURrE7XE7opu5o5GpcFrwz,School,donation:0
OLA97,"State Normal School, West Chester",postcard,historicalImage,patched,Ix6wSjcRgWANO2hl54Dkr3,School; donation:75,
OLA98,"Mansion House, West Chester",postcard,historicalImage,patched,otUyWOFVcxQBV4wYWiF63P,House; donation:75,
OLA99,Farming,postcard,historicalImage,patched,Ix6wSjcRgWANO2hl54DnWU,Farm; donation:75,
OLA98b,Back of OLA98,postcard,historicalImage,patched,uBwiUtn9Wx8WqRIUPbZh3z,House; donation:75,
OLA99b,Back of OLA99,postcard,historicalImage,patched,QURrE7XE7opu5o5GpcFsHS,Farm; donation:75,
OLA100,"Rosedale Avenue,  West Chester",postcard,historicalImage,patched,QURrE7XE7opu5o5GpcFsZe,donation:75,Road
OLA100b,Back of OLA100,postcard,historicalImage,patched,QURrE7XE7opu5o5GpcFt3D,donation:75,Road
OLA101,"State Normal School, West Chester",postcard,historicalImage,patched,Ix6wSjcRgWANO2hl54Do0B,School; donation:75,
OLA102,"P. H. Sharples, Summer Garden, Green Hill, near West Chester",postcard,historicalImage,patched,QURrE7XE7opu5o5GpcFtJ8,Cultural; donation:75,
OLA101b,Back of OLA101,postcard,historicalImage,patched,otUyWOFVcxQBV4wYWiF7g3,School; donation:75,
OLA102b,Back of OLA102,postcard,historicalImage,patched,otUyWOFVcxQBV4wYWiF83X,Cultural; donation:75,
OLA103,West Chester State College,postcard,historicalImage,patched,Ix6wSjcRgWANO2hl54Dop5,School; donation:75,
OLA103b,Back of OLA103,postcard,historicalImage,patched,sZarkGCWKodXiPseaU0TLT,School; donation:75,
OLA104,"State Normal School, West Chester",postcard,historicalImage,patched,sZarkGCWKodXiPseaU0TTo,School; donation:75,
OLA105,"Gymnasium, State Normal School, West Chester",postcard,historicalImage,patched,otUyWOFVcxQBV4wYWiF9cp,Business; donation:75,
OLA104b,Back of OLA104,postcard,historicalImage,patched,QURrE7XE7opu5o5GpcFtrF,School; donation:75,
OLA105b,Back of OLA105,postcard,historicalImage,patched,otUyWOFVcxQBV4wYWiFAXr,School; donation:75,
OLA106,"State Normal School, West Chester",postcard,historicalImage,patched,Ix6wSjcRgWANO2hl54Dpqi,School; donation:75,
OLA106b,Back of OLA106,postcard,historicalImage,patched,QURrE7XE7opu5o5GpcFuKo,School; donation:75,
OLA107,"West Market Street, West Chester",postcard,historicalImage,patched,uBwiUtn9Wx8WqRIUPbZmI4,donation:75,Road
OLA108,"Autocar Plant, Ardmore",postcard,historicalImage,patched,sZarkGCWKodXiPseaU0UE3,Business; donation:75,
OLA107b,Back of OLA107,postcard,historicalImage,patched,sZarkGCWKodXiPseaU0UCX,donation:75,Road
OLA108b,Back of OLA108,postcard,historicalImage,patched,Ix6wSjcRgWANO2hl54Dqjr,Business; donation:75,
OLA109b,Back of OLA109,postcard,historicalImage,patched,otUyWOFVcxQBV4wYWiFCeh,donation:75,Place
OLA109,"French Creek Falls, St. Peters",postcard,historicalImage,patched,otUyWOFVcxQBV4wYWiFCKZ,donation:75,Place
OLA110b,Back of OLA110,postcard,historicalImage,patched,sZarkGCWKodXiPseaU0UX0,Mill; donation:75,
OLA111b,Back of OLA111,postcard,historicalImage,patched,sZarkGCWKodXiPseaU0Udp,House; donation:75,
OLA111,Darby Creek houses,postcard,historicalImage,patched,otUyWOFVcxQBV4wYWiFDZj,House; donation:75,
OLA112,"Octagonal Schoolhouse, Birmingham",postcard,historicalImage,patched,Ix6wSjcRgWANO2hl54DrYl,School; donation:75,
OLA113,"West Market Street, West Chester",postcard,historicalImage,patched,uBwiUtn9Wx8WqRIUPbZqUF,donation:75,Road
OLA112b,Back of OLA112,postcard,historicalImage,patched,Ix6wSjcRgWANO2hl54DrlU,School; donation:75,
OLA113b,Back of OLA113,postcard,historicalImage,patched,QURrE7XE7opu5o5GpcFwSi,donation:75,Road
OLA114b,Back of OLA114,postcard,historicalImage,patched,sZarkGCWKodXiPseaU0UpC,Church; donation:75,
OLA114,Newtown Baptist Church,postcard,historicalImage,patched,QURrE7XE7opu5o5GpcFwZX,Church; donation:75,
OLA115,West Chester in 1842,postcard,historicalImage,patched,otUyWOFVcxQBV4wYWiFGE7,donation:75,Place
OLA115b,Back of OLA115,postcard,historicalImage,patched,otUyWOFVcxQBV4wYWiFFnH,donation:75,Place
OLA116,Chester County Hospital,postcard,historicalImage,patched,otUyWOFVcxQBV4wYWiFG43,donation:75,Service
OLA116b,Back of OLA116,postcard,historicalImage,patched,sZarkGCWKodXiPseaU0VQL,donation:75,Service
OLA117b,Back of OLA117,postcard,historicalImage,patched,QURrE7XE7opu5o5GpcFxxx,donation:75,Service
OLA117,"Chester County Courthouse, West Chester",postcard,historicalImage,patched,uBwiUtn9Wx8WqRIUPbZtj5,donation:75,Service
OLA118,"Toll Gate, Lancaster Turnpike, near Downingtown",postcard,historicalImage,patched,uBwiUtn9Wx8WqRIUPbZupY,donation:75,Road
OLA118b,Back of OLA118,postcard,historicalImage,patched,uBwiUtn9Wx8WqRIUPbZv3F,donation:75,Road
OLA119,Schuylkill at Perkiomen Junction,postcard,historicalImage,patched,QURrE7XE7opu5o5GpcFyKh,donation:75,Place
OLA119b,Back of OLA119,postcard,historicalImage,patched,QURrE7XE7opu5o5GpcFyhR,donation:75,Place
OLA120b,Back of OLA120,postcard,historicalImage,patched,otUyWOFVcxQBV4wYWiFHu7,Business; donation:75,
OLA120,"Valley Forge Hotel, Norristown",postcard,historicalImage,patched,otUyWOFVcxQBV4wYWiFIEF,Business; donation:75,
OLA121,"Marker Stone, Gulph Mills",postcard,historicalImage,patched,uBwiUtn9Wx8WqRIUPbZxqh,Upper Merion; Military; donation:75,
PA37,Paoli Industrial School,postcard,historicalImage,patched,otUyWOFVcxQBV4wYWiFIzD,Tredyffrin; School; donation:75,
OLA121b,Back of OLA121,postcard,historicalImage,patched,uBwiUtn9Wx8WqRIUPbZxKk,Upper Merion; Military; donation:75,
PA37b,Back of PA37,postcard,historicalImage,patched,otUyWOFVcxQBV4wYWiFJuF,Tredyffrin; School; donation:75,
PAS11,"Grammar School, Paoli",postcard,historicalImage,patched,otUyWOFVcxQBV4wYWiFbRD,Tredyffrin; School; donation:75,
PHO02,"Old Swimming Hole, Walters Meadow, Phoenixville",postcard,historicalImage,patched,QURrE7XE7opu5o5GpcG0pL,Cultural; donation:75,
PHO02b,Back of PHO02,postcard,historicalImage,patched,QURrE7XE7opu5o5GpcG0bh,Cultural; donation:75,
PHO03b,Back of PHO03,postcard,historicalImage,patched,uBwiUtn9Wx8WqRIUPba2UG,Schuylkill; Military; donation:75,
PHO03,Valley Forge General Hospital,postcard,historicalImage,patched,uBwiUtn9Wx8WqRIUPba1Wv,Schuylkill; Military; donation:75,
PK01,"Mill, Port Kennedy",postcard,historicalImage,patched,QURrE7XE7opu5o5GpcG1Gd,Upper Merion; Mill; donation:75,
PK02,"American Baptist Headquarters, Port Kennedy",postcard,historicalImage,patched,sZarkGCWKodXiPseaU0iSR,Upper Merion; Church; donation:75,
PK01b,Back of PK01,postcard,historicalImage,patched,uBwiUtn9Wx8WqRIUPba3aj,Upper Merion; Mill; donation:75,
PK02b,Back of PK02,postcard,historicalImage,patched,QURrE7XE7opu5o5GpcG1kC,Upper Merion; Church; donation:75,
PTP01,"Schuylkill Interchange, Pennsylvania Turnpike",postcard,historicalImage,patched,uBwiUtn9Wx8WqRIUPba77p,Upper Merion; donation:75,Road
PTP01b,Back of PTP01,postcard,historicalImage,patched,QURrE7XE7opu5o5GpcG2BU,Upper Merion; donation:75,Road
RAD11,"Radnor Presbyterian Church, Wayne",postcard,historicalImage,patched,QURrE7XE7opu5o5GpcG26w,Church; donation:75,
RAD11b,Back of RAD11,postcard,historicalImage,patched,sZarkGCWKodXiPseaU0ijs,Church; donation:75,
RAD12,"Presbyterian Church, Wayne",postcard,historicalImage,patched,uBwiUtn9Wx8WqRIUPba80b,Church; donation:75,
RAD12b,Back of RAD12,postcard,historicalImage,patched,otUyWOFVcxQBV4wYWiFhsR,Church; donation:75,
RAD13,"St. Lukes School, Wayne",postcard,historicalImage,patched,QURrE7XE7opu5o5GpcG2uy,School; donation:75,
RAD13b,Back of RAD13,postcard,historicalImage,patched,otUyWOFVcxQBV4wYWiFjRj,School; donation:75,
RAD14,"Armitage School, Wayne",postcard,historicalImage,patched,QURrE7XE7opu5o5GpcG4Eq,School; donation:75,
RDS06,Conestoga Wagon,postcard,historicalImage,patched,otUyWOFVcxQBV4wYWiFjvv,donation:75,Road
RDS06b,Back of RDS06,postcard,historicalImage,patched,uBwiUtn9Wx8WqRIUPbaBAs,donation:75,Road
SCU05,"Schuylkill River, Conshohocken",postcard,historicalImage,patched,uBwiUtn9Wx8WqRIUPbaBOZ,donation:75,Place
SCU05b,Back of SCU05,postcard,historicalImage,patched,sZarkGCWKodXiPseaU0jtt,donation:75,Place
SCU06,"Schuylkill, Valley Forge",postcard,historicalImage,patched,uBwiUtn9Wx8WqRIUPbaCCm,Schuylkill; donation:75,Place
SCU06b,Back of SCU06,postcard,historicalImage,patched,otUyWOFVcxQBV4wYWiFl4N,donation:75,Place
STI13,Stirlings Quarters,postcard,historicalImage,patched,otUyWOFVcxQBV4wYWiFlzP,Tredyffrin; House; donation:75,
STI13b,Back of STI13,postcard,historicalImage,patched,uBwiUtn9Wx8WqRIUPbaDg4,Tredyffrin; House; donation:75,
TOH05,Cornwallis Quarters,postcard,historicalImage,patched,QURrE7XE7opu5o5GpcG5GW,Tredyffrin; House; donation:75,
TOH05b,Back of TOH05,postcard,historicalImage,patched,uBwiUtn9Wx8WqRIUPbaEPi,Tredyffrin; House; donation:75,
UFG13,"Upper Forge, Valley Forge",postcard,historicalImage,patched,QURrE7XE7opu5o5GpcG5dG,Schuylkill; Business; donation:75,
UFG13b,Back of UFG13,postcard,historicalImage,patched,otUyWOFVcxQBV4wYWiFo6F,Schuylkill; Business; donation:75,
VC14,Valley Creek,postcard,historicalImage,patched,sZarkGCWKodXiPseaU0kS0,Schuylkill; donation:75,Place
VC14b,Back of VC14,postcard,historicalImage,patched,sZarkGCWKodXiPseaU0kY4,Schuylkill,Place; donation:0
VC15,Valley Creek Road,postcard,historicalImage,patched,otUyWOFVcxQBV4wYWiFq9j,Schuylkill; donation:75,Road
VC15b,Back of VC15,postcard,historicalImage,patched,sZarkGCWKodXiPseaU0ket,Schuylkill; donation:75,Road
VC16,Valley Creek Road,postcard,historicalImage,patched,QURrE7XE7opu5o5GpcG7Js,Tredyffrin; donation:75,Road
VC16b,Back of VC16,postcard,historicalImage,patched,sZarkGCWKodXiPseaU0kkx,Tredyffrin; donation:75,Road
VC17,Valley Creek,postcard,historicalImage,patched,QURrE7XE7opu5o5GpcG7Sy,Schuylkill; donation:75,Place
VC17b,Back of VC17,postcard,historicalImage,patched,sZarkGCWKodXiPseaU0l5Q,Schuylkill; donation:75,Place
VFD14,Valley Creek 1790s Dam,postcard,historicalImage,patched,uBwiUtn9Wx8WqRIUPbaI1N,Schuylkill; Mill; donation:75,
VFD14b,Back of VFD14,postcard,historicalImage,patched,sZarkGCWKodXiPseaU0l8S,Schuylkill; Mill; donation:75,
VFD15,Valley Creek 1790s Dam,postcard,historicalImage,patched,otUyWOFVcxQBV4wYWiFuXT,Schuylkill; Mill; donation:75,
VFD15b,Back of VFD15,postcard,historicalImage,patched,uBwiUtn9Wx8WqRIUPbaKEJ,Schuylkill; Mill; donation:75,
VFD16,Valley Creek 1930s Dam,postcard,historicalImage,patched,uBwiUtn9Wx8WqRIUPbaKb8,Schuylkill; donation:75,Place
VFD16b,Back of VFD16,postcard,historicalImage,patched,uBwiUtn9Wx8WqRIUPbaMMg,Schuylkill; donation:75,Place
VFP82,Washingtons Headquarter’s area,postcard,historicalImage,patched,otUyWOFVcxQBV4wYWiFvLn,Upper Merion; donation:75,View
VFP82b,Back of VFP82,postcard,historicalImage,patched,sZarkGCWKodXiPseaU0lVC,Upper Merion; donation:75,View
VFP83,Star Rebdoubt,postcard,historicalImage,patched,sZarkGCWKodXiPseaU0lc1,Upper Merion; Military; donation:75,
VFP83b,Back of VFP83,postcard,historicalImage,patched,sZarkGCWKodXiPseaU0leI,Upper Merion; Military; donation:75,
VFP84,"State Road, Valley Forge",postcard,historicalImage,patched,uBwiUtn9Wx8WqRIUPbaPWx,donation:75,Road
VFP84b,Back of VFP84,postcard,historicalImage,patched,uBwiUtn9Wx8WqRIUPbaQPj,donation:75,Road
VFP85,Huntingdon’s Redoubt,postcard,historicalImage,patched,sZarkGCWKodXiPseaU0lmd,Upper Merion; Military; donation:75,
VFP85b,Back of VFP85,postcard,historicalImage,patched,sZarkGCWKodXiPseaU0lpf,Upper Merion; Military; donation:75,
VFP86,"Schoolhouse, Valley Forge",postcard,historicalImage,patched,uBwiUtn9Wx8WqRIUPbaQvg,Upper Merion; School; donation:75,
VFP86b,Back of VFP86,postcard,historicalImage,patched,uBwiUtn9Wx8WqRIUPbaSBH,Upper Merion; School; donation:75,
VFP87,"Washington’s Lane, Valley Forge",postcard,historicalImage,patched,sZarkGCWKodXiPseaU0m3J,Upper Merion; donation:75,Road
VFP87b,Back of VFP87,postcard,historicalImage,patched,sZarkGCWKodXiPseaU0mcB,Upper Merion; donation:75,Road
VFP88,"Old Forge, Valley Forge",postcard,historicalImage,patched,otUyWOFVcxQBV4wYWiFyl9,Business; donation:75,
VFP88b,Back of VFP88,postcard,historicalImage,patched,sZarkGCWKodXiPseaU0mgj,Business; donation:75,
VFP89,"Boulevard, Valley Forge",postcard,historicalImage,patched,uBwiUtn9Wx8WqRIUPbaVCQ,Upper Merion; donation:75,Road
VFP89b,Back of VFP89,postcard,historicalImage,patched,sZarkGCWKodXiPseaU0nRj,Upper Merion; donation:75,Road
VFP90,"Wayne’s Statue, Valley Forge",postcard,historicalImage,patched,uBwiUtn9Wx8WqRIUPbaViN,Tredyffrin; Military; donation:75,
VFP90b,Back of VFP90,postcard,historicalImage,patched,uBwiUtn9Wx8WqRIUPbaXvJ,Tredyffrin; Military; donation:75,
VFP91,"Entrenchments, Valley Forge",postcard,historicalImage,patched,otUyWOFVcxQBV4wYWiG3CF,Upper Merion; Military; donation:75,
VFP91b,Back of VFP91,postcard,historicalImage,patched,otUyWOFVcxQBV4wYWiG3MJ,Upper Merion; Military; donation:75,
VFP92,"Waterman’s Monument, Valley Forge",postcard,historicalImage,patched,otUyWOFVcxQBV4wYWiG43v,Upper Merion; Military; donation:75,
VFP92b,Back of VFP92,postcard,historicalImage,patched,uBwiUtn9Wx8WqRIUPbaZz7,Upper Merion; Business; donation:75,
VFP93,"Winter Quarters, Valley Forge",postcard,historicalImage,patched,sZarkGCWKodXiPseaU0o2s,Military; donation:75,
VFP93b,Back of VFP93,postcard,historicalImage,patched,uBwiUtn9Wx8WqRIUPbab5a,Military; donation:75,
VFP94,Chair made from Valley Forge wood,postcard,historicalImage,patched,otUyWOFVcxQBV4wYWiG52J,Cultural; donation:75,
VFP94b,Back of VFP94,postcard,historicalImage,patched,uBwiUtn9Wx8WqRIUPbacGc,Cultural; donation:75,
VFP95,View of Valley Forge,postcard,historicalImage,patched,uBwiUtn9Wx8WqRIUPbakMi,donation:75,View
VFP95b,Back of VFP95,postcard,historicalImage,patched,sZarkGCWKodXiPseaU0oho,donation:75,View
VFP96,"Waterman’s Monument, Valley Forge",postcard,historicalImage,patched,sZarkGCWKodXiPseaU0pJi,Upper Merion; Military; donation:75,
VFP96b,Back of VFP96,postcard,historicalImage,patched,otUyWOFVcxQBV4wYWiG8iR,Upper Merion; Military; donation:75,
VFS03,Valley Forge Station,postcard,historicalImage,patched,sZarkGCWKodXiPseaU0pu6,Upper Merion; Railroad; donation:75,
VFS03b,Back of VFS03,postcard,historicalImage,patched,otUyWOFVcxQBV4wYWiG9Fz,Upper Merion; Railroad; donation:75,
VFS04,Valley Forge Station,postcard,historicalImage,patched,uBwiUtn9Wx8WqRIUPbapfM,Upper Merion; Railroad; donation:75,
VFS04b,Back of VFS04,postcard,historicalImage,patched,sZarkGCWKodXiPseaU0q7k,Upper Merion; Railroad; donation:75,
VFV20,Valley Forge Houses,postcard,historicalImage,patched,sZarkGCWKodXiPseaU0qEZ,Upper Merion; House; donation:75,
VFV20b,Back of VFV20,postcard,historicalImage,patched,uBwiUtn9Wx8WqRIUPbaqhG,Upper Merion; House; donation:75,
WAM15,Darby Creek at Waterloo Mills,postcard,historicalImage,patched,sZarkGCWKodXiPseaU0r6O,Easttown; donation:75,View
WAM15b,Back of WAM15,postcard,historicalImage,patched,otUyWOFVcxQBV4wYWiGHdz,Easttown; donation:75,View
WAY13,Waynesborough,postcard,historicalImage,patched,otUyWOFVcxQBV4wYWiGJ9v,Easttown; House; donation:75,
WAY13b,Back of WAY13,postcard,historicalImage,patched,otUyWOFVcxQBV4wYWiGIfj,Easttown; House; donation:75,
WHQ44,Washington’s Headquarters,postcard,historicalImage,patched,uBwiUtn9Wx8WqRIUPbasl4,Upper Merion; House; donation:75,
WHQ44b,Back of WHQ44,postcard,historicalImage,patched,otUyWOFVcxQBV4wYWiGJrX,Upper Merion; House; donation:75,
WHQ45,Washington’s Headquarters,postcard,historicalImage,patched,sZarkGCWKodXiPseaU0rjo,Upper Merion; House; donation:75,
WHQ45b,Back of WHQ45,postcard,historicalImage,patched,sZarkGCWKodXiPseaU0rrO,Upper Merion; House; donation:75,
WHQ46,Washington’s Headquarters,postcard,historicalImage,patched,otUyWOFVcxQBV4wYWiGNb1,Upper Merion; House; donation:75,
WHQ46b,Back of WHQ46,postcard,historicalImage,patched,otUyWOFVcxQBV4wYWiGNNb,Upper Merion; House; donation:75,
WHQ47,Washingtons Headquarter’s Interior,postcard,historicalImage,patched,otUyWOFVcxQBV4wYWiGNoR,Upper Merion; House; donation:75,
WHQ47b,Back of WHQ47,postcard,historicalImage,patched,otUyWOFVcxQBV4wYWiGOLz,Upper Merion; House; donation:75,
WHQ48,Washington’s Headquarters,postcard,historicalImage,patched,uBwiUtn9Wx8WqRIUPbb41R,Upper Merion; House; donation:75,
WHQ48b,Back of WHQ48,postcard,historicalImage,patched,sZarkGCWKodXiPseaU0tGZ,Upper Merion; House; donation:75,
WHQ49,Washington’s Headquarters,postcard,historicalImage,patched,uBwiUtn9Wx8WqRIUPbb60g,Upper Merion; House; donation:75,
WHQ49b,Back of WHQ49,postcard,historicalImage,patched,uBwiUtn9Wx8WqRIUPbb5mz,Upper Merion; House; donation:75,
WHQ50,Washingtons Headquarter’s Interior,postcard,historicalImage,patched,otUyWOFVcxQBV4wYWiGSIt,Upper Merion; House; donation:75,
WHQ50b,Back of WHQ50,postcard,historicalImage,patched,uBwiUtn9Wx8WqRIUPbb7GH,Upper Merion; House; donation:75,
WHQ51,Rear of Washington’s Headquarters,postcard,historicalImage,patched,otUyWOFVcxQBV4wYWiGTY3,Upper Merion; House; donation:75,
WHQ51b,Back of WHQ51,postcard,historicalImage,patched,sZarkGCWKodXiPseaU0te4,Upper Merion; House; donation:75,
WSP03,Washington’s Spring,postcard,historicalImage,patched,uBwiUtn9Wx8WqRIUPbbEzY,Upper Merion; donation:75,Place
WSP03b,Back of WSP03,postcard,historicalImage,patched,uBwiUtn9Wx8WqRIUPbbFDF,Upper Merion; donation:75,Place
WSP04,Washington’s Spring,postcard,historicalImage,patched,otUyWOFVcxQBV4wYWiGVRT,Upper Merion; donation:75,Place
BE181,Rooftops of Berwyn,photo,historicalImage,patched,otUyWOFVcxQBV4wYWiGW2N,Easttown; donation:76,View
WSP04b,Back of WSP04,postcard,historicalImage,patched,sZarkGCWKodXiPseaU0u3q,Upper Merion; donation:75,Place
BE182,"Upper Bridge, Berwyn",photo,historicalImage,patched,otUyWOFVcxQBV4wYWiGWMV,Easttown; donation:76,Road
BPB01,Betner Paper Bag Company,photo,historicalImage,patched,otUyWOFVcxQBV4wYWiGWjz,Easttown; Business; donation:76,
BET19,"Berwyn Theater, Cassatt Avenue",photo,historicalImage,patched,otUyWOFVcxQBV4wYWiGWZv,Easttown; Business; donation:76,
BPB02,Betner Paper Bag Company,photo,historicalImage,patched,otUyWOFVcxQBV4wYWiGWxP,Easttown; Business; donation:76,
BPS08,Former Berwyn Primary School,photo,historicalImage,patched,sZarkGCWKodXiPseaU0vly,Easttown; School; donation:76,
BPS07,Former Berwyn Primary School,photo,historicalImage,patched,uBwiUtn9Wx8WqRIUPbbNbb,Easttown; School; donation:76,
BRS01,"Brace’s Store, Lincoln and Waterloo",photo,historicalImage,patched,uBwiUtn9Wx8WqRIUPbbOYw,Easttown; Business; donation:76,
BUS53,Former Betner Gas Station,photo,historicalImage,patched,uBwiUtn9Wx8WqRIUPbbPaq,Easttown; Business; donation:76,
BUS54,"Taxi Stand, Cassatt and Bridge, Berwyn",photo,historicalImage,patched,sZarkGCWKodXiPseaU0w5g,Easttown; Business; donation:76,
DBG01,Devon Building Supply,photo,historicalImage,patched,uBwiUtn9Wx8WqRIUPbbQTc,Easttown; Business; donation:76,
DBG02,Devon Building Supply,photo,historicalImage,patched,uBwiUtn9Wx8WqRIUPbbQzZ,Easttown; Business; donation:76,
ETS12,Easttown School (colorized),photo,historicalImage,patched,otUyWOFVcxQBV4wYWiGbpL,Easttown; School; donation:76,
DRS33,Diamond Rock School,photo,historicalImage,patched,otUyWOFVcxQBV4wYWiGbYZ,Tredyffrin; School; donation:76,
FBB13,Former Berwyn Baptist Chapel,photo,historicalImage,patched,sZarkGCWKodXiPseaU0wSQ,Tredyffrin; Church; donation:76,
FRL07,Fritz Lumber,photo,historicalImage,patched,otUyWOFVcxQBV4wYWiGcaJ,Easttown; Business; donation:76,
FRL08,Fritz Lumber,photo,historicalImage,patched,sZarkGCWKodXiPseaU0wVS,Easttown; Business; donation:76,
FRL09,Fritz Lumber,photo,historicalImage,patched,sZarkGCWKodXiPseaU0wal,Easttown; Business; donation:76,
FXI02,"Former Fox Inn, Conestoga Road",photo,historicalImage,patched,sZarkGCWKodXiPseaU0wha,Easttown; Inn; donation:76,
FXI01,"Former Fox Inn, Conestoga Road",photo,historicalImage,patched,uBwiUtn9Wx8WqRIUPbbSpg,Easttown; Inn; donation:76,
HOU173,Former Burns House,photo,historicalImage,patched,uBwiUtn9Wx8WqRIUPbbUWf,House; donation:76,
HOU175,"Hillcrest, Conestoga Road",photo,historicalImage,patched,uBwiUtn9Wx8WqRIUPbbVPR,Tredyffrin; House; donation:76,
HOU174,"Former Fritz Stable, Conestoga Road",photo,historicalImage,patched,uBwiUtn9Wx8WqRIUPbbUov,House; donation:76,
HOU176,Robinson - Welburn Lodge,photo,historicalImage,patched,sZarkGCWKodXiPseaU0wyG,Easttown; House; donation:76,
LAB58,"Lancaster Avenue, Berwyn",photo,historicalImage,patched,otUyWOFVcxQBV4wYWiGexv,Easttown; Business; donation:76,
HOU177,"Fritz House, Conestoga Road",photo,historicalImage,patched,sZarkGCWKodXiPseaU0x1I,House; donation:76,
LAB59,"Lancaster Avenue, Berwyn",photo,historicalImage,patched,uBwiUtn9Wx8WqRIUPbbXK7,Easttown; Business; donation:76,
LAB61,"Lancaster Avenue, Berwyn",photo,historicalImage,patched,uBwiUtn9Wx8WqRIUPbba7Z,Easttown; Business; donation:76,
LAB60,"Lancaster Avenue, Berwyn",photo,historicalImage,patched,sZarkGCWKodXiPseaU0x9d,Easttown; Business; donation:76,
LAB62,"Lancaster Avenue, Berwyn",photo,historicalImage,patched,uBwiUtn9Wx8WqRIUPbbaYx,Easttown; Business; donation:76,
LAB63,"Lancaster Avenue, Berwyn",photo,historicalImage,patched,uBwiUtn9Wx8WqRIUPbbbWI,Easttown; Business; donation:76,
LAB64,"Bronze Building, Lancaster Avenue, Berwyn",photo,historicalImage,patched,otUyWOFVcxQBV4wYWiGfwJ,Easttown; Business; donation:76,
LAB65,"Lancaster Avenue, Berwyn",photo,historicalImage,patched,otUyWOFVcxQBV4wYWiGg31,Easttown; Business; donation:76,
LAB66,"Corner of Lancaster and Bridge, Berwyn",photo,historicalImage,patched,sZarkGCWKodXiPseaU0xX8,Business; donation:76,
LAB67,"Corner of Lancaster and Bridge, Berwyn",photo,historicalImage,patched,sZarkGCWKodXiPseaU0xYe,Easttown; donation:76,Place
LAB68,"Corner of Lancaster and Bridge, Berwyn",photo,historicalImage,patched,sZarkGCWKodXiPseaU0xbg,Easttown; donation:76,Place
LAB69,"Corner of Lancaster and Bridge, Berwyn",photo,historicalImage,patched,uBwiUtn9Wx8WqRIUPbbdjE,Easttown; donation:76,Place
OLA122,"L. K. Burket & Brothers, Wayne",photo,historicalImage,patched,otUyWOFVcxQBV4wYWiGht5,Radnor; Business; donation:76,
RML30,Strafford Station,photo,historicalImage,patched,sZarkGCWKodXiPseaU0xno,Tredyffrin; School; donation:76,
RBE22,Berwyn Station,photo,historicalImage,patched,otUyWOFVcxQBV4wYWiGikl,Easttown; Railroad; donation:76,
RBE23,Berwyn Station,photo,historicalImage,patched,sZarkGCWKodXiPseaU0xw9,Easttown; Railroad; donation:76,
RBE24,Trim on Berwyn Station,photo,historicalImage,patched,otUyWOFVcxQBV4wYWiGj8F,Easttown; Railroad; donation:76,
RML29,Radnor Station,photo,historicalImage,patched,sZarkGCWKodXiPseaU0y60,Radnor; Railroad; donation:76,
SPT02,Sproxton,photo,historicalImage,patched,otUyWOFVcxQBV4wYWiGk3H,Easttown; House; donation:76,
SHT05,Former Springhouse Inn,photo,historicalImage,patched,otUyWOFVcxQBV4wYWiGjtD,Easttown; Inn; donation:76,
SSB01,Surrey Services,photo,historicalImage,patched,otUyWOFVcxQBV4wYWiGkeB,Easttown; donation:76,Service
SSB02,Surrey Services,photo,historicalImage,patched,uBwiUtn9Wx8WqRIUPbbgkN,Easttown; donation:76,Service
SSB03,Surrey Services,photo,historicalImage,patched,uBwiUtn9Wx8WqRIUPbbgWg,Easttown; donation:76,Service
STR16,"Corner of Lancaster Avenue and Old Eagle Road, Strafford",photo,historicalImage,patched,otUyWOFVcxQBV4wYWiGlfv,Tredyffrin; donation:76,Place
STR17,"Corner of Lancaster Avenue and Old Eagle Road, Strafford",photo,historicalImage,patched,sZarkGCWKodXiPseaU0yOC,Tredyffrin; donation:76,Place
STR18,"Corner of Lancaster Avenue and Old Eagle Road, Strafford",photo,historicalImage,patched,sZarkGCWKodXiPseaU0yLv,Tredyffrin; donation:76,Place
STR19,"Corner of Lancaster Avenue and Old Eagle Road, Strafford",photo,historicalImage,patched,sZarkGCWKodXiPseaU0yVm,Tredyffrin; donation:76,Place
STR20,"Corner of Lancaster Avenue and Old Eagle Road, Strafford",photo,historicalImage,patched,otUyWOFVcxQBV4wYWiGmhf,Tredyffrin; donation:76,Place
TPC22,"Interior of Trinity Presbyterian Church, Berwyn",photo,historicalImage,patched,otUyWOFVcxQBV4wYWiGmNX,Easttown; Church; donation:76,
TPC23,"Interior of Trinity Presbyterian Church, Berwyn",photo,historicalImage,patched,otUyWOFVcxQBV4wYWiGmyR,Easttown; Church; donation:76,
TPC24,"Trinity Presbyterian Church, Berwyn",photo,historicalImage,patched,sZarkGCWKodXiPseaU0yes,Easttown; Church; donation:76,
WAB08,"Waterloo Avenue, Berwyn",photo,historicalImage,patched,otUyWOFVcxQBV4wYWiGnLv,Easttown; donation:76,Road
WAB09,"Waterloo Avenue, Berwyn",photo,historicalImage,patched,uBwiUtn9Wx8WqRIUPbbkVA,Easttown; donation:76,Road
WAY14,Waynesborough,postcard,historicalImage,patched,uBwiUtn9Wx8WqRIUPbbl5g,Easttown; House; donation:76,
WAY15,Waynesborough,postcard,historicalImage,patched,sZarkGCWKodXiPseaU0ypU,Easttown; House; donation:76,
WRD09,"Waterloo Road, Devon",photo,historicalImage,patched,uBwiUtn9Wx8WqRIUPbbmUP,Easttown; donation:76,Road
BAV06,Berwyn Avenue,photo,historicalImage,patched,uBwiUtn9Wx8WqRIUPbbn9U,Easttown; donation:76,Road
BAV05,Berwyn Avenue,photo,historicalImage,patched,sZarkGCWKodXiPseaU0yu2,Easttown; donation:76,Road
BAV07,Berwyn Avenue,photo,historicalImage,patched,sZarkGCWKodXiPseaU0z5P,Easttown; donation:76,Road
BE183,"World War 1 Memorial, Berwyn",photo,historicalImage,patched,sZarkGCWKodXiPseaU0zBT,Easttown; Military; donation:76,
BBC09,"Baptist Chapel, Berwyn",photo,historicalImage,patched,uBwiUtn9Wx8WqRIUPbboqT,Tredyffrin; Church; donation:76,
BE184,"Kromer Road, Wayne",photo,historicalImage,patched,uBwiUtn9Wx8WqRIUPbbpno,Radnor; donation:76,Road
BE185,"Kromer Road, Wayne",photo,historicalImage,patched,sZarkGCWKodXiPseaU0zLK,Radnor; donation:76,Road
BE186,"Kromer Road, Wayne",photo,historicalImage,patched,sZarkGCWKodXiPseaU0zJ3,Radnor; donation:76,Road
BE189,"Bridge Dedication, Berwyn",photo,historicalImage,patched,sZarkGCWKodXiPseaU0zUQ,Easttown; donation:76,Place
BE190,"Bridge Dedication, Berwyn",photo,historicalImage,patched,uBwiUtn9Wx8WqRIUPbbrLf,Easttown; donation:76,Place
BE188,"Bridge Dedication, Berwyn",photo,historicalImage,patched,otUyWOFVcxQBV4wYWiGqXr,Easttown; donation:76,Place
BE191,"Bridge Dedication, Berwyn",photo,historicalImage,patched,otUyWOFVcxQBV4wYWiGrFT,Easttown; donation:76,Place
BE192,"Bridge Dedication, Berwyn",photo,historicalImage,patched,sZarkGCWKodXiPseaU0ztR,Easttown; donation:76,Place
BE194,Rear of Bank,photo,historicalImage,patched,otUyWOFVcxQBV4wYWiGrcx,Easttown; Business; donation:76,
BE197,"Italian Lodge, Berwyn",photo,historicalImage,patched,sZarkGCWKodXiPseaU102X,Easttown; donation:76,Service
BE196,Unknown View,photo,historicalImage,patched,uBwiUtn9Wx8WqRIUPbbuVw,Easttown; donation:76,Place
BE195,Billboard and Shed,photo,historicalImage,patched,uBwiUtn9Wx8WqRIUPbbthj,Easttown; donation:76,Place
BEK03,"House, Berkley Road, opposite Paist House",photo,historicalImage,patched,sZarkGCWKodXiPseaU10IS,Easttown; Business; donation:76,
BEK01,"House, Northwest corner for Berkley and Fairfield Roads, Devon",photo,historicalImage,patched,sZarkGCWKodXiPseaU109M,Easttown; House; donation:76,
BEK02,"House, Northeast corner of Berkley and Fairfield Roads, Devon",photo,historicalImage,patched,otUyWOFVcxQBV4wYWiGv91,Easttown; House; donation:76,
BEK05,"House, Berkley Road",photo,historicalImage,patched,uBwiUtn9Wx8WqRIUPbbxyT,Easttown; House; donation:76,
BEK04,"House, Berkley Road",photo,historicalImage,patched,sZarkGCWKodXiPseaU10PH,Easttown; House; donation:76,
BEK07,"House, Berkley Road, next to Paist House",photo,historicalImage,patched,uBwiUtn9Wx8WqRIUPbbyUQ,Easttown; House; donation:76,
BEK06,"Paist House, Berkley Road, Devon",photo,historicalImage,patched,sZarkGCWKodXiPseaU11VV,Easttown; House; donation:76,
BM24,Berwyn Methodist Church,photo,historicalImage,patched,uBwiUtn9Wx8WqRIUPbc0Fy,Easttown; Church; donation:76,
BM25,Berwyn Methodist Church,photo,historicalImage,patched,uBwiUtn9Wx8WqRIUPbc0YE,Easttown; Church; donation:76,
BPB03,Betner Paper Bag Company,photo,historicalImage,patched,otUyWOFVcxQBV4wYWiGwYF,Easttown; Business; donation:76,
BOC02,"Bocce Club, Lehigh Avenue, Devon",photo,historicalImage,patched,sZarkGCWKodXiPseaU11oS,Easttown; donation:76,Service
BOC01,"Bocce Club, Lehigh Avenue, Devon",photo,historicalImage,patched,sZarkGCWKodXiPseaU11hd,Easttown; donation:76,Service
BPB04,Graphic Packaging Corporation,photo,historicalImage,patched,otUyWOFVcxQBV4wYWiGwsN,Easttown; Business; donation:76,
BPB05,Graphic Packaging Corporation,photo,historicalImage,patched,uBwiUtn9Wx8WqRIUPbc5PU,Easttown; Business; donation:76,
BPB06,Graphic Packaging Corporation,photo,historicalImage,patched,otUyWOFVcxQBV4wYWiGy7X,Easttown; Business; donation:76,
BUS56,Unknown Business,photo,historicalImage,patched,uBwiUtn9Wx8WqRIUPbc7Fb,Radnor; Business; donation:76,
BUS55,Unknown Business,photo,historicalImage,patched,sZarkGCWKodXiPseaU128v,Radnor; Business; donation:76,
BPS09,Former Berwyn Primary School,photo,historicalImage,patched,otUyWOFVcxQBV4wYWiGyiR,Easttown; School; donation:76,
BUS58,Unknown Business,photo,historicalImage,patched,otUyWOFVcxQBV4wYWiH2zT,Radnor; Business; donation:76,
BUS57,Unknown Business,photo,historicalImage,patched,sZarkGCWKodXiPseaU12Im,Radnor; Business; donation:76,
BUS59,Houses behind Glass Company,photo,historicalImage,patched,otUyWOFVcxQBV4wYWiH3Tf,Easttown; Business; donation:76,
BUS60,Rear of Pearl of the East,photo,historicalImage,patched,sZarkGCWKodXiPseaU12Uu,Easttown; Business; donation:76,
BUS62,Clock Store,photo,historicalImage,patched,sZarkGCWKodXiPseaU12aD,Easttown; Business; donation:76,
BUS61,Unknown Garage,photo,historicalImage,patched,otUyWOFVcxQBV4wYWiH4Hz,Easttown; Business; donation:76,
CEH02,Cedar Tree at Cedar Hollow,photo,historicalImage,patched,uBwiUtn9Wx8WqRIUPbcCzd,Tredyffrin; donation:76,View
BUS63,Devon Nissan,photo,historicalImage,patched,sZarkGCWKodXiPseaU12oc,Easttown; Business; donation:76,
DBC01,"Darby Creek, Devon",photo,historicalImage,patched,uBwiUtn9Wx8WqRIUPbcDei,Easttown; donation:76,Place
DBC04,"Darby Creek, Devon",photo,historicalImage,patched,uBwiUtn9Wx8WqRIUPbcGbI,Easttown; donation:76,Place
DBC03,"Darby Creek, Devon",photo,historicalImage,patched,uBwiUtn9Wx8WqRIUPbcG0m,Easttown; donation:76,Place
DBC02,"Darby Creek, Devon",photo,historicalImage,patched,otUyWOFVcxQBV4wYWiH6pf,Easttown; donation:76,Place
DBC05,"Darby Creek, Devon",photo,historicalImage,patched,uBwiUtn9Wx8WqRIUPbcI99,Easttown; donation:76,Place
DBC06,"Darby Creek, Devon",photo,historicalImage,patched,sZarkGCWKodXiPseaU13Mj,Easttown; donation:76,Place
DBC07,"Darby Creek, Devon",photo,historicalImage,patched,uBwiUtn9Wx8WqRIUPbcIRP,Easttown; donation:76,Place
DEV23,"Holloway Estate, Devon",photo,historicalImage,patched,sZarkGCWKodXiPseaU141f,Easttown; House; donation:76,
DBC08,"Darby Creek, Devon",photo,historicalImage,patched,uBwiUtn9Wx8WqRIUPbcJFc,Easttown; Business; donation:76,
DBC09,"Darby Creek, Devon",photo,historicalImage,patched,uBwiUtn9Wx8WqRIUPbcK8O,Easttown; donation:76,Place
DOY01,Doyle & McDonnell Nursery,photo,historicalImage,patched,sZarkGCWKodXiPseaU149F,Tredyffrin; Business; donation:76,
DUP09,Duportail House,photo,historicalImage,patched,sZarkGCWKodXiPseaU14Dn,Tredyffrin; House; donation:76,
FAB03,"First Avenue, Berwyn",photo,historicalImage,patched,otUyWOFVcxQBV4wYWiHC55,Easttown; donation:76,Road
FXI03,"Fox Inn, rear view",photo,historicalImage,patched,uBwiUtn9Wx8WqRIUPbcO2J,Easttown; Inn; donation:76,
GWQ07,Wayne’s Quarters,photo,historicalImage,patched,uBwiUtn9Wx8WqRIUPbcOP8,Tredyffrin; House; donation:76,
HAM02,Hammer Hollow,photo,historicalImage,patched,otUyWOFVcxQBV4wYWiHDb1,Tredyffrin; donation:76,Place
HOU178,"54 Waterloo Avenue, Berwyn",photo,historicalImage,patched,uBwiUtn9Wx8WqRIUPbcQAg,Easttown; House; donation:76,
HOU179,Unknown House,photo,historicalImage,patched,sZarkGCWKodXiPseaU14Zm,House; donation:76,
HOU180,Unknown House,photo,historicalImage,patched,otUyWOFVcxQBV4wYWiHFR5,House; donation:76,
HOU181,Unknown House,photo,historicalImage,patched,otUyWOFVcxQBV4wYWiHG8h,House; donation:76,
HOU182,Unknown House,photo,historicalImage,patched,otUyWOFVcxQBV4wYWiHH3j,House; donation:76,
HOU183,Unknown House,photo,historicalImage,patched,sZarkGCWKodXiPseaU14v0,House; donation:76,
HOU184,Unknown House,photo,historicalImage,patched,sZarkGCWKodXiPseaU15JG,House; donation:76,
HOU185,Unknown House,photo,historicalImage,patched,uBwiUtn9Wx8WqRIUPbcTKx,House; donation:76,
HOU186,Unknown House,photo,historicalImage,patched,sZarkGCWKodXiPseaU15OZ,House; donation:76,
HOU188,Unknown House,photo,historicalImage,patched,sZarkGCWKodXiPseaU15ah,House; donation:76,
HOU187,Unknown House,photo,historicalImage,patched,sZarkGCWKodXiPseaU15Ud,House; donation:76,
HOU189,Unknown House,photo,historicalImage,patched,sZarkGCWKodXiPseaU15j2,House; donation:76,
HOU190,"54 Waterloo Avenue, Berwyn",photo,historicalImage,patched,uBwiUtn9Wx8WqRIUPbcYUT,Easttown; House; donation:76,
HOU191,"Harrison Estate, Waterloo Mills",photo,historicalImage,patched,otUyWOFVcxQBV4wYWiHJbP,Easttown; donation:76,Place
HOU192,Iddings House and Barns,photo,historicalImage,patched,sZarkGCWKodXiPseaU160T,House; donation:76,
HOU194,Iddings Barns,photo,historicalImage,patched,sZarkGCWKodXiPseaU165m,Farm; donation:76,
HOU193,Iddings Barns,photo,historicalImage,patched,uBwiUtn9Wx8WqRIUPbcbx0,House; donation:76,
HOU195,Unknown House,photo,historicalImage,patched,otUyWOFVcxQBV4wYWiHKMN,House; donation:76,
HOU197,Breeze Hill,photo,historicalImage,patched,sZarkGCWKodXiPseaU16GO,House; donation:76,
HOU196,Former Rumrill House,photo,historicalImage,patched,uBwiUtn9Wx8WqRIUPbceNd,Tredyffrin; House; donation:76,
HOU198,Overfields,photo,historicalImage,patched,sZarkGCWKodXiPseaU16MS,Easttown; House; donation:76,
HOU200,Sugartown Road House,photo,historicalImage,patched,sZarkGCWKodXiPseaU16ZL,House; donation:76,
HOU199,Hawthorne,photo,historicalImage,patched,sZarkGCWKodXiPseaU16TH,Easttown; House; donation:76,
HOU203,"Tobler House, Berwyn Avenue",photo,historicalImage,patched,sZarkGCWKodXiPseaU16t3,Easttown; House; donation:76,
HOU201,"Martha Heiman House, Bridge Avenue",photo,historicalImage,patched,otUyWOFVcxQBV4wYWiHM5j,Easttown; House; donation:76,
HOU202,Hammer Hollow Mill Pond,photo,historicalImage,patched,sZarkGCWKodXiPseaU16gA,House; donation:76,
HOU204,"Tobler House, Berwyn Avenue",photo,historicalImage,patched,uBwiUtn9Wx8WqRIUPbciM7,Easttown; Business; donation:76,
HOU205,"Tobler House, Berwyn Avenue",photo,historicalImage,patched,uBwiUtn9Wx8WqRIUPbcjEt,Easttown; House; donation:76,
HOU206,"Tobler House, Berwyn Avenue",photo,historicalImage,patched,sZarkGCWKodXiPseaU17DW,Easttown; House; donation:76,
HOU208,"Eithercoe, Pugh Road",photo,historicalImage,patched,otUyWOFVcxQBV4wYWiHQ2d,Tredyffrin; House; donation:76,
HOU207,"Tobler House, Berwyn Avenue",photo,historicalImage,patched,uBwiUtn9Wx8WqRIUPbcjbi,Easttown; House; donation:76,
HOU209,Nathan Leamy house,photo,historicalImage,patched,uBwiUtn9Wx8WqRIUPbcmv7,House; donation:76,
HOU210,Dr. R. B. Okies house,photo,historicalImage,patched,otUyWOFVcxQBV4wYWiHQqx,Tredyffrin; House; donation:76,
HOU212,Unknown House,photo,historicalImage,patched,otUyWOFVcxQBV4wYWiHRYZ,House; donation:76,
HOU211,Unknown House,photo,historicalImage,patched,otUyWOFVcxQBV4wYWiHRHn,Tredyffrin; House; donation:76,
HOU213,Unknown House,photo,historicalImage,patched,otUyWOFVcxQBV4wYWiHRzP,House; donation:76,
HOU215,Unknown House,photo,historicalImage,patched,uBwiUtn9Wx8WqRIUPbcsDl,Easttown; House; donation:76,
HOU214,Jenny Jack house,photo,historicalImage,patched,uBwiUtn9Wx8WqRIUPbcs4d,House; donation:76,
HOU216,Travelgwyn,photo,historicalImage,patched,sZarkGCWKodXiPseaU17tD,Easttown; House; donation:76,
HOU217,Travelgwyn,photo,historicalImage,patched,otUyWOFVcxQBV4wYWiHTc3,Easttown; House; donation:76,
HOU218,Travelgwyn,photo,historicalImage,patched,uBwiUtn9Wx8WqRIUPbctqB,Easttown; House; donation:76,
HOU221,The Prague (Doyle Apartments),photo,historicalImage,patched,uBwiUtn9Wx8WqRIUPbcx0S,House; donation:76,
HOU219,Unknown House,photo,historicalImage,patched,uBwiUtn9Wx8WqRIUPbcwPw,Easttown; House; donation:76,
HOU220,The Prague (Doyle Apartments),photo,historicalImage,patched,sZarkGCWKodXiPseaU1898,House; donation:76,
HOU223,Maggie Lobb house,photo,historicalImage,patched,sZarkGCWKodXiPseaU18il,Easttown; House; donation:76,
HOU224,Maggie Lobb house,photo,historicalImage,patched,otUyWOFVcxQBV4wYWiHWrL,Easttown; House; donation:76,
HOU222,"Rear of 644 Lancaster Avenue, Berwyn",photo,historicalImage,patched,uBwiUtn9Wx8WqRIUPbd0XY,Easttown; House; donation:76,
HSQ04,Howe’s and Scott’s Quarters,photo,historicalImage,patched,uBwiUtn9Wx8WqRIUPbd32k,Tredyffrin; House; donation:76,
HOU225,Back side of the Doyle and McDonald Landscape Company on Lakeside Ave Devon.,photo,historicalImage,patched,uBwiUtn9Wx8WqRIUPbd2Wn,Easttown; Business; donation:76,
HOU226,Travelgwyn,photo,historicalImage,patched,otUyWOFVcxQBV4wYWiHYNH,House; donation:76,
JRB03,Jones - Richards Barn,photo,historicalImage,patched,uBwiUtn9Wx8WqRIUPbd5Fg,Tredyffrin; Farm; donation:76,
JRB02,Jones - Richards Barn,photo,historicalImage,patched,uBwiUtn9Wx8WqRIUPbd4sr,Tredyffrin; Farm; donation:76,
JRB01,Jones - Richards Barn,photo,historicalImage,patched,sZarkGCWKodXiPseaU19IO,Tredyffrin; Farm; donation:76,
KNO07,Knox’s Quarters,photo,historicalImage,patched,sZarkGCWKodXiPseaU19v3,Tredyffrin; House; donation:76,
KNQ09,Woodford’s Quarters,photo,historicalImage,patched,uBwiUtn9Wx8WqRIUPbd7ks,Tredyffrin; House; donation:76,
JRH04,John Reese (aka Sagebeer) House,photo,historicalImage,patched,uBwiUtn9Wx8WqRIUPbd7O3,Tredyffrin; House; donation:76,
LAB70,"Lancaster Avenue, Berwyn",photo,historicalImage,patched,sZarkGCWKodXiPseaU1A5f,Easttown; donation:76,Road
LAB71,"Berwyn Shopping Center, Lancaster Avenue",photo,historicalImage,patched,otUyWOFVcxQBV4wYWiHbZD,Easttown; donation:76,Road
LAB72,"Lancaster Avenue, Berwyn",photo,historicalImage,patched,sZarkGCWKodXiPseaU1AE0,Easttown; donation:76,Road
LAB74,"Lancaster Avenue, Berwyn",photo,historicalImage,patched,otUyWOFVcxQBV4wYWiHchf,Easttown; donation:76,Road
LAB75,"Lancaster Avenue and Conestoga Road, Strafford",photo,historicalImage,patched,sZarkGCWKodXiPseaU1Adm,Easttown; donation:76,Road
LAB73,"Lancaster Avenue, Berwyn",photo,historicalImage,patched,uBwiUtn9Wx8WqRIUPbdAhS,Easttown; donation:76,Road
LAB77,"Lancaster Avenue, Strafford",photo,historicalImage,patched,otUyWOFVcxQBV4wYWiHeDb,Easttown; Business; donation:76,
LAB76,"Lancaster Avenue, Strafford",photo,historicalImage,patched,sZarkGCWKodXiPseaU1AlM,Easttown; donation:76,Road
LAB78,"Lancaster Avenue, Berwyn 14th Milepost",photo,historicalImage,patched,uBwiUtn9Wx8WqRIUPbdDib,Business; donation:76,
LAB80,"Lancaster Avenue, Berwyn",photo,historicalImage,patched,otUyWOFVcxQBV4wYWiHehn,Easttown; donation:76,Road
LAB79,"Rostok Corporation, Lancaster Avenue, Berwyn",photo,historicalImage,patched,sZarkGCWKodXiPseaU1B9c,Easttown; Business; donation:76,
LAB81,"Lancaster Avenue, Berwyn",photo,historicalImage,patched,otUyWOFVcxQBV4wYWiHfSl,Easttown; Business; donation:76,
LAB82,"Lancaster Avenue, Berwyn",photo,historicalImage,patched,sZarkGCWKodXiPseaU1BLk,Easttown; Business; donation:76,
LAB83,"Unknown Building, Lancaster Avenue, Berwyn",photo,historicalImage,patched,sZarkGCWKodXiPseaU1BSZ,Easttown; donation:76,Road
LAD03,Langdale,photo,historicalImage,patched,sZarkGCWKodXiPseaU1BXs,Easttown; House; donation:76,
LAD02,Langdale,photo,historicalImage,patched,sZarkGCWKodXiPseaU1BVb,Easttown; House; donation:76,
LAD04,Langdale,photo,historicalImage,patched,otUyWOFVcxQBV4wYWiHgrz,Easttown; House; donation:76,
LAD05,Langdale,photo,historicalImage,patched,otUyWOFVcxQBV4wYWiHhC7,Easttown; House; donation:76,
MAB02,"Main Avenue, Berwyn",photo,historicalImage,patched,uBwiUtn9Wx8WqRIUPbdJXC,Easttown; donation:76,Road
MAB03,"Main Avenue, Berwyn",photo,historicalImage,patched,sZarkGCWKodXiPseaU1CHM,Easttown; donation:76,Road
MAP02,Mannering,painting,historicalImage,patched,uBwiUtn9Wx8WqRIUPbdLRs,Easttown; House; donation:76,
MAX23,Philander Knox house,photo,historicalImage,patched,uBwiUtn9Wx8WqRIUPbdLEB,Tredyffrin; House; donation:76,
OLA123,Toland’s Wheel Pump Restaurant,photo,historicalImage,patched,sZarkGCWKodXiPseaU1CUF,Business; donation:76,
OLA124,Toland’s Wheel Pump Restaurant,photo,historicalImage,patched,uBwiUtn9Wx8WqRIUPbdMhT,Business; donation:76,
MEI01,Meineke Muflers,photo,historicalImage,patched,uBwiUtn9Wx8WqRIUPbdNHz,Easttown; Business; donation:76,
POF04,"Potter House, Leopard Road",photo,historicalImage,patched,otUyWOFVcxQBV4wYWiHmvj,Easttown; House; donation:76,
PUQ06,Pulaski’s Quarters,photo,historicalImage,patched,sZarkGCWKodXiPseaU1DVA,Tredyffrin; House; donation:76,
RBE25,Berwyn Station,photo,historicalImage,patched,otUyWOFVcxQBV4wYWiHn2R,Easttown; Railroad; donation:76,
SJP02,"St. John’s Presbyterian Church, Devon",photo,historicalImage,patched,uBwiUtn9Wx8WqRIUPbdSMw,Easttown; Church; donation:76,
RCR06,"Renovations of the Red Cross Building, Berwyn",photo,historicalImage,patched,otUyWOFVcxQBV4wYWiHoln,Easttown; donation:76,Service
SJP01,"St. Johns Presbyterian Church, Devon",photo,historicalImage,patched,uBwiUtn9Wx8WqRIUPbdQSG,Easttown; Church; donation:76,
SJP05,"St. John’s Presbyterian Church, Devon",photo,historicalImage,patched,uBwiUtn9Wx8WqRIUPbdTzM,Easttown; Church; donation:76,
SJP04,"St. Johns Presbyterian Church, Devon",photo,historicalImage,patched,sZarkGCWKodXiPseaU1E3H,Business; donation:76,
SJP03,"St. Johns Presbyterian Church, Devon",photo,historicalImage,patched,otUyWOFVcxQBV4wYWiHpMh,Easttown; Business; donation:76,
SPT03,Sproxton,photo,historicalImage,patched,otUyWOFVcxQBV4wYWiHr9P,Easttown; House; donation:76,
SMB16,St. Monica’s Parish House before demolition,photo,historicalImage,patched,sZarkGCWKodXiPseaU1EGA,Easttown; Church; donation:76,
STI14,Stirlings Quarter,photo,historicalImage,patched,otUyWOFVcxQBV4wYWiHrTX,Tredyffrin; House; donation:76,
THE01,Thomas Farm House,photo,historicalImage,patched,uBwiUtn9Wx8WqRIUPbdW7j,Tredyffrin; House; donation:76,
STR21,"War Memorial, Strafford",photo,historicalImage,patched,sZarkGCWKodXiPseaU1EUZ,Tredyffrin; Military; donation:76,
STR22,"War Memorial, Strafford",photo,historicalImage,patched,otUyWOFVcxQBV4wYWiHsVH,Business; donation:76,
THE04,Thomas Farm House,photo,historicalImage,patched,sZarkGCWKodXiPseaU1F5i,Tredyffrin; Business; donation:76,
THE02,Thomas Farm House,photo,historicalImage,patched,sZarkGCWKodXiPseaU1F0P,Tredyffrin; House; donation:76,
THE03,Thomas Farm House,photo,historicalImage,patched,uBwiUtn9Wx8WqRIUPbdX0V,Tredyffrin; House; donation:76,
VC18,"Scree Slope, Valley Creek",photo,historicalImage,patched,uBwiUtn9Wx8WqRIUPbdYG6,Tredyffrin; donation:76,View
VFD17-5011,"1930s Dam, Valley Creek",photo,historicalImage,patched,sZarkGCWKodXiPseaU1FMO,Schuylkill; Mill; donation:76,
VC19,Valley Creek and Bridge,photo,historicalImage,patched,uBwiUtn9Wx8WqRIUPbdYqc,Tredyffrin; donation:76,View
WAY16,Waynesborough Barn,photo,historicalImage,patched,sZarkGCWKodXiPseaU1Fdp,Easttown; House; donation:76,
WAB10,Waterloo Avenue,photo,historicalImage,patched,uBwiUtn9Wx8WqRIUPbdaOT,Easttown; donation:76,Road
WFH02,Wilson House,photo,historicalImage,patched,sZarkGCWKodXiPseaU1Fjt,Tredyffrin; House; donation:76,
BUS64,"Destruction of Rubins Carpet formerly Ottey Garage and Post Office, Paoli",photo,historicalImage,patched,otUyWOFVcxQBV4wYWiHxD9,Tredyffrin; Business; donation:80,
WRD10,"Waterloo Road, Devon",photo,historicalImage,patched,uBwiUtn9Wx8WqRIUPbdbLo,Tredyffrin; donation:76,Road
CEH03,Cedar Hollow,photo,historicalImage,patched,uBwiUtn9Wx8WqRIUPbddPc,Tredyffrin; Quarry,
CVR134,Cedar Hollow Station Fire,photo,historicalImage,patched,sZarkGCWKodXiPseaU1Fw1,Tredyffrin; Railroad; donation:78,
CVR136,Cedar Hollow Station Fire,photo,historicalImage,patched,sZarkGCWKodXiPseaU1GQL,Tredyffrin; Railroad; donation:78,
CVR135,Cedar Hollow Station Fire,photo,historicalImage,patched,sZarkGCWKodXiPseaU1G57,Tredyffrin; Railroad; donation:78,
CVR138,Chester Valley Railroad conductor calls from burned Cedar Hollow station 1967,photo,historicalImage,patched,sZarkGCWKodXiPseaU1Guf,Tredyffrin; Railroad; donation:3,
CVR137,Chester Valley Trail,photo,historicalImage,patched,otUyWOFVcxQBV4wYWiHyfj,Tredyffrin; Railroad; donation:47,
CVR139,"Chester Valley Trail, looking east",photo,historicalImage,patched,sZarkGCWKodXiPseaU1GyS,Tredyffrin; Railroad; donation:47,
DE10,"Dingee estate sheep pasture, Paoli",photo,historicalImage,patched,sZarkGCWKodXiPseaU1H5H,Tredyffrin; Farm; donation:5,
CVR140,Cedar Hollow Station,photo,historicalImage,patched,uBwiUtn9Wx8WqRIUPbdfzN,Tredyffrin; Railroad; donation:86,
DEI27,Original Devon Inn,photo,historicalImage,patched,sZarkGCWKodXiPseaU1HDc,Easttown; Inn; donation:79,
DET03,Detwiler House aka Andrews Farm,photo,historicalImage,patched,sZarkGCWKodXiPseaU1HOz,Tredyffrin; Farm; donation:14,
DEV24,Aerial view of Devon and Strafford showing building of K-Mart store,photo,historicalImage,patched,otUyWOFVcxQBV4wYWiI1v1,Tredyffrin; donation:80,View
DET02,Andrews Barn Fire,photo,historicalImage,patched,otUyWOFVcxQBV4wYWiI0tH,Tredyffrin; Farm; donation:78,
DHS136,Mrs James K. Robinson presents Mapleton Trophy to David O’Dell,photo,historicalImage,patched,sZarkGCWKodXiPseaU1Hhw,Easttown; donation:80,Service
DIA02,"DiAntonio’s Service Station, Devon",photo,historicalImage,patched,sZarkGCWKodXiPseaU1Hcd,Easttown; Business; donation:82,
DHS135,Directors of first Chester County Horse Show at Devon,photo,historicalImage,patched,sZarkGCWKodXiPseaU1HXK,Easttown; donation:80,Service
