key,firstName,lastName,prefix,suffix,action,sanityId
|rebecca|abel|,Rebecca,Abel,,,created,X3hCWippD6zjeklfwSOaWO
|james|abel|,James,Abel,,,created,QLw8ZVvhSqyPOxrfRetgnP
|david|acker|,David,Acker,,,created,QLw8ZVvhSqyPOxrfRetgyF
|anthony|acker|,Anthony,Acker,,,created,0k1Uv8Ew8Ls47g8R1xvEo6
|elizabeth|acker|,Elizabeth,Acker,,,created,QLw8ZVvhSqyPOxrfReth5T
|john|acker|,John,Acker,,,created,X3hCWippD6zjeklfwSOagK
|peter|acker|,Peter,Acker,,,created,0k1Uv8Ew8Ls47g8R1xvG4F
|jacob|acker|,Jacob,Acker,,,created,0k1Uv8Ew8Ls47g8R1xvFlr
|mary|acker|,Mary,Acker,,,created,QLw8ZVvhSqyPOxrfRethqR
|magdalen|acker|,Magdalen,Acker,,,created,0k1Uv8Ew8Ls47g8R1xvFv3
|william john|adam|,William John,Adam,,,created,X3hCWippD6zjeklfwSOauW
|samuel|acker|,Samuel,Acker,,,created,0k1Uv8Ew8Ls47g8R1xvHBC
|davis|adams|,Davis,Adams,,,created,QLw8ZVvhSqyPOxrfRetix5
|elizabeth|adams|,Elizabeth,Adams,,,created,0k1Uv8Ew8Ls47g8R1xvHKO
|zach|acker|,Zach,Acker,,,created,0k1Uv8Ew8Ls47g8R1xvH20
|mary|adams|,Mary,Adams,,,created,X3hCWippD6zjeklfwSObHE
|harriet|adams|,Harriet,Adams,,,created,QLw8ZVvhSqyPOxrfRetjap
|john|adams|,John,Adams,,,created,0k1Uv8Ew8Ls47g8R1xvIVw
|j. davis|adams|,J. Davis,Adams,,,created,0k1Uv8Ew8Ls47g8R1xvIoK
|horatio|adams|,Horatio,Adams,,,created,0k1Uv8Ew8Ls47g8R1xvIf8
|ezekiel|alexander|,Ezekiel,Alexander,,,created,X3hCWippD6zjeklfwSObSa
|rebecca|adams|,Rebecca,Adams,,,created,QLw8ZVvhSqyPOxrfRetkWd
|sallie|adams|,Sallie,Adams,,,created,QLw8ZVvhSqyPOxrfRetkIB
|charles|adamson|,Charles,Adamson,,,created,0k1Uv8Ew8Ls47g8R1xvK4T
|mary|adamson|,Mary,Adamson,,,created,QLw8ZVvhSqyPOxrfRetkPP
|robert|alexander|,Robert,Alexander,,,created,X3hCWippD6zjeklfwSObjc
|john|allebach|,John,Allebach,,,created,QLw8ZVvhSqyPOxrfRetlZf
|james|alexander|,James,Alexander,,,created,QLw8ZVvhSqyPOxrfRetlW3
|louisa|allebach|,Louisa,Allebach,,,created,0k1Uv8Ew8Ls47g8R1xvLd0
|margaret|allen|,Margaret,Allen,,,created,0k1Uv8Ew8Ls47g8R1xvLTo
|john|allison|,John,Allison,,,created,X3hCWippD6zjeklfwSOcAa
|john|allobaugh|,John,Allobaugh,,,created,X3hCWippD6zjeklfwSOcDQ
|abraham|america|,Abraham,America,,,created,QLw8ZVvhSqyPOxrfRetmOF
|william|allen|,William,Allen,,,created,QLw8ZVvhSqyPOxrfRetmch
|jonathan|alloway|,Jonathan,Alloway,,,created,QLw8ZVvhSqyPOxrfRetmVT
|thomas|america|,Thomas,America,,,created,QLw8ZVvhSqyPOxrfRetnRH
|catherine|anders|,Catherine,Anders,,,created,0k1Uv8Ew8Ls47g8R1xvN6w
|abraham|anders|,Abraham,Anders,,,created,X3hCWippD6zjeklfwSOcXI
|george|anders|,George,Anders,,,created,X3hCWippD6zjeklfwSOca8
|martha|america|,Martha,America,,,created,QLw8ZVvhSqyPOxrfRetnK3
|d. f.|anderson|,D. F.,Anderson,,,created,X3hCWippD6zjeklfwSOd16
|joseph|anders|,Joseph,Anders,,,created,0k1Uv8Ew8Ls47g8R1xvNqu
|a. crawford|anderson|,A. Crawford,Anderson,,,created,X3hCWippD6zjeklfwSOcyG
|john|anders|,John,Anders,,,created,X3hCWippD6zjeklfwSOcvQ
|samuel|anders|,Samuel,Anders,,,created,0k1Uv8Ew8Ls47g8R1xvO06
|david|anderson|,David,Anderson,,,created,X3hCWippD6zjeklfwSOdKy
|harriet|anderson|,Harriet,Anderson,,,created,QLw8ZVvhSqyPOxrfRetoxD
|edward|anderson|,Edward,Anderson,,,created,X3hCWippD6zjeklfwSOdNo
|eber|anderson|,Eber,Anderson,,,created,0k1Uv8Ew8Ls47g8R1xvOxr
|everett|anderson|,Everett,Anderson,,,created,0k1Uv8Ew8Ls47g8R1xvP73
|j. l.|anderson|,J. L.,Anderson,,,created,X3hCWippD6zjeklfwSOdom
|james|anderson|,James,Anderson,,,created,X3hCWippD6zjeklfwSOdnM
|jonathan|anderson|,Jonathan,Anderson,,,created,QLw8ZVvhSqyPOxrfRetpQ7
|isaac|anderson|,Isaac,Anderson,,,created,0k1Uv8Ew8Ls47g8R1xvRU9
|jacob|anderson|,Jacob,Anderson,,,created,0k1Uv8Ew8Ls47g8R1xvRdL
|mary|anderson|,Mary,Anderson,,,created,X3hCWippD6zjeklfwSOe2y
|maria|anderson|,Maria,Anderson,,,created,X3hCWippD6zjeklfwSOe5o
|joseph e.|anderson|,Joseph E.,Anderson,,,created,0k1Uv8Ew8Ls47g8R1xvStU
|joseph|anderson|,Joseph,Anderson,,,created,0k1Uv8Ew8Ls47g8R1xvSkI
|julius|anderson|,Julius,Anderson,,,created,QLw8ZVvhSqyPOxrfRetq3r
|patrick|anderson|,Patrick,Anderson,,,created,X3hCWippD6zjeklfwSOeK0
|thomas|annat|,Thomas,Annat,,,created,X3hCWippD6zjeklfwSOeMq
|rebecca|anderson|,Rebecca,Anderson,,,created,0k1Uv8Ew8Ls47g8R1xvU0R
|simon|antry|,Simon,Antry,,,created,0k1Uv8Ew8Ls47g8R1xvU9d
|wesley|anderson|,Wesley,Anderson,,,created,QLw8ZVvhSqyPOxrfRetqhb
|ruth|arnold|,Ruth,Arnold,,,created,QLw8ZVvhSqyPOxrfRetrSZ
|james|arnold|,James,Arnold,,,created,QLw8ZVvhSqyPOxrfRetrLL
|samuel|archer|,Samuel,Archer,,,created,0k1Uv8Ew8Ls47g8R1xvVBz
|john|armit|,John,Armit,,,created,0k1Uv8Ew8Ls47g8R1xvVLB
|samuel|arnold|,Samuel,Arnold,,,created,0k1Uv8Ew8Ls47g8R1xvVUN
|george|ashbridge|,George,Ashbridge,,,created,X3hCWippD6zjeklfwSOexk
|jane|ashbridge|,Jane,Ashbridge,,,created,QLw8ZVvhSqyPOxrfRets6J
|valentine|ashenfelter|,Valentine,Ashenfelter,,,created,0k1Uv8Ew8Ls47g8R1xvWS8
|sarah|auld|,Sarah,Auld,,,created,0k1Uv8Ew8Ls47g8R1xvWyJ
|ezekiel|auld|,Ezekiel,Auld,,,created,0k1Uv8Ew8Ls47g8R1xvWbK
|catherine|barber|,Catherine,Barber,,,created,X3hCWippD6zjeklfwSOfHc
|john|barde|,John,Barde,,,created,QLw8ZVvhSqyPOxrfRett27
|ann|barnes|,Ann,Barnes,,,created,QLw8ZVvhSqyPOxrfRett9L
|samuel|barber|,Samuel,Barber,,,created,QLw8ZVvhSqyPOxrfRetsut
|ann|barde|,Ann,Barde,,,created,0k1Uv8Ew8Ls47g8R1xvXrT
|joseph|barnes|,Joseph,Barnes,,,created,X3hCWippD6zjeklfwSOfeK
|john|barnes|,John,Barnes,,,created,X3hCWippD6zjeklfwSOfcu
|john|barte|,John,Barte,,,created,QLw8ZVvhSqyPOxrfRettuJ
|john|barren|,John,Barren,,,created,0k1Uv8Ew8Ls47g8R1xvYpE
|edward|bartholomew|,Edward,Bartholomew,,,created,QLw8ZVvhSqyPOxrfRetu1X
|john|bartholomew|,John,Bartholomew,,,created,X3hCWippD6zjeklfwSOfyC
|lewis|bath|,Lewis,Bath,,,created,X3hCWippD6zjeklfwSOg12
|isabel|bartholomew|,Isabel,Bartholomew,,,created,X3hCWippD6zjeklfwSOfvM
|thomas|bateman|,Thomas,Bateman,,,created,QLw8ZVvhSqyPOxrfRetubf
|joseph|bartholomew|,Joseph,Bartholomew,,,created,0k1Uv8Ew8Ls47g8R1xvZra
|benjamin f.|bean|,Benjamin F.,Bean,,,created,X3hCWippD6zjeklfwSOgKu
|charles|batt|,Charles,Batt,,,created,0k1Uv8Ew8Ls47g8R1xvag9
|eleanor|batt|,Eleanor,Batt,,,created,0k1Uv8Ew8Ls47g8R1xvayX
|john|baum|,John,Baum,,,created,QLw8ZVvhSqyPOxrfRetvlv
|william|bavis|,William,Bavis,,,created,0k1Uv8Ew8Ls47g8R1xvapL
|george|bean|,George,Bean,,,created,X3hCWippD6zjeklfwSOgbw
|george w.|bean|,George W.,Bean,,,created,0k1Uv8Ew8Ls47g8R1xvbdu
|mary j.|bean|,Mary J.,Bean,,,created,QLw8ZVvhSqyPOxrfRetwox
|mary r.|bean|,Mary R.,Bean,,,created,0k1Uv8Ew8Ls47g8R1xvbwI
|kate|bean|,Kate,Bean,,,created,0k1Uv8Ew8Ls47g8R1xvbn6
|samuel|bean|,Samuel,Bean,,,created,QLw8ZVvhSqyPOxrfRetyDf
|daniel|beaton|,Daniel,Beaton,,,created,X3hCWippD6zjeklfwSOgnI
|susanna|bean|,Susanna,Bean,,,created,QLw8ZVvhSqyPOxrfRetyS7
|sarah|bean|,Sarah,Bean,,,created,QLw8ZVvhSqyPOxrfRetyKt
|john|beaton|,John,Beaton,,,created,0k1Uv8Ew8Ls47g8R1xvd7q
|matthew|beaumont|,Matthew,Beaumont,,,created,X3hCWippD6zjeklfwSOh7A
|aaron|beaver|,Aaron,Beaver,,,created,X3hCWippD6zjeklfwSOhA0
|elizabeth|beaver|,Elizabeth,Beaver,,,created,0k1Uv8Ew8Ls47g8R1xve5b
|devault|beaver|,Devault,Beaver,,,created,QLw8ZVvhSqyPOxrfRetzRX
|daniel|beaver|,Daniel,Beaver,,,created,0k1Uv8Ew8Ls47g8R1xvdwP
|joseph|beaver|,Joseph,Beaver,,,created,X3hCWippD6zjeklfwSOhPc
|frances|beidler|,Frances,Beidler,,,created,X3hCWippD6zjeklfwSOhSS
|margaret|beaver|,Margaret,Beaver,,,created,X3hCWippD6zjeklfwSOhVI
|samuel|beaver|,Samuel,Beaver,,,created,QLw8ZVvhSqyPOxrfReu0CV
|ruth|beaver|,Ruth,Beaver,,,created,0k1Uv8Ew8Ls47g8R1xvfH9
|gearson|bembo|,Gearson,Bembo,,,created,X3hCWippD6zjeklfwSOhge
|elizabeth|beitler|,Elizabeth,Beitler,,,created,QLw8ZVvhSqyPOxrfReu0xT
|rees|bell|,Rees,Bell,,,created,QLw8ZVvhSqyPOxrfReu14h
|mary|bell|,Mary,Bell,,,created,0k1Uv8Ew8Ls47g8R1xvgSh
|ann|benezet|,Ann,Benezet,,,created,0k1Uv8Ew8Ls47g8R1xvgbt
|frank|benjamin|,Frank,Benjamin,,,created,X3hCWippD6zjeklfwSOi0W
|sarah|benjamin|,Sarah,Benjamin,,,created,X3hCWippD6zjeklfwSOi3M
|daniel|bennizen|,Daniel,Bennizen,,,created,QLw8ZVvhSqyPOxrfReu20V
|james|benezet|,James,Benezet,,,created,QLw8ZVvhSqyPOxrfReu1tH
|adam|benn|,Adam,Benn,,,created,0k1Uv8Ew8Ls47g8R1xvhQS
|ambrose|bequer|,Ambrose,Bequer,,,created,QLw8ZVvhSqyPOxrfReu379
|catherine|bequer|,Catherine,Bequer,,,created,X3hCWippD6zjeklfwSOiNE
|daniel|betton|,Daniel,Betton,,,created,QLw8ZVvhSqyPOxrfReu3EN
|john|benson|,John,Benson,,,created,0k1Uv8Ew8Ls47g8R1xviSo
|mary|benson|,Mary,Benson,,,created,0k1Uv8Ew8Ls47g8R1xvic0
|daniel|billew|,Daniel,Billew,,,created,X3hCWippD6zjeklfwSOieG
|anthony|binsfield|,Anthony,Binsfield,,,created,QLw8ZVvhSqyPOxrfReu4Dn
|mortimer|bickley|,Mortimer,Bickley,,,created,0k1Uv8Ew8Ls47g8R1xvjnY
|ann|billew|,Ann,Billew,,,created,0k1Uv8Ew8Ls47g8R1xvjeM
|caroline|bickley|,Caroline,Bickley,,,created,X3hCWippD6zjeklfwSOibQ
|george|bloomhart|,George,Bloomhart,,,created,X3hCWippD6zjeklfwSOj0y
|mary|blaire|,Mary,Blaire,,,created,QLw8ZVvhSqyPOxrfReu4v9
|philip|blaire|,Philip,Blaire,,,created,QLw8ZVvhSqyPOxrfReu5Gp
|isabel|bodley|,Isabel,Bodley,,,created,QLw8ZVvhSqyPOxrfReu59b
|james|bodley|,James,Bodley,,,created,QLw8ZVvhSqyPOxrfReu52N
|john|bodley|,John,Bodley,,,created,X3hCWippD6zjeklfwSOjDk
|thomas|bodley|,Thomas,Bodley,,,created,QLw8ZVvhSqyPOxrfReu691
|margaret|bodley|,Margaret,Bodley,,,created,0k1Uv8Ew8Ls47g8R1xvmAe
|sarah|bodley|,Sarah,Bodley,,,created,0k1Uv8Ew8Ls47g8R1xvm1S
|william|bodley|,William,Bodley,,,created,0k1Uv8Ew8Ls47g8R1xvmJq
|mary ann|bones|,Mary Ann,Bones,,,created,X3hCWippD6zjeklfwSOjTM
|williamina|bond|,Williamina,Bond,,,created,QLw8ZVvhSqyPOxrfReu7Ff
|george|bones|,George,Bones,,,created,QLw8ZVvhSqyPOxrfReu7Mt
|james|bones|,James,Bones,,,created,X3hCWippD6zjeklfwSOjNg
|rebecca|bones|,Rebecca,Bones,,,created,X3hCWippD6zjeklfwSOjQW
|ezekiel|bowen|,Ezekiel,Bowen,,,created,X3hCWippD6zjeklfwSOjkO
|william|bones|,William,Bones,,,created,X3hCWippD6zjeklfwSOjnE
|john|bowen|,John,Bowen,,,created,0k1Uv8Ew8Ls47g8R1xvoAl
|elizabeth|bowen|,Elizabeth,Bowen,,,created,0k1Uv8Ew8Ls47g8R1xvoT9
|george|bowen|,George,Bowen,,,created,0k1Uv8Ew8Ls47g8R1xvoJx
|sarah|bowen|,Sarah,Bowen,,,created,QLw8ZVvhSqyPOxrfReu8wR
|andrew|boyd|,Andrew,Boyd,,,created,0k1Uv8Ew8Ls47g8R1xvpeh
|rachell|bowes|,Rachell,Bowes,,,created,0k1Uv8Ew8Ls47g8R1xvpnt
|thomas|bowman|,Thomas,Bowman,,,created,0k1Uv8Ew8Ls47g8R1xvpx5
|thomas|bowen|,Thomas,Bowen,,,created,QLw8ZVvhSqyPOxrfReu93f
|margaret|boyer|,Margaret,Boyer,,,created,QLw8ZVvhSqyPOxrfReuAAJ
|r.|boyle|,R.,Boyle,,,created,QLw8ZVvhSqyPOxrfReuADv
|jacob|boyer|,Jacob,Boyer,,,created,0k1Uv8Ew8Ls47g8R1xvr8d
|benjamin|boyer|,Benjamin,Boyer,,,created,0k1Uv8Ew8Ls47g8R1xvrHp
|gainor|boyer|,Gainor,Boyer,,,created,0k1Uv8Ew8Ls47g8R1xvqzR
|mary|brady|,Mary,Brady,,,created,X3hCWippD6zjeklfwSOkVE
|cornelia|bradford|,Cornelia,Bradford,,,created,X3hCWippD6zjeklfwSOkY4
|robert|boyle|,Robert,Boyle,,,created,QLw8ZVvhSqyPOxrfReuAkR
|michael|brady|,Michael,Brady,,,created,0k1Uv8Ew8Ls47g8R1xvsXy
|rebecca|boyle|,Rebecca,Boyle,,,created,0k1Uv8Ew8Ls47g8R1xvsOm
|mary|brinton|,Mary,Brinton,,,created,X3hCWippD6zjeklfwSOkp6
|jane|brinton|,Jane,Brinton,,,created,QLw8ZVvhSqyPOxrfReuBr5
|caleb|brinton|,Caleb,Brinton,,,created,0k1Uv8Ew8Ls47g8R1xvtR8
|joseph|brinton|,Joseph,Brinton,,,created,0k1Uv8Ew8Ls47g8R1xvtjW
|catherine|brinton|,Catherine,Brinton,,,created,0k1Uv8Ew8Ls47g8R1xvtaK
|abigail|brode|,Abigail,Brode,,,created,0k1Uv8Ew8Ls47g8R1xvuqT
|julia|britton|,Julia,Britton,,,created,QLw8ZVvhSqyPOxrfReuCxj
|daniel|brode|,Daniel,Brode,,,created,QLw8ZVvhSqyPOxrfReuCqV
|thomas|brinton|,Thomas,Brinton,,,created,0k1Uv8Ew8Ls47g8R1xvuhH
|sibbilla|brinton|,Sibbilla,Brinton,,,created,QLw8ZVvhSqyPOxrfReuCjH
|harriet|brooke|,Harriet,Brooke,,,created,X3hCWippD6zjeklfwSOlIu
|mary|brooke|,Mary,Brooke,,,created,X3hCWippD6zjeklfwSOlLk
|joseph|brooke|,Joseph,Brooke,,,created,QLw8ZVvhSqyPOxrfReuDpv
|elizabeth|brook|,Elizabeth,Brook,,,created,QLw8ZVvhSqyPOxrfReuDih
|samuel|brook|,Samuel,Brook,,,created,0k1Uv8Ew8Ls47g8R1xvvoE
|samuel|brookes|,Samuel,Brookes,,,created,X3hCWippD6zjeklfwSOlcm
|sarah|brooke|,Sarah,Brooke,,,created,QLw8ZVvhSqyPOxrfReuEeV
|abraham|brower|,Abraham,Brower,,,created,0k1Uv8Ew8Ls47g8R1xvwzm
|samuel p.|broome|,Samuel P.,Broome,,,created,0k1Uv8Ew8Ls47g8R1xvwqa
|ress|brooke|,Ress,Brooke,,,created,0k1Uv8Ew8Ls47g8R1xvwhO
|john|brower|,John,Brower,,,created,X3hCWippD6zjeklfwSOlwe
|ann|brower|,Ann,Brower,,,created,QLw8ZVvhSqyPOxrfReuFPT
|elias|brown|,Elias,Brown,,,created,QLw8ZVvhSqyPOxrfReuFWh
|thomas|brown|,Thomas,Brown,,,created,0k1Uv8Ew8Ls47g8R1xvyFv
|margaret|brower|,Margaret,Brower,,,created,0k1Uv8Ew8Ls47g8R1xvy6j
|caroline|buck|,Caroline,Buck,,,created,X3hCWippD6zjeklfwSOmF6
|andrew|buchanan|,Andrew,Buchanan,,,created,0k1Uv8Ew8Ls47g8R1xvzMs
|leah|buchanan|,Leah,Buchanan,,,created,QLw8ZVvhSqyPOxrfReuGgx
|william|brown|,William,Brown,,,created,QLw8ZVvhSqyPOxrfReuGZj
|robert|buck|,Robert,Buck,,,created,X3hCWippD6zjeklfwSOmCG
|catherine|buckwalter|,Catherine,Buckwalter,,,created,X3hCWippD6zjeklfwSOmXY
|ann|buckwalter|,Ann,Buckwalter,,,created,0k1Uv8Ew8Ls47g8R1xw0mD
|christopher|buckwalter|,Christopher,Buckwalter,,,created,QLw8ZVvhSqyPOxrfReuHZ9
|daniel|buckwalter|,Daniel,Buckwalter,,,created,QLw8ZVvhSqyPOxrfReuHVX
|samuel|buckley|,Samuel,Buckley,,,created,QLw8ZVvhSqyPOxrfReuHgN
|francis|buckwalter|,Francis,Buckwalter,,,created,X3hCWippD6zjeklfwSOn72
|john|buckwalter|,John,Buckwalter,,,created,X3hCWippD6zjeklfwSOmzw
|jacob|buckwalter|,Jacob,Buckwalter,,,created,X3hCWippD6zjeklfwSOmx6
|david|buckwalter|,David,Buckwalter,,,created,QLw8ZVvhSqyPOxrfReuIK7
|elizabeth|buckwalter|,Elizabeth,Buckwalter,,,created,X3hCWippD6zjeklfwSOmuG
|joseph|buckwalter|,Joseph,Buckwalter,,,created,X3hCWippD6zjeklfwSOnGy
|samuel|buckwalter|,Samuel,Buckwalter,,,created,X3hCWippD6zjeklfwSOnJo
|mary|buckwalter|,Mary,Buckwalter,,,created,0k1Uv8Ew8Ls47g8R1xw3at
|matthias|buckwalter|,Matthias,Buckwalter,,,created,QLw8ZVvhSqyPOxrfReuJ1T
|madeline|buckwalter|,Madeline,Buckwalter,,,created,QLw8ZVvhSqyPOxrfReuIuF
|sophia|buckwalter|,Sophia,Buckwalter,,,created,X3hCWippD6zjeklfwSOnZQ
|yost|buckwalter|,Yost,Buckwalter,,,created,X3hCWippD6zjeklfwSOncG
|john|budd|,John,Budd,,,created,QLw8ZVvhSqyPOxrfReuJbb
|sarah|buckwalter|,Sarah,Buckwalter,,,created,0k1Uv8Ew8Ls47g8R1xw4dF
|rebecca|budd|,Rebecca,Budd,,,created,X3hCWippD6zjeklfwSOnf6
|sarah|budd|,Sarah,Budd,,,created,X3hCWippD6zjeklfwSOo0O
|sarah|bull|,Sarah,Bull,,,created,QLw8ZVvhSqyPOxrfReuKb1
|john|bull|,John,Bull,,,created,QLw8ZVvhSqyPOxrfReuKMZ
|john g.|bull|,John G.,Bull,,,created,QLw8ZVvhSqyPOxrfReuKTn
|thomas|burch|,Thomas,Burch,,,created,X3hCWippD6zjeklfwSOo3E
|henry|bush|,Henry,Bush,,,created,X3hCWippD6zjeklfwSOoLg
|jacob|bush|,Jacob,Bush,,,created,QLw8ZVvhSqyPOxrfReuLTD
|philip|bush|,Philip,Bush,,,created,0k1Uv8Ew8Ls47g8R1xw6dM
|joseph|butler|,Joseph,Butler,,,created,0k1Uv8Ew8Ls47g8R1xw6mY
|catherine|bush|,Catherine,Bush,,,created,QLw8ZVvhSqyPOxrfReuLLz
|mary|butler|,Mary,Butler,,,created,QLw8ZVvhSqyPOxrfReuMLP
|thomas|butler|,Thomas,Butler,,,created,QLw8ZVvhSqyPOxrfReuM6x
|john|butterwa|,John,Butterwa,,,created,0k1Uv8Ew8Ls47g8R1xw82h
|norman|butler|,Norman,Butler,,,created,0k1Uv8Ew8Ls47g8R1xw7tV
|william|butt|,William,Butt,,,created,QLw8ZVvhSqyPOxrfReuMEB
|susanna|buzzard|,Susanna,Buzzard,,,created,X3hCWippD6zjeklfwSOp7w
|simon|buzzard|,Simon,Buzzard,,,created,X3hCWippD6zjeklfwSOp56
|frederick|buzzard|,Frederick,Buzzard,,,created,QLw8ZVvhSqyPOxrfReuNOR
|ann|byers|,Ann,Byers,,,created,QLw8ZVvhSqyPOxrfReuNVf
|simeon|buxxard|,Simeon,Buxxard,,,created,QLw8ZVvhSqyPOxrfReuNHD
|benjamin|byers|,Benjamin,Byers,,,created,X3hCWippD6zjeklfwSOpaK
|john|byers|,John,Byers,,,created,QLw8ZVvhSqyPOxrfReuORT
|elizabeth|byers|,Elizabeth,Byers,,,created,0k1Uv8Ew8Ls47g8R1xwA7P
|joseph|byers|,Joseph,Byers,,,created,QLw8ZVvhSqyPOxrfReuOKF
|martha|byers|,Martha,Byers,,,created,0k1Uv8Ew8Ls47g8R1xwAGb
|peter|caffery|,Peter,Caffery,,,created,X3hCWippD6zjeklfwSOpn6
|margaret|calaghan|,Margaret,Calaghan,,,created,X3hCWippD6zjeklfwSOppw
|mary|cain|,Mary,Cain,,,created,QLw8ZVvhSqyPOxrfReuPNH
|john|cain|,John,Cain,,,created,QLw8ZVvhSqyPOxrfReuPG3
|samuel|byers|,Samuel,Byers,,,created,QLw8ZVvhSqyPOxrfReuPUV
|samuel|canby|,Samuel,Canby,,,created,X3hCWippD6zjeklfwSOqBE
|james|callaghan|,James,Callaghan,,,created,X3hCWippD6zjeklfwSOq8O
|william|caneford|,William,Caneford,,,created,QLw8ZVvhSqyPOxrfReuQQJ
|patrick|calaghan|,Patrick,Calaghan,,,created,0k1Uv8Ew8Ls47g8R1xwBNY
|james|campbell|,James,Campbell,,,created,0k1Uv8Ew8Ls47g8R1xwBWk
|philip|card|,Philip,Card,,,created,X3hCWippD6zjeklfwSOqTg
|hannah|carpenter|,Hannah,Carpenter,,,created,0k1Uv8Ew8Ls47g8R1xwCw5
|james|carpenter|,James,Carpenter,,,created,0k1Uv8Ew8Ls47g8R1xwCmt
|joshua|carpenter|,Joshua,Carpenter,,,created,QLw8ZVvhSqyPOxrfReuRIV
|sarah|card|,Sarah,Card,,,created,QLw8ZVvhSqyPOxrfReuRBH
|patrick|carrigan|,Patrick,Carrigan,,,created,QLw8ZVvhSqyPOxrfReuSHv
|daniel|carter|,Daniel,Carter,,,created,QLw8ZVvhSqyPOxrfReuSAh
|ann|carrell|,Ann,Carrell,,,created,0k1Uv8Ew8Ls47g8R1xwELQ
|phoebe|carter|,Phoebe,Carter,,,created,QLw8ZVvhSqyPOxrfReuSP9
|samuel|carpenter|,Samuel,Carpenter,,,created,0k1Uv8Ew8Ls47g8R1xwE7d
|william|carter|,William,Carter,,,created,X3hCWippD6zjeklfwSOqyu
|andrew|carty|,Andrew,Carty,,,created,QLw8ZVvhSqyPOxrfReuTDj
|isaac|cassel|,Isaac,Cassel,,,created,QLw8ZVvhSqyPOxrfReuTKx
|edward|catherel|,Edward,Catherel,,,created,0k1Uv8Ew8Ls47g8R1xwF9z
|catherine|caughlin|,Catherine,Caughlin,,,created,0k1Uv8Ew8Ls47g8R1xwFkl
|charles|caughlin|,Charles,Caughlin,,,created,X3hCWippD6zjeklfwSOrBg
|mary|chamberlain|,Mary,Chamberlain,,,created,X3hCWippD6zjeklfwSOrEW
|ruth|chandler|,Ruth,Chandler,,,created,0k1Uv8Ew8Ls47g8R1xwGGw
|thomas|chalkley|,Thomas,Chalkley,,,created,0k1Uv8Ew8Ls47g8R1xwG7k
|william|chandler|,William,Chandler,,,created,QLw8ZVvhSqyPOxrfReuURb
|david|childerick|,David,Childerick,,,created,X3hCWippD6zjeklfwSOrYO
|mary|childerick|,Mary,Childerick,,,created,X3hCWippD6zjeklfwSOre4
|george|chrisman|,George,Chrisman,,,created,X3hCWippD6zjeklfwSOrbE
|elizabeth|chrisman|,Elizabeth,Chrisman,,,created,0k1Uv8Ew8Ls47g8R1xwHEh
|henry|chrisman|,Henry,Chrisman,,,created,X3hCWippD6zjeklfwSOrlA
|john|chrisman|,John,Chrisman,,,created,QLw8ZVvhSqyPOxrfReuW4l
|john|christie|,John,Christie,,,created,QLw8ZVvhSqyPOxrfReuWBz
|david|christie|,David,Christie,,,created,0k1Uv8Ew8Ls47g8R1xwI7r
|george|christman|,George,Christman,,,created,0k1Uv8Ew8Ls47g8R1xwIH3
|isaac|christman|,Isaac,Christman,,,created,QLw8ZVvhSqyPOxrfReuWbH
|john|christman|,John,Christman,,,created,X3hCWippD6zjeklfwSOsGO
|james|clark|,James,Clark,,,created,0k1Uv8Ew8Ls47g8R1xwJAD
|robert|christman|,Robert,Christman,,,created,0k1Uv8Ew8Ls47g8R1xwJJP
|philip|clare|,Philip,Clare,,,created,QLw8ZVvhSqyPOxrfReuXTT
|geridias|clarkson|,Geridias,Clarkson,,,created,QLw8ZVvhSqyPOxrfReuXlX
|jane|cleaver|,Jane,Cleaver,,,created,X3hCWippD6zjeklfwSOsYq
|hiram|cleaver|,Hiram,Cleaver,,,created,X3hCWippD6zjeklfwSOsW0
|joseph|clay|,Joseph,Clay,,,created,X3hCWippD6zjeklfwSOsbg
|mary|clarkson|,Mary,Clarkson,,,created,0k1Uv8Ew8Ls47g8R1xwKCZ
|david|clemens|,David,Clemens,,,created,QLw8ZVvhSqyPOxrfReuYdj
|elizabeth|clemens|,Elizabeth,Clemens,,,created,X3hCWippD6zjeklfwSOswy
|jacob|clemens|,Jacob,Clemens,,,created,QLw8ZVvhSqyPOxrfReuYoZ
|william|clemson|,William,Clemson,,,created,QLw8ZVvhSqyPOxrfReuYvn
|george|clemens|,George,Clemens,,,created,0k1Uv8Ew8Ls47g8R1xwLSi
|henry|clevenstine|,Henry,Clevenstine,,,created,X3hCWippD6zjeklfwSOt6u
|hannah|clift|,Hannah,Clift,,,created,X3hCWippD6zjeklfwSOtMW
|john|clevenstine|,John,Clevenstine,,,created,QLw8ZVvhSqyPOxrfReuZyp
|edward|clift|,Edward,Clift,,,created,QLw8ZVvhSqyPOxrfReua63
|sarah ann|clevenstine|,Sarah Ann,Clevenstine,,,created,0k1Uv8Ew8Ls47g8R1xwMHH
|john|clift|,John,Clift,,,created,0k1Uv8Ew8Ls47g8R1xwN1F
|daniel|clower|,Daniel,Clower,,,created,X3hCWippD6zjeklfwSOtm4
|john|clowers|,John,Clowers,,,created,0k1Uv8Ew8Ls47g8R1xwNSp
|james|cloyd|,James,Cloyd,,,created,QLw8ZVvhSqyPOxrfReuaud
|john|clower|,John,Clower,,,created,0k1Uv8Ew8Ls47g8R1xwNJd
|aaron|coates|,Aaron,Coates,,,created,QLw8ZVvhSqyPOxrfReubUl
|hannah|coates|,Hannah,Coates,,,created,X3hCWippD6zjeklfwSOu4W
|benjamin|coates|,Benjamin,Coates,,,created,QLw8ZVvhSqyPOxrfReucQZ
|ann|coates|,Ann,Coates,,,created,0k1Uv8Ew8Ls47g8R1xwO8C
|elizabeth|coates|,Elizabeth,Coates,,,created,0k1Uv8Ew8Ls47g8R1xwOHO
|henry|coates|,Henry,Coates,,,created,X3hCWippD6zjeklfwSOuFs
|jonathan|coates|,Jonathan,Coates,,,created,X3hCWippD6zjeklfwSOuVU
|john h.|coates|,John H.,Coates,,,created,QLw8ZVvhSqyPOxrfReudF9
|morton|coates|,Morton,Coates,,,created,QLw8ZVvhSqyPOxrfReudMN
|jane|coates|,Jane,Coates,,,created,0k1Uv8Ew8Ls47g8R1xwPOL
|moses|coates|,Moses,Coates,,,created,0k1Uv8Ew8Ls47g8R1xwPuW
|sarah|coates|,Sarah,Coates,,,created,X3hCWippD6zjeklfwSOuiG
|susanna|coates|,Susanna,Coates,,,created,QLw8ZVvhSqyPOxrfReueIB
|rachel|coates|,Rachel,Coates,,,created,0k1Uv8Ew8Ls47g8R1xwQM6
|tacy|coates|,Tacy,Coates,,,created,X3hCWippD6zjeklfwSOul6
|thomas|coates|,Thomas,Coates,,,created,0k1Uv8Ew8Ls47g8R1xwQws
|frances|coffey|,Frances,Coffey,,,created,QLw8ZVvhSqyPOxrfReuf39
|john|coffey|,John,Coffey,,,created,X3hCWippD6zjeklfwSOv4y
|anna|coffin|,Anna,Coffin,,,created,0k1Uv8Ew8Ls47g8R1xwRgq
|james|coffey|,James,Coffey,,,created,0k1Uv8Ew8Ls47g8R1xwRq2
|thomas|coffin|,Thomas,Coffin,,,created,QLw8ZVvhSqyPOxrfReufOp
|elizabeth|coffman|,Elizabeth,Coffman,,,created,QLw8ZVvhSqyPOxrfReugDP
|catherine|coffman|,Catherine,Coffman,,,created,X3hCWippD6zjeklfwSOvXM
|eliza|coffman|,Eliza,Coffman,,,created,0k1Uv8Ew8Ls47g8R1xwSeb
|daniel|coffman|,Daniel,Coffman,,,created,0k1Uv8Ew8Ls47g8R1xwSnn
|henry|coffman|,Henry,Coffman,,,created,0k1Uv8Ew8Ls47g8R1xwTJy
|jacob|coffman|,Jacob,Coffman,,,created,X3hCWippD6zjeklfwSOvvU
|isaac|coffman|,Isaac,Coffman,,,created,QLw8ZVvhSqyPOxrfReugr9
|joseph|coffman|,Joseph,Coffman,,,created,QLw8ZVvhSqyPOxrfReugjv
|john|coffman|,John,Coffman,,,created,0k1Uv8Ew8Ls47g8R1xwUD8
|kate|coffman|,Kate,Coffman,,,created,0k1Uv8Ew8Ls47g8R1xwUjJ
|margaret ann|coffman|,Margaret Ann,Coffman,,,created,X3hCWippD6zjeklfwSOwFM
|rosanna|coffman|,Rosanna,Coffman,,,created,0k1Uv8Ew8Ls47g8R1xwVXs
|margaret|coffman|,Margaret,Coffman,,,created,0k1Uv8Ew8Ls47g8R1xwVK5
|samuel|coffman|,Samuel,Coffman,,,created,0k1Uv8Ew8Ls47g8R1xwVh4
|sarah|coffman|,Sarah,Coffman,,,created,X3hCWippD6zjeklfwSOwm0
|peter|colehower|,Peter,Colehower,,,created,X3hCWippD6zjeklfwSOwym
|jacob|colehover|,Jacob,Colehover,,,created,QLw8ZVvhSqyPOxrfReuiQh
|zimmerman|colehover|,Zimmerman,Colehover,,,created,QLw8ZVvhSqyPOxrfReuiJT
|william|coffman|,William,Coffman,,,created,0k1Uv8Ew8Ls47g8R1xwWep
|william|coleman|,William,Coleman,,,created,0k1Uv8Ew8Ls47g8R1xwXOn
|daniel|conard|,Daniel,Conard,,,created,X3hCWippD6zjeklfwSOxMu
|caroline|compton|,Caroline,Compton,,,created,X3hCWippD6zjeklfwSOxK4
|cornelius|conard|,Cornelius,Conard,,,created,QLw8ZVvhSqyPOxrfReujTj
|william|compton|,William,Compton,,,created,0k1Uv8Ew8Ls47g8R1xwXqN
|john|conard|,John,Conard,,,created,QLw8ZVvhSqyPOxrfReujt1
|joseph|conard|,Joseph,Conard,,,created,X3hCWippD6zjeklfwSOxdw
|priscilla|conard|,Priscilla,Conard,,,created,0k1Uv8Ew8Ls47g8R1xwZ1v
|sarah|conard|,Sarah,Conard,,,created,QLw8ZVvhSqyPOxrfReukEh
|streper|conard|,Streper,Conard,,,created,0k1Uv8Ew8Ls47g8R1xwZB7
|william|conard|,William,Conard,,,created,QLw8ZVvhSqyPOxrfReuksR
|joseph|conrad|,Joseph,Conrad,,,created,X3hCWippD6zjeklfwSOxwO
|mary|cone|,Mary,Cone,,,created,X3hCWippD6zjeklfwSOxtY
|james|connard|,James,Connard,,,created,QLw8ZVvhSqyPOxrfReulOx
|jane|connard|,Jane,Connard,,,created,QLw8ZVvhSqyPOxrfReulHj
|stephen|conrad|,Stephen,Conrad,,,created,0k1Uv8Ew8Ls47g8R1xwaje
|david|cooper|,David,Cooper,,,created,X3hCWippD6zjeklfwSOyDQ
|joseph|cornett|,Joseph,Cornett,,,created,QLw8ZVvhSqyPOxrfReumRz
|john|cooley|,John,Cooley,,,created,QLw8ZVvhSqyPOxrfReumKl
|ezra|cope|,Ezra,Cope,,,created,0k1Uv8Ew8Ls47g8R1xwbvC
|samuel|cornett|,Samuel,Cornett,,,created,X3hCWippD6zjeklfwSOyQC
|abner|cornog|,Abner,Cornog,,,created,X3hCWippD6zjeklfwSOybY
|john|cornog|,John,Cornog,,,created,X3hCWippD6zjeklfwSOyeO
|robert|cornwall|,Robert,Cornwall,,,created,QLw8ZVvhSqyPOxrfReunRP
|jane|cornog|,Jane,Cornog,,,created,0k1Uv8Ew8Ls47g8R1xwcoM
|jones|coulter|,Jones,Coulter,,,created,QLw8ZVvhSqyPOxrfReunqh
|isaac|covington|,Isaac,Covington,,,created,X3hCWippD6zjeklfwSOywq
|hannah|cownover|,Hannah,Cownover,,,created,X3hCWippD6zjeklfwSOyzg
|john|coulton|,John,Coulton,,,created,QLw8ZVvhSqyPOxrfReuoJb
|joshua|coursey|,Joshua,Coursey,,,created,QLw8ZVvhSqyPOxrfReuoQp
|john|cownover|,John,Cownover,,,created,QLw8ZVvhSqyPOxrfReuoit
|sarah|cox|,Sarah,Cox,,,created,0k1Uv8Ew8Ls47g8R1xwf6r
|abraham|cox|,Abraham,Cox,,,created,0k1Uv8Ew8Ls47g8R1xwexf
|daniel|cox|,Daniel,Cox,,,created,0k1Uv8Ew8Ls47g8R1xwfG3
|benjamin|cox|,Benjamin,Cox,,,created,X3hCWippD6zjeklfwSOzCS
|henrietta|crawford|,Henrietta,Crawford,,,created,X3hCWippD6zjeklfwSOzS4
|william|crawford|,William,Crawford,,,created,0k1Uv8Ew8Ls47g8R1xwgan
|virginia|crawford|,Virginia,Crawford,,,created,QLw8ZVvhSqyPOxrfReupJ1
|william|crouch|,William,Crouch,,,created,QLw8ZVvhSqyPOxrfReupBn
|john|crawford|,John,Crawford,,,created,0k1Uv8Ew8Ls47g8R1xwgRb
|joseph|cunnard|,Joseph,Cunnard,,,created,X3hCWippD6zjeklfwSOzlw
|rachel|curry|,Rachel,Curry,,,created,X3hCWippD6zjeklfwSOzt2
|t. w.|curry|,T. W.,Curry,,,created,X3hCWippD6zjeklfwSOzvs
|william|currie|,William,Currie,,,created,0k1Uv8Ew8Ls47g8R1xwhd9
|jacob|curry|,Jacob,Curry,,,created,QLw8ZVvhSqyPOxrfReuqIR
|joseph|curtz|,Joseph,Curtz,,,created,0k1Uv8Ew8Ls47g8R1xwiN7
|elizabeth|custer|,Elizabeth,Custer,,,created,X3hCWippD6zjeklfwSP0BU
|a.|custard|,A.,Custard,,,created,X3hCWippD6zjeklfwSP08e
|hannah|custer|,Hannah,Custer,,,created,QLw8ZVvhSqyPOxrfReurAd
|j. m.|custer|,J. M.,Custer,,,created,X3hCWippD6zjeklfwSP0EK
|john|custer|,John,Custer,,,created,X3hCWippD6zjeklfwSP0Pg
|peter|dailey|,Peter,Dailey,,,created,X3hCWippD6zjeklfwSP0b2
|abraham|darlington|,Abraham,Darlington,,,created,0k1Uv8Ew8Ls47g8R1xwk0F
|peter|custer|,Peter,Custer,,,created,QLw8ZVvhSqyPOxrfReurzD
|samuel|custer|,Samuel,Custer,,,created,QLw8ZVvhSqyPOxrfReurrz
|archibold|darragh|,Archibold,Darragh,,,created,X3hCWippD6zjeklfwSP0mO
|eleanor|david|,Eleanor,David,,,created,X3hCWippD6zjeklfwSP0xk
|ann|david|,Ann,David,,,created,X3hCWippD6zjeklfwSP10a
|david|david|,David,David,,,created,QLw8ZVvhSqyPOxrfReuskB
|esther|david|,Esther,David,,,created,0k1Uv8Ew8Ls47g8R1xwky0
|evan|david|,Evan,David,,,created,0k1Uv8Ew8Ls47g8R1xwlGO
|james|david|,James,David,,,created,X3hCWippD6zjeklfwSP1Sy
|isaac|david|,Isaac,David,,,created,QLw8ZVvhSqyPOxrfReutjb
|hannah|david|,Hannah,David,,,created,QLw8ZVvhSqyPOxrfReutcN
|hezekial|david|,Hezekial,David,,,created,0k1Uv8Ew8Ls47g8R1xwlYm
|jenkin|david|,Jenkin,David,,,created,QLw8ZVvhSqyPOxrfReuu5H
|martha|david|,Martha,David,,,created,X3hCWippD6zjeklfwSP1lQ
|llewellyn|david|,Llewellyn,David,,,created,X3hCWippD6zjeklfwSP1ia
|john|david|,John,David,,,created,0k1Uv8Ew8Ls47g8R1xwmWX
|margaret|david|,Margaret,David,,,created,0k1Uv8Ew8Ls47g8R1xwmfj
|mary|david|,Mary,David,,,created,X3hCWippD6zjeklfwSP1vM
|stephen|david|,Stephen,David,,,created,X3hCWippD6zjeklfwSP25I
|rachel|david|,Rachel,David,,,created,QLw8ZVvhSqyPOxrfReuv15
|sophia|david|,Sophia,David,,,created,QLw8ZVvhSqyPOxrfReuutr
|rees|david|,Rees,David,,,created,0k1Uv8Ew8Ls47g8R1xwnrH
|thomas|david|,Thomas,David,,,created,QLw8ZVvhSqyPOxrfReuvTz
|hannah|davies|,Hannah,Davies,,,created,X3hCWippD6zjeklfwSP2MK
|david|davies|,David,Davies,,,created,QLw8ZVvhSqyPOxrfReuvm3
|john|davies|,John,Davies,,,created,0k1Uv8Ew8Ls47g8R1xwpGc
|rachel|davidson|,Rachel,Davidson,,,created,0k1Uv8Ew8Ls47g8R1xwp7Q
|llewellyn|davies|,Llewellyn,Davies,,,created,X3hCWippD6zjeklfwSP2Xg
|charlotte|davis|,Charlotte,Davis,,,created,X3hCWippD6zjeklfwSP2j2
|bridget|davis|,Bridget,Davis,,,created,QLw8ZVvhSqyPOxrfReuweF
|nathaniel|davies|,Nathaniel,Davies,,,created,QLw8ZVvhSqyPOxrfReuwlT
|daniel|davis|,Daniel,Davis,,,created,0k1Uv8Ew8Ls47g8R1xwqIy
|david|davis|,David,Davis,,,created,0k1Uv8Ew8Ls47g8R1xwqyL
|elijah|davis|,Elijah,Davis,,,created,X3hCWippD6zjeklfwSP2vo
|eleanor|davis|,Eleanor,Davis,,,created,0k1Uv8Ew8Ls47g8R1xwrdi
|elizabeth|davis|,Elizabeth,Davis,,,created,QLw8ZVvhSqyPOxrfReuxa3
|ellen|davis|,Ellen,Davis,,,created,QLw8ZVvhSqyPOxrfReuxhH
|ellis|davis|,Ellis,Davis,,,created,0k1Uv8Ew8Ls47g8R1xwsSH
|ezekiel howell|davis|,Ezekiel Howell,Davis,,,created,QLw8ZVvhSqyPOxrfReuykJ
|enoch|davis|,Enoch,Davis,,,created,QLw8ZVvhSqyPOxrfReuyrX
|gennis|davis|,Gennis,Davis,,,created,QLw8ZVvhSqyPOxrfReuyVr
|ezekiel|davis|,Ezekiel,Davis,,,created,QLw8ZVvhSqyPOxrfReuyd5
|george|davis|,George,Davis,,,created,X3hCWippD6zjeklfwSP3ay
|j. m.|davis|,J. M.,Davis,,,created,X3hCWippD6zjeklfwSP3mK
|israel|davis|,Israel,Davis,,,created,X3hCWippD6zjeklfwSP3nk
|hariett|davis|,Hariett,Davis,,,created,QLw8ZVvhSqyPOxrfReuzjj
|isaac|davis|,Isaac,Davis,,,created,QLw8ZVvhSqyPOxrfReuzcV
|james|davis|,James,Davis,,,created,QLw8ZVvhSqyPOxrfRev0YJ
|john|davis|,John,Davis,,,created,X3hCWippD6zjeklfwSP4DI
|john havard|davis|,John Havard,Davis,,,created,X3hCWippD6zjeklfwSP4G8
|jesse|davis|,Jesse,Davis,,,created,QLw8ZVvhSqyPOxrfRev11D
|janette|davis|,Janette,Davis,,,created,QLw8ZVvhSqyPOxrfRev0tz
|john m.|davis|,John M.,Davis,,,created,QLw8ZVvhSqyPOxrfRev1Xj
|joshua|davis|,Joshua,Davis,,,created,X3hCWippD6zjeklfwSP4eG
|jones|davis|,Jones,Davis,,,created,X3hCWippD6zjeklfwSP4bQ
|leah|davis|,Leah,Davis,,,created,QLw8ZVvhSqyPOxrfRev24F
|john p.|davis|,John P.,Davis,,,created,0k1Uv8Ew8Ls47g8R1xwvdw
|lewis|davis|,Lewis,Davis,,,created,QLw8ZVvhSqyPOxrfRev2X9
|magdelene|davis|,Magdelene,Davis,,,created,X3hCWippD6zjeklfwSP4vI
|llewellyn|davis|,Llewellyn,Davis,,,created,QLw8ZVvhSqyPOxrfRev33f
|mary|davis|,Mary,Davis,,,created,0k1Uv8Ew8Ls47g8R1xwwkt
|matilda|davis|,Matilda,Davis,,,created,0k1Uv8Ew8Ls47g8R1xwwu5
|methuselah|davis|,Methuselah,Davis,,,created,QLw8ZVvhSqyPOxrfRev3WZ
|nathaniel|davis|,Nathaniel,Davis,,,created,X3hCWippD6zjeklfwSP5Au
|nancy|davis|,Nancy,Davis,,,created,X3hCWippD6zjeklfwSP584
|oscar|davis|,Oscar,Davis,,,created,QLw8ZVvhSqyPOxrfRev46h
|mordecai|davis|,Mordecai,Davis,,,created,QLw8ZVvhSqyPOxrfRev4Dv
|rachel|davis|,Rachel,Davis,,,created,X3hCWippD6zjeklfwSP5P6
|rebecca|davis|,Rebecca,Davis,,,created,X3hCWippD6zjeklfwSP5Z2
|samuel|davis|,Samuel,Davis,,,created,X3hCWippD6zjeklfwSP5bs
|sally|davis|,Sally,Davis,,,created,QLw8ZVvhSqyPOxrfRev59j
|roger|davis|,Roger,Davis,,,created,0k1Uv8Ew8Ls47g8R1xwySc
|thomas|davis|,Thomas,Davis,,,created,X3hCWippD6zjeklfwSP5iy
|william|davis|,William,Davis,,,created,X3hCWippD6zjeklfwSP5vk
|w. j. e.|davis|,W. J. E.,Davis,,,created,QLw8ZVvhSqyPOxrfRevDN9
|zephaniah|davis|,Zephaniah,Davis,,,created,QLw8ZVvhSqyPOxrfRevDUN
|thompson|davis|,Thompson,Davis,,,created,0k1Uv8Ew8Ls47g8R1xwzQN
|catherine|dean|,Catherine,Dean,,,created,0k1Uv8Ew8Ls47g8R1xx019
|eliza|deery|,Eliza,Deery,,,created,X3hCWippD6zjeklfwSP68W
|abraham|deaves|,Abraham,Deaves,,,created,QLw8ZVvhSqyPOxrfRevEMZ
|john|dean|,John,Dean,,,created,X3hCWippD6zjeklfwSP65g
|peter|deery|,Peter,Deery,,,created,QLw8ZVvhSqyPOxrfRevETn
|benjamin|defrain|,Benjamin,Defrain,,,created,QLw8ZVvhSqyPOxrfRevElr
|maria|defrederick|,Maria,Defrederick,,,created,X3hCWippD6zjeklfwSP6SO
|peter|defrederick|,Peter,Defrederick,,,created,X3hCWippD6zjeklfwSP6PY
|philip|defrederick|,Philip,Defrederick,,,created,0k1Uv8Ew8Ls47g8R1xx1QU
|peter|delage|,Peter,Delage,,,created,QLw8ZVvhSqyPOxrfRevFIN
|dennis|dempsey|,Dennis,Dempsey,,,created,QLw8ZVvhSqyPOxrfRevFhf
|christian|detter|,Christian,Detter,,,created,X3hCWippD6zjeklfwSP6jQ
|dennis|denny|,Dennis,Denny,,,created,QLw8ZVvhSqyPOxrfRevG3L
|titus|dennen|,Titus,Dennen,,,created,0k1Uv8Ew8Ls47g8R1xx2c2
|mary|dempsey|,Mary,Dempsey,,,created,QLw8ZVvhSqyPOxrfRevFw7
|abraham|detters|,Abraham,Detters,,,created,X3hCWippD6zjeklfwSP6rw
|henry|detwiler|,Henry,Detwiler,,,created,X3hCWippD6zjeklfwSP71s
|isaac|detwiler|,Isaac,Detwiler,,,created,X3hCWippD6zjeklfwSP74i
|david|detwiler|,David,Detwiler,,,created,X3hCWippD6zjeklfwSP6z2
|katharine|detwiler|,Katharine,Detwiler,,,created,0k1Uv8Ew8Ls47g8R1xx3eO
|james|devereaux|,James,Devereaux,,,created,0k1Uv8Ew8Ls47g8R1xx4AZ
|william|dewees|,William,Dewees,,,created,X3hCWippD6zjeklfwSP7KK
|harriet|dewees|,Harriet,Dewees,,,created,QLw8ZVvhSqyPOxrfRevHZH
|sarah|dewees|,Sarah,Dewees,,,created,0k1Uv8Ew8Ls47g8R1xx4pw
|edwin|dewees|,Edwin,Dewees,,,created,QLw8ZVvhSqyPOxrfRevHgV
|godfrey|dhiels|,Godfrey,Dhiels,,,created,0k1Uv8Ew8Ls47g8R1xx5M7
|joseph|dobson|,Joseph,Dobson,,,created,X3hCWippD6zjeklfwSP7cm
|hannah|dobson|,Hannah,Dobson,,,created,X3hCWippD6zjeklfwSP7Zw
|abijah|dickinson|,Abijah,Dickinson,,,created,QLw8ZVvhSqyPOxrfRevI2B
|titus|dimean|,Titus,Dimean,,,created,0k1Uv8Ew8Ls47g8R1xx665
|john|dorsey|,John,Dorsey,,,created,0k1Uv8Ew8Ls47g8R1xx6Xf
|george|downing|,George,Downing,,,created,QLw8ZVvhSqyPOxrfRevIV5
|andrew|douglas|,Andrew,Douglas,,,created,0k1Uv8Ew8Ls47g8R1xx78R
|thomas|dowling|,Thomas,Dowling,,,created,X3hCWippD6zjeklfwSP7vE
|john|dougherty|,John,Dougherty,,,created,0k1Uv8Ew8Ls47g8R1xx6zF
|sarah|downing|,Sarah,Downing,,,created,0k1Uv8Ew8Ls47g8R1xx7no
|ferdinand|dreer|,Ferdinand,Dreer,,,created,X3hCWippD6zjeklfwSP8W8
|thomas|downing|,Thomas,Downing,,,created,QLw8ZVvhSqyPOxrfRevJCR
|abigail|dreer|,Abigail,Dreer,,,created,QLw8ZVvhSqyPOxrfRevJ5D
|david|drissle|,David,Drissle,,,created,0k1Uv8Ew8Ls47g8R1xx8Oa
|annie|dunlap|,Annie,Dunlap,,,created,X3hCWippD6zjeklfwSP8hU
|daniel|dunmore|,Daniel,Dunmore,,,created,X3hCWippD6zjeklfwSP8sq
|ephraim|dunlap|,Ephraim,Dunlap,,,created,X3hCWippD6zjeklfwSP8vg
|samuel|dunmore|,Samuel,Dunmore,,,created,QLw8ZVvhSqyPOxrfRevJxP
|andrew|dunn|,Andrew,Dunn,,,created,QLw8ZVvhSqyPOxrfRevJqB
|john|dunn|,John,Dunn,,,created,0k1Uv8Ew8Ls47g8R1xxAOh
|benjamin|eakins|,Benjamin,Eakins,,,created,X3hCWippD6zjeklfwSP972
|alexander|eakins|,Alexander,Eakins,,,created,QLw8ZVvhSqyPOxrfRevKb9
|martha|durant|,Martha,Durant,,,created,QLw8ZVvhSqyPOxrfRevKel
|mrs|dunn|,Mrs,Dunn,,,created,QLw8ZVvhSqyPOxrfRevKXX
|john|edward|,John,Edward,,,created,QLw8ZVvhSqyPOxrfRevLPj
|jane|eldridge|,Jane,Eldridge,,,created,X3hCWippD6zjeklfwSP9SK
|job|eldridge|,Job,Eldridge,,,created,QLw8ZVvhSqyPOxrfRevLsd
|joseph|eldridge|,Joseph,Eldridge,,,created,0k1Uv8Ew8Ls47g8R1xxC1p
|thomas|edwards|,Thomas,Edwards,,,created,QLw8ZVvhSqyPOxrfRevLlP
|mary|eldridge|,Mary,Eldridge,,,created,X3hCWippD6zjeklfwSP9f6
|peter|elliot|,Peter,Elliot,,,created,X3hCWippD6zjeklfwSP9tI
|john|elliot|,John,Elliot,,,created,X3hCWippD6zjeklfwSP9qS
|william m.|eldridge|,William M.,Eldridge,,,created,QLw8ZVvhSqyPOxrfRevMkp
|george|elliot|,George,Elliot,,,created,QLw8ZVvhSqyPOxrfRevMs3
|sarah|elliot|,Sarah,Elliot,,,created,X3hCWippD6zjeklfwSPA4e
|sophia|ellis|,Sophia,Ellis,,,created,X3hCWippD6zjeklfwSPAEa
|joseph|ely|,Joseph,Ely,,,created,QLw8ZVvhSqyPOxrfRevNZP
|maggie|ely|,Maggie,Ely,,,created,0k1Uv8Ew8Ls47g8R1xxDsk
|d.|ellis|,D.,Ellis,,,created,0k1Uv8Ew8Ls47g8R1xxDjY
|david|emanuel|,David,Emanuel,,,created,X3hCWippD6zjeklfwSPAN6
|george|emery|,George,Emery,,,created,X3hCWippD6zjeklfwSPAVc
|catherine|emery|,Catherine,Emery,,,created,QLw8ZVvhSqyPOxrfRevORb
|abigail|emery|,Abigail,Emery,,,created,0k1Uv8Ew8Ls47g8R1xxEqV
|jacob|emery|,Jacob,Emery,,,created,QLw8ZVvhSqyPOxrfRevOYp
|lewis|emery|,Lewis,Emery,,,created,X3hCWippD6zjeklfwSPAci
|ludwick|emery|,Ludwick,Emery,,,created,X3hCWippD6zjeklfwSPAo4
|mary ann|emery|,Mary Ann,Emery,,,created,QLw8ZVvhSqyPOxrfRevPfT
|george|emlen|,George,Emlen,,,created,0k1Uv8Ew8Ls47g8R1xxFRH
|joshua|emlen|,Joshua,Emlen,,,created,0k1Uv8Ew8Ls47g8R1xxFVs
|samuel|emlen|,Samuel,Emlen,,,created,QLw8ZVvhSqyPOxrfRevQMp
|susanna|emrey|,Susanna,Emrey,,,created,X3hCWippD6zjeklfwSPBCC
|jacob|emrey|,Jacob,Emrey,,,created,QLw8ZVvhSqyPOxrfRevQbH
|catherine|emrich|,Catherine,Emrich,,,created,QLw8ZVvhSqyPOxrfRevQiV
|valentine|emrich|,Valentine,Emrich,,,created,QLw8ZVvhSqyPOxrfRevQpj
|lodevick|emrick|,Lodevick,Emrick,,,created,X3hCWippD6zjeklfwSPBGS
|edward b.|english|,Edward B.,English,,,created,QLw8ZVvhSqyPOxrfRevRwN
|edward|english|,Edward,English,,,created,QLw8ZVvhSqyPOxrfRevRhv
|silas|engle|,Silas,Engle,,,created,0k1Uv8Ew8Ls47g8R1xxH90
|elizabeth|evan|,Elizabeth,Evan,,,created,QLw8ZVvhSqyPOxrfRevRp9
|john|evan|,John,Evan,,,created,X3hCWippD6zjeklfwSPBXU
|evan|evans|,Evan,Evans,,,created,X3hCWippD6zjeklfwSPBea
|william|evan|,William,Evan,,,created,QLw8ZVvhSqyPOxrfRevSvn
|ezekiel|evans|,Ezekiel,Evans,,,created,0k1Uv8Ew8Ls47g8R1xxHoN
|brook|evans|,Brook,Evans,,,created,X3hCWippD6zjeklfwSPBhQ
|hannah|evans|,Hannah,Evans,,,created,QLw8ZVvhSqyPOxrfRevTSJ
|john|evans|,John,Evans,,,created,X3hCWippD6zjeklfwSPC2i
|joseph|evans|,Joseph,Evans,,,created,X3hCWippD6zjeklfwSPBzs
|levi|evans|,Levi,Evans,,,created,QLw8ZVvhSqyPOxrfRevTyp
|phares|evans|,Phares,Evans,,,created,0k1Uv8Ew8Ls47g8R1xxIm8
|rebecca|evans|,Rebecca,Evans,,,created,0k1Uv8Ew8Ls47g8R1xxJ97
|stephen|evans|,Stephen,Evans,,,created,QLw8ZVvhSqyPOxrfRevUnP
|susanna|evans|,Susanna,Evans,,,created,QLw8ZVvhSqyPOxrfRevUud
|thomas|evans|,Thomas,Evans,,,created,QLw8ZVvhSqyPOxrfRevV1r
|adam|everly|,Adam,Everly,,,created,X3hCWippD6zjeklfwSPCE4
|mary|everly|,Mary,Everly,,,created,0k1Uv8Ew8Ls47g8R1xxKG4
|atkinson|farra|,Atkinson,Farra,,,created,X3hCWippD6zjeklfwSPCWW
|samuel|fagley|,Samuel,Fagley,,,created,X3hCWippD6zjeklfwSPCZM
|anne|fagley|,Anne,Fagley,,,created,0k1Uv8Ew8Ls47g8R1xxKhe
|jerrod|farra|,Jerrod,Farra,,,created,QLw8ZVvhSqyPOxrfRevW4t
|mary|farra|,Mary,Farra,,,created,X3hCWippD6zjeklfwSPCki
|joseph|faulkner|,Joseph,Faulkner,,,created,X3hCWippD6zjeklfwSPD0K
|samuel|faudon|,Samuel,Faudon,,,created,X3hCWippD6zjeklfwSPCxU
|mary|faulkner|,Mary,Faulkner,,,created,QLw8ZVvhSqyPOxrfRevWtT
|james|faulkner|,James,Faulkner,,,created,QLw8ZVvhSqyPOxrfRevWmF
|isaiah|fawkes|,Isaiah,Fawkes,,,created,0k1Uv8Ew8Ls47g8R1xxMmM
|william|ferguson|,William,Ferguson,,,created,X3hCWippD6zjeklfwSPDWy
|george|fetters|,George,Fetters,,,created,QLw8ZVvhSqyPOxrfRevXi3
|abraham|fetters|,Abraham,Fetters,,,created,QLw8ZVvhSqyPOxrfRevXap
|christian|fike|,Christian,Fike,,,created,QLw8ZVvhSqyPOxrfRevXpH
|john|fike|,John,Fike,,,created,X3hCWippD6zjeklfwSPDbE
|mary|fimple|,Mary,Fimple,,,created,X3hCWippD6zjeklfwSPDiK
|maria|fimple|,Maria,Fimple,,,created,X3hCWippD6zjeklfwSPDlA
|isaac|fimple|,Isaac,Fimple,,,created,QLw8ZVvhSqyPOxrfRevYzX
|jane|fimple|,Jane,Fimple,,,created,QLw8ZVvhSqyPOxrfRevYsJ
|jesse|finkliner|,Jesse,Finkliner,,,created,QLw8ZVvhSqyPOxrfRevZrj
|benjamin f.|fisher|,Benjamin F.,Fisher,,,created,X3hCWippD6zjeklfwSPEoS
|sarah|fitzgerald|,Sarah,Fitzgerald,,,created,QLw8ZVvhSqyPOxrfReva9n
|john|fipple|,John,Fipple,,,created,0k1Uv8Ew8Ls47g8R1xxPIe
|c. arthur|fisher|,C. Arthur,Fisher,,,created,X3hCWippD6zjeklfwSPElc
|john|fletcher|,John,Fletcher,,,created,0k1Uv8Ew8Ls47g8R1xxPy1
|henry|flower|,Henry,Flower,,,created,QLw8ZVvhSqyPOxrfRevar9
|henry|flowers|,Henry,Flowers,,,created,QLw8ZVvhSqyPOxrfRevayN
|ann|flinn|,Ann,Flinn,,,created,X3hCWippD6zjeklfwSPFnU
|samuel|flower|,Samuel,Flower,,,created,0k1Uv8Ew8Ls47g8R1xxQYn
|ann|folwell|,Ann,Folwell,,,created,X3hCWippD6zjeklfwSPFw0
|frederick|foose|,Frederick,Foose,,,created,X3hCWippD6zjeklfwSPG4W
|christana|foose|,Christana,Foose,,,created,0k1Uv8Ew8Ls47g8R1xxSYu
|charles|folwell|,Charles,Folwell,,,created,0k1Uv8Ew8Ls47g8R1xxSPi
|eleanor|foose|,Eleanor,Foose,,,created,QLw8ZVvhSqyPOxrfRevc51
|nicholas|foose|,Nicholas,Foose,,,created,X3hCWippD6zjeklfwSPGIi
|john|ford|,John,Ford,,,created,X3hCWippD6zjeklfwSPGRE
|matthew|forrest|,Matthew,Forrest,,,created,QLw8ZVvhSqyPOxrfRevdBf
|jacob|force|,Jacob,Force,,,created,0k1Uv8Ew8Ls47g8R1xxTbG
|hannah|ford|,Hannah,Ford,,,created,0k1Uv8Ew8Ls47g8R1xxTkS
|frank b.|forster|,Frank B.,Forster,,,created,0k1Uv8Ew8Ls47g8R1xxU7R
|mary|fox|,Mary,Fox,,,created,0k1Uv8Ew8Ls47g8R1xxUdc
|ann|francis|,Ann,Francis,,,created,0k1Uv8Ew8Ls47g8R1xxUUQ
|rees|frances|,Rees,Frances,,,created,QLw8ZVvhSqyPOxrfReve3r
|george|fox|,George,Fox,,,created,QLw8ZVvhSqyPOxrfRevdwd
|casper|francis|,Casper,Francis,,,created,X3hCWippD6zjeklfwSPH0i
|john|francis|,John,Francis,,,created,X3hCWippD6zjeklfwSPHDU
|hugh|frazer|,Hugh,Frazer,,,created,QLw8ZVvhSqyPOxrfRevezf
|ann|frazier|,Ann,Frazier,,,created,QLw8ZVvhSqyPOxrfRevesR
|hugh|frazier|,Hugh,Frazier,,,created,0k1Uv8Ew8Ls47g8R1xxVbN
|laurie|free|,Laurie,Free,,,created,QLw8ZVvhSqyPOxrfRevfSZ
|mary|free|,Mary,Free,,,created,X3hCWippD6zjeklfwSPHVw
|henry|freed|,Henry,Freed,,,created,0k1Uv8Ew8Ls47g8R1xxWLL
|lewis|free|,Lewis,Free,,,created,QLw8ZVvhSqyPOxrfRevg2h
|william|free|,William,Free,,,created,0k1Uv8Ew8Ls47g8R1xxWPw
|isaac|freed|,Isaac,Freed,,,created,QLw8ZVvhSqyPOxrfRevgRz
|elizabeth|freeman|,Elizabeth,Freeman,,,created,QLw8ZVvhSqyPOxrfRevgnf
|veronica|freed|,Veronica,Freed,,,created,0k1Uv8Ew8Ls47g8R1xxXg5
|henry|freedly|,Henry,Freedly,,,created,0k1Uv8Ew8Ls47g8R1xxXpH
|catherine|freedly|,Catherine,Freedly,,,created,QLw8ZVvhSqyPOxrfRevggR
|casper|friday|,Casper,Friday,,,created,0k1Uv8Ew8Ls47g8R1xxYLS
|edward|frith|,Edward,Frith,,,created,X3hCWippD6zjeklfwSPIDw
|emily|frith|,Emily,Frith,,,created,X3hCWippD6zjeklfwSPIGm
|rebecca|friday|,Rebecca,Friday,,,created,X3hCWippD6zjeklfwSPIB6
|henry|friedley|,Henry,Friedley,,,created,0k1Uv8Ew8Ls47g8R1xxZEc
|john|fry|,John,Fry,,,created,QLw8ZVvhSqyPOxrfRevi1X
|mary|fry|,Mary,Fry,,,created,X3hCWippD6zjeklfwSPIm0
|sampson|fudge|,Sampson,Fudge,,,created,X3hCWippD6zjeklfwSPIoq
|andrew|fulmer|,Andrew,Fulmer,,,created,QLw8ZVvhSqyPOxrfReviQp
|christian|fulmer|,Christian,Fulmer,,,created,0k1Uv8Ew8Ls47g8R1xxa7m
|george|fulmer|,George,Fulmer,,,created,0k1Uv8Ew8Ls47g8R1xxaiY
|frederick|funderwhite|,Frederick,Funderwhite,,,created,X3hCWippD6zjeklfwSPJCy
|hannah|fulmer|,Hannah,Fulmer,,,created,QLw8ZVvhSqyPOxrfRevjQF
|eliza|funderwhite|,Eliza,Funderwhite,,,created,0k1Uv8Ew8Ls47g8R1xxbNv
|ann|funderwhite|,Ann,Funderwhite,,,created,QLw8ZVvhSqyPOxrfRevjXT
|john|funderwhite|,John,Funderwhite,,,created,QLw8ZVvhSqyPOxrfRevkM3
|mary|funderwhite|,Mary,Funderwhite,,,created,X3hCWippD6zjeklfwSPK4u
|benjamin|funk|,Benjamin,Funk,,,created,X3hCWippD6zjeklfwSPK24
|martha|funderwhite|,Martha,Funderwhite,,,created,QLw8ZVvhSqyPOxrfRevkwB
|ann|funk|,Ann,Funk,,,created,0k1Uv8Ew8Ls47g8R1xxcCU
|elijah|funk|,Elijah,Funk,,,created,X3hCWippD6zjeklfwSPKHg
|eliza|funk|,Eliza,Funk,,,created,X3hCWippD6zjeklfwSPKT2
|john|funk|,John,Funk,,,created,0k1Uv8Ew8Ls47g8R1xxdl1
|george|funk|,George,Funk,,,created,0k1Uv8Ew8Ls47g8R1xxdSd
|elizabeth|funk|,Elizabeth,Funk,,,created,0k1Uv8Ew8Ls47g8R1xxdbp
|joseph|funk|,Joseph,Funk,,,created,0k1Uv8Ew8Ls47g8R1xxe80
|benjamin|furly|,Benjamin,Furly,,,created,X3hCWippD6zjeklfwSPKrA
|bartholomew|fussell|,Bartholomew,Fussell,,,created,QLw8ZVvhSqyPOxrfRevm2p
|solomon|fussell|,Solomon,Fussell,,,created,0k1Uv8Ew8Ls47g8R1xxenN
|margaret|funk|,Margaret,Funk,,,created,0k1Uv8Ew8Ls47g8R1xxeeB
|william|fussell|,William,Fussell,,,created,X3hCWippD6zjeklfwSPLUu
|elizabeth|gallagher|,Elizabeth,Gallagher,,,created,QLw8ZVvhSqyPOxrfRevmv1
|annie|gallagher|,Annie,Gallagher,,,created,QLw8ZVvhSqyPOxrfRevmnn
|jane|gallagher|,Jane,Gallagher,,,created,QLw8ZVvhSqyPOxrfRevn2F
|bridget|gallagher|,Bridget,Gallagher,,,created,X3hCWippD6zjeklfwSPLhg
|patrick|gallagher|,Patrick,Gallagher,,,created,0k1Uv8Ew8Ls47g8R1xxfl8
|ann|gamble|,Ann,Gamble,,,created,QLw8ZVvhSqyPOxrfRevnqp
|thomas|gallagher|,Thomas,Gallagher,,,created,X3hCWippD6zjeklfwSPM8e
|james|gamble|,James,Gamble,,,created,0k1Uv8Ew8Ls47g8R1xxgZh
|tim|gallagher|,Tim,Gallagher,,,created,0k1Uv8Ew8Ls47g8R1xxgit
|barbara|garber|,Barbara,Garber,,,created,X3hCWippD6zjeklfwSPMK0
|edward|garrigues|,Edward,Garrigues,,,created,X3hCWippD6zjeklfwSPMVM
|peter|gardener|,Peter,Gardener,,,created,X3hCWippD6zjeklfwSPMSW
|william|garrett|,William,Garrett,,,created,QLw8ZVvhSqyPOxrfRevotr
|sarah|gardener|,Sarah,Gardener,,,created,0k1Uv8Ew8Ls47g8R1xxhlF
|ann|gearhart|,Ann,Gearhart,,,created,0k1Uv8Ew8Ls47g8R1xxi8E
|frederick|gearhart|,Frederick,Gearhart,,,created,X3hCWippD6zjeklfwSPMqe
|hannah|geiger|,Hannah,Geiger,,,created,X3hCWippD6zjeklfwSPMtU
|john|gemmil|,John,Gemmil,,,created,0k1Uv8Ew8Ls47g8R1xxieP
|thomas|george|,Thomas,George,,,created,QLw8ZVvhSqyPOxrfRevpm3
|william|george|,William,George,,,created,0k1Uv8Ew8Ls47g8R1xxjFB
|elizabeth|gilham|,Elizabeth,Gilham,,,created,X3hCWippD6zjeklfwSPNAW
|william|gilham|,William,Gilham,,,created,QLw8ZVvhSqyPOxrfRevqsh
|david|gibbs|,David,Gibbs,,,created,0k1Uv8Ew8Ls47g8R1xxk8L
|henry|gerber|,Henry,Gerber,,,created,0k1Uv8Ew8Ls47g8R1xxjz9
|h.|gilkyson|,H.,Gilkyson,,,created,QLw8ZVvhSqyPOxrfRevrSp
|james|glasco|,James,Glasco,,,created,X3hCWippD6zjeklfwSPNUO
|david|gillespie|,David,Gillespie,,,created,QLw8ZVvhSqyPOxrfRevsAB
|levi|glisson|,Levi,Glisson,,,created,0k1Uv8Ew8Ls47g8R1xxlcH
|hiram|glisson|,Hiram,Glisson,,,created,0k1Uv8Ew8Ls47g8R1xxlT5
|john|gnagy|,John,Gnagy,,,created,QLw8ZVvhSqyPOxrfRevtjj
|daniel|goldsmith|,Daniel,Goldsmith,,,created,QLw8ZVvhSqyPOxrfRevu5P
|jeremiah|goldsmith|,Jeremiah,Goldsmith,,,created,X3hCWippD6zjeklfwSPNoG
|catherine|golden|,Catherine,Golden,,,created,0k1Uv8Ew8Ls47g8R1xxmjE
|charles|golden|,Charles,Golden,,,created,X3hCWippD6zjeklfwSPNlQ
|susanna|goldsmith|,Susanna,Goldsmith,,,created,QLw8ZVvhSqyPOxrfRevuxb
|magdalen|gordon|,Magdalen,Gordon,,,created,X3hCWippD6zjeklfwSPO88
|jacob|gordon|,Jacob,Gordon,,,created,QLw8ZVvhSqyPOxrfRevviZ
|mary|gordon|,Mary,Gordon,,,created,QLw8ZVvhSqyPOxrfRevvpn
|isabel|gorden|,Isabel,Gorden,,,created,0k1Uv8Ew8Ls47g8R1xxo3y
|silas|gordon|,Silas,Gordon,,,created,QLw8ZVvhSqyPOxrfRevwF5
|mary|graham|,Mary,Graham,,,created,X3hCWippD6zjeklfwSPOUq
|william|graham|,William,Graham,,,created,0k1Uv8Ew8Ls47g8R1xxox8
|george|graham|,George,Graham,,,created,0k1Uv8Ew8Ls47g8R1xxosX
|christian|gotwalls|,Christian,Gotwalls,,,created,X3hCWippD6zjeklfwSPOS0
|ellen|green|,Ellen,Green,,,created,0k1Uv8Ew8Ls47g8R1xxplh
|jacob|green|,Jacob,Green,,,created,X3hCWippD6zjeklfwSPOnI
|barbara|griffith|,Barbara,Griffith,,,created,0k1Uv8Ew8Ls47g8R1xxqse
|charles|griffith|,Charles,Griffith,,,created,0k1Uv8Ew8Ls47g8R1xxr1q
|john|green|,John,Green,,,created,0k1Uv8Ew8Ls47g8R1xxqo3
|david|griffith|,David,Griffith,,,created,QLw8ZVvhSqyPOxrfRevyAJ
|john|griffith|,John,Griffith,,,created,X3hCWippD6zjeklfwSPP04
|margaret|griffith|,Margaret,Griffith,,,created,QLw8ZVvhSqyPOxrfRevyvH
|jedediah|griffith|,Jedediah,Griffith,,,created,0k1Uv8Ew8Ls47g8R1xxrzb
|mary|griffith|,Mary,Griffith,,,created,0k1Uv8Ew8Ls47g8R1xxs8n
|mary ann|griffith|,Mary Ann,Griffith,,,created,0k1Uv8Ew8Ls47g8R1xxsRB
|david|griffiths|,David,Griffiths,,,created,QLw8ZVvhSqyPOxrfRevzgF
|ruth|griffith|,Ruth,Griffith,,,created,0k1Uv8Ew8Ls47g8R1xxtKL
|william|griffith|,William,Griffith,,,created,0k1Uv8Ew8Ls47g8R1xxtB9
|samuel|griffith|,Samuel,Griffith,,,created,0k1Uv8Ew8Ls47g8R1xxt1x
|john|griffiths|,John,Griffiths,,,created,X3hCWippD6zjeklfwSPPqa
|john|grimsey|,John,Grimsey,,,created,QLw8ZVvhSqyPOxrfRew0c3
|margaret|griffiths|,Margaret,Griffiths,,,created,0k1Uv8Ew8Ls47g8R1xxuRI
|jedediah|griffth|,Jedediah,Griffth,,,created,0k1Uv8Ew8Ls47g8R1xxuaU
|sarah|griffiths|,Sarah,Griffiths,,,created,0k1Uv8Ew8Ls47g8R1xxujg
|andreas henry|groff|,Andreas Henry,Groff,,,created,X3hCWippD6zjeklfwSPQ3M
|joseph|growdon|,Joseph,Growdon,,,created,X3hCWippD6zjeklfwSPQHY
|peter|grove|,Peter,Grove,,,created,QLw8ZVvhSqyPOxrfRew1JP
|john|gronow|,John,Gronow,,,created,QLw8ZVvhSqyPOxrfRew1CB
|thomas j.|grover|,Thomas J.,Grover,,,created,QLw8ZVvhSqyPOxrfRew1Qd
|simeon|grubb|,Simeon,Grubb,,,created,QLw8ZVvhSqyPOxrfRew1mJ
|elizabeth|gunkle|,Elizabeth,Gunkle,,,created,X3hCWippD6zjeklfwSPQh6
|john|guest|,John,Guest,,,created,0k1Uv8Ew8Ls47g8R1xxwjn
|ann|guest|,Ann,Guest,,,created,0k1Uv8Ew8Ls47g8R1xxwsz
|davis|gunkle|,Davis,Gunkle,,,created,QLw8ZVvhSqyPOxrfRew27z
|john|gunkle|,John,Gunkle,,,created,X3hCWippD6zjeklfwSPQr2
|samuel|guss|,Samuel,Guss,,,created,X3hCWippD6zjeklfwSPR3o
|michael|gunkle|,Michael,Gunkle,,,created,0k1Uv8Ew8Ls47g8R1xxxzw
|w.|gunkle|,W.,Gunkle,,,created,X3hCWippD6zjeklfwSPR0y
|lavinia|guss|,Lavinia,Guss,,,created,QLw8ZVvhSqyPOxrfRew2lj
|catherine|gwinn|,Catherine,Gwinn,,,created,0k1Uv8Ew8Ls47g8R1xxyfJ
|john|gwinn|,John,Gwinn,,,created,X3hCWippD6zjeklfwSPRbs
|mary|gwinn|,Mary,Gwinn,,,created,0k1Uv8Ew8Ls47g8R1xxzBU
|horation|gwinn|,Horation,Gwinn,,,created,QLw8ZVvhSqyPOxrfRew3l9
|hannah|gwinn|,Hannah,Gwinn,,,created,X3hCWippD6zjeklfwSPRZ2
|rachel|gwinn|,Rachel,Gwinn,,,created,0k1Uv8Ew8Ls47g8R1xxzmG
|jane|haines|,Jane,Haines,,,created,X3hCWippD6zjeklfwSPRsu
|jesse|gyger|,Jesse,Gyger,,,created,X3hCWippD6zjeklfwSPRq4
|jeremiah|hagerman|,Jeremiah,Hagerman,,,created,0k1Uv8Ew8Ls47g8R1xy0oc
|philip|hahn|,Philip,Hahn,,,created,0k1Uv8Ew8Ls47g8R1xy0xo
|reuben|haines|,Reuben,Haines,,,created,QLw8ZVvhSqyPOxrfRew5DT
|elizabeth|hall|,Elizabeth,Hall,,,created,X3hCWippD6zjeklfwSPSLI
|richard|haldiman|,Richard,Haldiman,,,created,X3hCWippD6zjeklfwSPSIS
|ann|hall|,Ann,Hall,,,created,QLw8ZVvhSqyPOxrfRew5VX
|george|hall|,George,Hall,,,created,QLw8ZVvhSqyPOxrfRew5cl
|henry|hall|,Henry,Hall,,,created,QLw8ZVvhSqyPOxrfRew623
|john|hall|,John,Hall,,,created,QLw8ZVvhSqyPOxrfRew6K7
|phebe|hall|,Phebe,Hall,,,created,QLw8ZVvhSqyPOxrfRew6YZ
|levi|hall|,Levi,Hall,,,created,0k1Uv8Ew8Ls47g8R1xy32W
|joseph|hall|,Joseph,Hall,,,created,QLw8ZVvhSqyPOxrfRew6RL
|thomas|hall|,Thomas,Hall,,,created,0k1Uv8Ew8Ls47g8R1xy3r5
|noah|hallman|,Noah,Hallman,,,created,X3hCWippD6zjeklfwSPT0S
|james|hamilton|,James,Hamilton,,,created,X3hCWippD6zjeklfwSPT3I
|alexander|hampton|,Alexander,Hampton,,,created,QLw8ZVvhSqyPOxrfRew7UN
|john|hambright|,John,Hambright,,,created,0k1Uv8Ew8Ls47g8R1xy4NG
|harriet|hampton|,Harriet,Hampton,,,created,QLw8ZVvhSqyPOxrfRew7mR
|joseph|hampton|,Joseph,Hampton,,,created,X3hCWippD6zjeklfwSPTSq
|john|hampton|,John,Hampton,,,created,QLw8ZVvhSqyPOxrfRew8Bj
|isaac|hampton|,Isaac,Hampton,,,created,0k1Uv8Ew8Ls47g8R1xy5rC
|mary|hampton|,Mary,Hampton,,,created,0k1Uv8Ew8Ls47g8R1xy60O
|samuel|hampton|,Samuel,Hampton,,,created,X3hCWippD6zjeklfwSPTiS
|thomas|hampton|,Thomas,Hampton,,,created,X3hCWippD6zjeklfwSPTzU
|william|hancock|,William,Hancock,,,created,0k1Uv8Ew8Ls47g8R1xy6tY
|john|hange|,John,Hange,,,created,QLw8ZVvhSqyPOxrfRew8ed
|isaac|hancock|,Isaac,Hancock,,,created,QLw8ZVvhSqyPOxrfRew8lr
|robert|hanley|,Robert,Hanley,,,created,X3hCWippD6zjeklfwSPUCG
|james|harkins|,James,Harkins,,,created,X3hCWippD6zjeklfwSPUHw
|rachel|harkins|,Rachel,Harkins,,,created,X3hCWippD6zjeklfwSPUKm
|daniel|harp|,Daniel,Harp,,,created,0k1Uv8Ew8Ls47g8R1xy89h
|tacy|harp|,Tacy,Harp,,,created,0k1Uv8Ew8Ls47g8R1xy8It
|hnery|harpst|,Hnery,Harpst,,,created,QLw8ZVvhSqyPOxrfRew9zj
|thomas|harris|,Thomas,Harris,,,created,X3hCWippD6zjeklfwSPUiu
|peter|harris|,Peter,Harris,,,created,X3hCWippD6zjeklfwSPUg4
|john|harris|,John,Harris,,,created,QLw8ZVvhSqyPOxrfRewAZr
|ann|harris|,Ann,Harris,,,created,QLw8ZVvhSqyPOxrfRewASd
|hannah|harrison|,Hannah,Harrison,,,created,QLw8ZVvhSqyPOxrfRewBKp
|mary|harrison|,Mary,Harrison,,,created,X3hCWippD6zjeklfwSPV2m
|william|harrison|,William,Harrison,,,created,X3hCWippD6zjeklfwSPV5c
|david|harry|,David,Harry,,,created,0k1Uv8Ew8Ls47g8R1xyAWn
|thomas|harrison|,Thomas,Harrison,,,created,QLw8ZVvhSqyPOxrfRewByZ
|benjamin|hartman|,Benjamin,Hartman,,,created,QLw8ZVvhSqyPOxrfRewCYh
|elizabeth|hartman|,Elizabeth,Hartman,,,created,X3hCWippD6zjeklfwSPVSK
|edith|hartman|,Edith,Hartman,,,created,X3hCWippD6zjeklfwSPVVA
|catherine|hartman|,Catherine,Hartman,,,created,X3hCWippD6zjeklfwSPVY0
|david|hartman|,David,Hartman,,,created,0k1Uv8Ew8Ls47g8R1xyCEW
|emma|hartman|,Emma,Hartman,,,created,X3hCWippD6zjeklfwSPVf6
|francis|hartman|,Francis,Hartman,,,created,X3hCWippD6zjeklfwSPVui
|jacob|hartman|,Jacob,Hartman,,,created,X3hCWippD6zjeklfwSPVrs
|george|hartman|,George,Hartman,,,created,0k1Uv8Ew8Ls47g8R1xyDiS
|joseph|hartman|,Joseph,Hartman,,,created,QLw8ZVvhSqyPOxrfRewE4d
|margaret|hartman|,Margaret,Hartman,,,created,X3hCWippD6zjeklfwSPW64
|peter|hartman|,Peter,Hartman,,,created,X3hCWippD6zjeklfwSPWG0
|moses|hartman|,Moses,Hartman,,,created,0k1Uv8Ew8Ls47g8R1xyF3C
|michael|hartman|,Michael,Hartman,,,created,QLw8ZVvhSqyPOxrfRewFEt
|orpha|hartman|,Orpha,Hartman,,,created,QLw8ZVvhSqyPOxrfRewFM7
|henry|hartzel|,Henry,Hartzel,,,created,X3hCWippD6zjeklfwSPWSm
|elizabeth|harvey|,Elizabeth,Harvey,,,created,X3hCWippD6zjeklfwSPWjo
|job|harvey|,Job,Harvey,,,created,0k1Uv8Ew8Ls47g8R1xyGX8
captain|james|harvey|,James,Harvey,Captain,,created,QLw8ZVvhSqyPOxrfRewGLX
|sarah|hartzel|,Sarah,Hartzel,,,created,QLw8ZVvhSqyPOxrfRewGEJ
|joseph|harvey|,Joseph,Harvey,,,created,X3hCWippD6zjeklfwSPX2G
|samuel|harvey|,Samuel,Harvey,,,created,X3hCWippD6zjeklfwSPXJI
|samuel|hasles|,Samuel,Hasles,,,created,X3hCWippD6zjeklfwSPXGS
|ann|hassell|,Ann,Hassell,,,created,0k1Uv8Ew8Ls47g8R1xyIEr
|martha|harvey|,Martha,Harvey,,,created,QLw8ZVvhSqyPOxrfRewH2t
|samuel|hassell|,Samuel,Hassell,,,created,0k1Uv8Ew8Ls47g8R1xyJ81
|david|hause|,David,Hause,,,created,X3hCWippD6zjeklfwSPXoW
|jacob|haucks|,Jacob,Haucks,,,created,X3hCWippD6zjeklfwSPXiq
|jacob|hause|,Jacob,Hause,,,created,X3hCWippD6zjeklfwSPXlg
|catherine|hause|,Catherine,Hause,,,created,QLw8ZVvhSqyPOxrfRewHrT
|john|hause|,John,Hause,,,created,0k1Uv8Ew8Ls47g8R1xyKSl
|david|havard|,David,Havard,,,created,X3hCWippD6zjeklfwSPY9o
|mary|havard|,Mary,Havard,,,created,X3hCWippD6zjeklfwSPYCe
|sarah|hause|,Sarah,Hause,,,created,X3hCWippD6zjeklfwSPY6y
|samuel|havard|,Samuel,Havard,,,created,0k1Uv8Ew8Ls47g8R1xyLHK
|aaron|hawk|,Aaron,Hawk,,,created,0k1Uv8Ew8Ls47g8R1xyLiu
|george|hawk|,George,Hawk,,,created,X3hCWippD6zjeklfwSPYam
|benjamin|hawk|,Benjamin,Hawk,,,created,X3hCWippD6zjeklfwSPYXw
|catherine|hawk|,Catherine,Hawk,,,created,QLw8ZVvhSqyPOxrfRewJNP
|david|hawk|,David,Hawk,,,created,0k1Uv8Ew8Ls47g8R1xyMF5
|isaac|hawk|,Isaac,Hawk,,,created,X3hCWippD6zjeklfwSPYnY
|john|hawk|,John,Hawk,,,created,QLw8ZVvhSqyPOxrfRewK8N
|rachel|hawk|,Rachel,Hawk,,,created,QLw8ZVvhSqyPOxrfRewKMp
|j.|hawk|,J.,Hawk,,,created,QLw8ZVvhSqyPOxrfRewKFb
|jacob|hawk|,Jacob,Hawk,,,created,QLw8ZVvhSqyPOxrfRewKBz
|william|hay|,William,Hay,,,created,X3hCWippD6zjeklfwSPZ60
|mary|hayman|,Mary,Hayman,,,created,X3hCWippD6zjeklfwSPZFw
|george|hayes|,George,Hayes,,,created,QLw8ZVvhSqyPOxrfRewLX5
|edward|heaston|,Edward,Heaston,,,created,0k1Uv8Ew8Ls47g8R1xyP3l
|abraham|hebener|,Abraham,Hebener,,,created,0k1Uv8Ew8Ls47g8R1xyOuZ
|baltzer|hebener|,Baltzer,Hebener,,,created,QLw8ZVvhSqyPOxrfRewLsl
|susanna|hebener|,Susanna,Hebener,,,created,X3hCWippD6zjeklfwSPZiK
|christian|hebener|,Christian,Hebener,,,created,QLw8ZVvhSqyPOxrfRewMdj
|detrick|heckman|,Detrick,Heckman,,,created,0k1Uv8Ew8Ls47g8R1xyQT6
|deider|heckman|,Deider,Heckman,,,created,QLw8ZVvhSqyPOxrfRewMkx
|magdalen|heckman|,Magdalen,Heckman,,,created,X3hCWippD6zjeklfwSPZwW
|george|hellerman|,George,Hellerman,,,created,X3hCWippD6zjeklfwSPa7s
|catherine|heistand|,Catherine,Heistand,,,created,X3hCWippD6zjeklfwSPa52
|joseph|heebener|,Joseph,Heebener,,,created,0k1Uv8Ew8Ls47g8R1xyRVS
|david|heistand|,David,Heistand,,,created,0k1Uv8Ew8Ls47g8R1xyRee
|hester|hellerman|,Hester,Hellerman,,,created,X3hCWippD6zjeklfwSPaM4
|noah|hendricks|,Noah,Hendricks,,,created,QLw8ZVvhSqyPOxrfRewOnP
|jane|henry|,Jane,Henry,,,created,QLw8ZVvhSqyPOxrfRewP1r
|ann|hendricks|,Ann,Hendricks,,,created,0k1Uv8Ew8Ls47g8R1xySOc
|hugh|henry|,Hugh,Henry,,,created,QLw8ZVvhSqyPOxrfRewOud
|joseph|henry|,Joseph,Henry,,,created,0k1Uv8Ew8Ls47g8R1xySlb
|frederick|henzie|,Frederick,Henzie,,,created,X3hCWippD6zjeklfwSPakC
|mary|heston|,Mary,Heston,,,created,QLw8ZVvhSqyPOxrfRewQMx
|isaiah|heston|,Isaiah,Heston,,,created,QLw8ZVvhSqyPOxrfRewQFj
|edward|heston|,Edward,Heston,,,created,0k1Uv8Ew8Ls47g8R1xyTDB
|joseph|hickman|,Joseph,Hickman,,,created,0k1Uv8Ew8Ls47g8R1xyTx9
|marshall|hickman|,Marshall,Hickman,,,created,X3hCWippD6zjeklfwSPb9k
|wellington|hickman|,Wellington,Hickman,,,created,QLw8ZVvhSqyPOxrfRewRIl
|daniel|high|,Daniel,High,,,created,QLw8ZVvhSqyPOxrfRewR4J
|david|high|,David,High,,,created,QLw8ZVvhSqyPOxrfRewRBX
|elizabeth|high|,Elizabeth,High,,,created,X3hCWippD6zjeklfwSPbL6
|jacob|high|,Jacob,High,,,created,X3hCWippD6zjeklfwSPbV2
|margaret|high|,Margaret,High,,,created,QLw8ZVvhSqyPOxrfRewSIB
|elizabeth|highley|,Elizabeth,Highley,,,created,QLw8ZVvhSqyPOxrfRewSPP
|felix|highley|,Felix,Highley,,,created,0k1Uv8Ew8Ls47g8R1xyVHt
|george|highley|,George,Highley,,,created,QLw8ZVvhSqyPOxrfRewSvv
|rachel|hillborn|,Rachel,Hillborn,,,created,QLw8ZVvhSqyPOxrfRewTdH
|susan|highley|,Susan,Highley,,,created,X3hCWippD6zjeklfwSPcD2
|john|highley|,John,Highley,,,created,0k1Uv8Ew8Ls47g8R1xyWOq
|henry|highley|,Henry,Highley,,,created,0k1Uv8Ew8Ls47g8R1xyWFe
|jacob|hilldebrand|,Jacob,Hilldebrand,,,created,QLw8ZVvhSqyPOxrfRewUKd
|john|hipple|,John,Hipple,,,created,X3hCWippD6zjeklfwSPcbA
|joseph|himes|,Joseph,Himes,,,created,QLw8ZVvhSqyPOxrfRewUr9
|catherine|himes|,Catherine,Himes,,,created,QLw8ZVvhSqyPOxrfRewUjv
|margaret|hirst|,Margaret,Hirst,,,created,0k1Uv8Ew8Ls47g8R1xyXez
|marmaduke|hirst|,Marmaduke,Hirst,,,created,X3hCWippD6zjeklfwSPcmW
|benjamin|hobbs|,Benjamin,Hobbs,,,created,X3hCWippD6zjeklfwSPcxs
|james|hoare|,James,Hoare,,,created,QLw8ZVvhSqyPOxrfRewVjL
|john|hiser|,John,Hiser,,,created,QLw8ZVvhSqyPOxrfRewVc7
|sarah|hobbs|,Sarah,Hobbs,,,created,0k1Uv8Ew8Ls47g8R1xyYTY
|samuel|hockley|,Samuel,Hockley,,,created,0k1Uv8Ew8Ls47g8R1xyZ8v
|william|hodge|,William,Hodge,,,created,X3hCWippD6zjeklfwSPdHk
|mary|hodge|,Mary,Hodge,,,created,X3hCWippD6zjeklfwSPdKa
|isabel|hodge|,Isabel,Hodge,,,created,QLw8ZVvhSqyPOxrfRewWXv
|james|hodge|,James,Hodge,,,created,0k1Uv8Ew8Ls47g8R1xyZRJ
|james|hodges|,James,Hodges,,,created,0k1Uv8Ew8Ls47g8R1xya6g
|henry|hoffman|,Henry,Hoffman,,,created,X3hCWippD6zjeklfwSPdeS
|samuel|hoffman|,Samuel,Hoffman,,,created,QLw8ZVvhSqyPOxrfRewXTj
|anna|holdeman|,Anna,Holdeman,,,created,0k1Uv8Ew8Ls47g8R1xyahS
|john|hoffman|,John,Hoffman,,,created,0k1Uv8Ew8Ls47g8R1xyaYG
|joseph|holdeman|,Joseph,Holdeman,,,created,QLw8ZVvhSqyPOxrfRewY3r
|abraham|holderman|,Abraham,Holderman,,,created,X3hCWippD6zjeklfwSPdyK
|christian|holderman|,Christian,Holderman,,,created,X3hCWippD6zjeklfwSPe1A
|mary|holderman|,Mary,Holderman,,,created,X3hCWippD6zjeklfwSPe40
|elizabeth|holderman|,Elizabeth,Holderman,,,created,0k1Uv8Ew8Ls47g8R1xybfD
|nicolas|holderman|,Nicolas,Holderman,,,created,QLw8ZVvhSqyPOxrfRewYw3
|hester|hollings|,Hester,Hollings,,,created,X3hCWippD6zjeklfwSPeNs
|joseph|holloway|,Joseph,Holloway,,,created,0k1Uv8Ew8Ls47g8R1xyccy
|elizabeth|holloway|,Elizabeth,Holloway,,,created,QLw8ZVvhSqyPOxrfRewZoF
|john|hollings|,John,Hollings,,,created,QLw8ZVvhSqyPOxrfRewZh1
|adam|holman|,Adam,Holman,,,created,QLw8ZVvhSqyPOxrfRewaDX
|andrew|holstone|,Andrew,Holstone,,,created,X3hCWippD6zjeklfwSPexM
|lambert|hood|,Lambert,Hood,,,created,X3hCWippD6zjeklfwSPf0C
|samuel|holman|,Samuel,Holman,,,created,X3hCWippD6zjeklfwSPeuW
|samuel|holmes|,Samuel,Holmes,,,created,0k1Uv8Ew8Ls47g8R1xye2J
|sarah|hood|,Sarah,Hood,,,created,0k1Uv8Ew8Ls47g8R1xyeKh
|thomas|hoopes|,Thomas,Hoopes,,,created,X3hCWippD6zjeklfwSPfU0
|caleb|hoopes|,Caleb,Hoopes,,,created,QLw8ZVvhSqyPOxrfRewbfr
|henry|hooper|,Henry,Hooper,,,created,0k1Uv8Ew8Ls47g8R1xyf9G
|sarah|hoopes|,Sarah,Hoopes,,,created,0k1Uv8Ew8Ls47g8R1xyf4f
|margaret|hope|,Margaret,Hope,,,created,QLw8ZVvhSqyPOxrfRewbxv
|john|hoskins|,John,Hoskins,,,created,0k1Uv8Ew8Ls47g8R1xyghn
|philip|hope|,Philip,Hope,,,created,0k1Uv8Ew8Ls47g8R1xygYb
|samuel|horning|,Samuel,Horning,,,created,0k1Uv8Ew8Ls47g8R1xygPP
|rebecca|hoskins|,Rebecca,Hoskins,,,created,0k1Uv8Ew8Ls47g8R1xygqz
|ruth|hoskins|,Ruth,Hoskins,,,created,0k1Uv8Ew8Ls47g8R1xyhax
|william|howard|,William,Howard,,,created,X3hCWippD6zjeklfwSPgLw
|stephen|hoskins|,Stephen,Hoskins,,,created,X3hCWippD6zjeklfwSPgGG
|robett|houston|,Robett,Houston,,,created,X3hCWippD6zjeklfwSPgJ6
|washington|hoskins|,Washington,Hoskins,,,created,0k1Uv8Ew8Ls47g8R1xyiGK
|david|howell|,David,Howell,,,created,QLw8ZVvhSqyPOxrfReweBD
|owen|howell|,Owen,Howell,,,created,X3hCWippD6zjeklfwSPgmu
|thomas|howell|,Thomas,Howell,,,created,0k1Uv8Ew8Ls47g8R1xyjIg
|elizabeth|howell|,Elizabeth,Howell,,,created,0k1Uv8Ew8Ls47g8R1xyj9U
|ezekiel|howell|,Ezekiel,Howell,,,created,0k1Uv8Ew8Ls47g8R1xyjRs
|widow|howell|,Widow,Howell,,,created,QLw8ZVvhSqyPOxrfRewelL
|james f.|hoy|,James F.,Hoy,,,created,0k1Uv8Ew8Ls47g8R1xylIn
|john l.|hoy|,John L.,Hoy,,,created,QLw8ZVvhSqyPOxrfRewfSh
|bernard|hoy|,Bernard,Hoy,,,created,X3hCWippD6zjeklfwSPhI8
|james|hoy|,James,Hoy,,,created,QLw8ZVvhSqyPOxrfRewfLT
|madelin|hoy|,Madelin,Hoy,,,created,X3hCWippD6zjeklfwSPhXk
|robert|hudson|,Robert,Hudson,,,created,X3hCWippD6zjeklfwSPhj6
|elizabeth|hudson|,Elizabeth,Hudson,,,created,0k1Uv8Ew8Ls47g8R1xymrK
|cadwalader|hugh|,Cadwalader,Hugh,,,created,QLw8ZVvhSqyPOxrfRewgVj
|elizabeth|hughes|,Elizabeth,Hughes,,,created,0k1Uv8Ew8Ls47g8R1xyn0W
|john|hughes|,John,Hughes,,,created,0k1Uv8Ew8Ls47g8R1xynS6
|thomas|hughes|,Thomas,Hughes,,,created,X3hCWippD6zjeklfwSPi8e
|patrick|hughes|,Patrick,Hughes,,,created,QLw8ZVvhSqyPOxrfRewhjb
|robert|hughes|,Robert,Hughes,,,created,0k1Uv8Ew8Ls47g8R1xyoPr
|manasseh|hughes|,Manasseh,Hughes,,,created,0k1Uv8Ew8Ls47g8R1xyoGf
|william|hughes|,william,Hughes,,,created,QLw8ZVvhSqyPOxrfRewiNL
|patrick|hughs|,Patrick,Hughs,,,created,QLw8ZVvhSqyPOxrfRewij1
|catherine|humphrey|,Catherine,Humphrey,,,created,QLw8ZVvhSqyPOxrfRewiqF
|charles|humphrey|,Charles,Humphrey,,,created,0k1Uv8Ew8Ls47g8R1xypWo
|ann|humphrey|,Ann,Humphrey,,,created,0k1Uv8Ew8Ls47g8R1xypNc
|daniel|humphrey|,Daniel,Humphrey,,,created,QLw8ZVvhSqyPOxrfRewjTz
|david|humphrey|,David,Humphrey,,,created,X3hCWippD6zjeklfwSPiky
|esther|humphrey|,Esther,Humphrey,,,created,X3hCWippD6zjeklfwSPino
|euphemia|humphrey|,Euphemia,Humphrey,,,created,X3hCWippD6zjeklfwSPiqe
|elizabeth|humphrey|,Elizabeth,Humphrey,,,created,QLw8ZVvhSqyPOxrfRewjwt
|john|humphrey|,John,Humphrey,,,created,QLw8ZVvhSqyPOxrfRewkMB
|morgan|humphrey|,Morgan,Humphrey,,,created,X3hCWippD6zjeklfwSPjHc
|thomas|humphrey|,Thomas,Humphrey,,,created,0k1Uv8Ew8Ls47g8R1xyrki
|jonathan|humphrey|,Jonathan,Humphrey,,,created,0k1Uv8Ew8Ls47g8R1xyrtu
|rebecca|humphrey|,Rebecca,Humphrey,,,created,0k1Uv8Ew8Ls47g8R1xyrbW
|george|hunter|,George,Hunter,,,created,QLw8ZVvhSqyPOxrfRewlAl
|jonathan|hunter|,Jonathan,Hunter,,,created,X3hCWippD6zjeklfwSPjYe
|james|hunter|,James,Hunter,,,created,X3hCWippD6zjeklfwSPjVo
|magdelana|huntsberger|,Magdelana,Huntsberger,,,created,0k1Uv8Ew8Ls47g8R1xytgE
|martin|huntsberger|,Martin,Huntsberger,,,created,0k1Uv8Ew8Ls47g8R1xytpQ
|samuel|hursh|,Samuel,Hursh,,,created,QLw8ZVvhSqyPOxrfRewlkt
|john|husbands|,John,Husbands,,,created,QLw8ZVvhSqyPOxrfRewmL1
|james|huston|,James,Huston,,,created,QLw8ZVvhSqyPOxrfRewmDn
|sarah|hursh|,Sarah,Hursh,,,created,0k1Uv8Ew8Ls47g8R1xyv0y
|hannah|husbands|,Hannah,Husbands,,,created,0k1Uv8Ew8Ls47g8R1xyvAA
|mary|huston|,Mary,Huston,,,created,X3hCWippD6zjeklfwSPk2S
|sarah|ingraham|,Sarah,Ingraham,,,created,X3hCWippD6zjeklfwSPk88
|frederick|huzzard|,Frederick,Huzzard,,,created,QLw8ZVvhSqyPOxrfRewnYt
|robert|hutchinson|,Robert,Hutchinson,,,created,0k1Uv8Ew8Ls47g8R1xywLi
|robert|huston|,Robert,Huston,,,created,QLw8ZVvhSqyPOxrfRewnO3
|william|ingraham|,William,Ingraham,,,created,0k1Uv8Ew8Ls47g8R1xywwU
|benjamin|irons|,Benjamin,Irons,,,created,X3hCWippD6zjeklfwSPkUq
|elizabeth|irons|,Elizabeth,Irons,,,created,QLw8ZVvhSqyPOxrfRewobv
|ellen|irons|,Ellen,Irons,,,created,QLw8ZVvhSqyPOxrfRewoUh
|charles|irons|,Charles,Irons,,,created,0k1Uv8Ew8Ls47g8R1xyxSf
|jacob|irons|,Jacob,Irons,,,created,X3hCWippD6zjeklfwSPkkS
|keziah|irons|,Keziah,Irons,,,created,QLw8ZVvhSqyPOxrfRewptP
|sarah|irons|,Sarah,Irons,,,created,QLw8ZVvhSqyPOxrfRewpmB
|sabina|irons|,Sabina,Irons,,,created,QLw8ZVvhSqyPOxrfRewpXj
|robert|irons|,Robert,Irons,,,created,QLw8ZVvhSqyPOxrfRewpex
|william|irvine|,William,Irvine,,,created,0k1Uv8Ew8Ls47g8R1xyzOB
|james|isaac|,James,Isaac,,,created,QLw8ZVvhSqyPOxrfRewrAt
|aliviza|ivester|,Aliviza,Ivester,,,created,0k1Uv8Ew8Ls47g8R1xyzyx
|priscilla|irwin|,Priscilla,Irwin,,,created,0k1Uv8Ew8Ls47g8R1xz089
|james|irwin|,James,Irwin,,,created,QLw8ZVvhSqyPOxrfRewr7H
|william|ivester|,William,Ivester,,,created,X3hCWippD6zjeklfwSPlSS
|ralf|jackson|,Ralf,Jackson,,,created,0k1Uv8Ew8Ls47g8R1xz15u
|richard|jacob|,Richard,Jacob,,,created,0k1Uv8Ew8Ls47g8R1xz0wi
|ann|jacobs|,Ann,Jacobs,,,created,X3hCWippD6zjeklfwSPlge
|margaret|jacob|,Margaret,Jacob,,,created,QLw8ZVvhSqyPOxrfRewraB
|benjamin|jacobs|,Benjamin,Jacobs,,,created,QLw8ZVvhSqyPOxrfRewsAJ
|charles|jacobs|,Charles,Jacobs,,,created,X3hCWippD6zjeklfwSPlwG
|joseph|jacobs|,Joseph,Jacobs,,,created,QLw8ZVvhSqyPOxrfRewsVz
|john|jacobs|,John,Jacobs,,,created,0k1Uv8Ew8Ls47g8R1xz2Zq
|george|jacobs|,George,Jacobs,,,created,0k1Uv8Ew8Ls47g8R1xz2Qe
|mary|jacobs|,Mary,Jacobs,,,created,X3hCWippD6zjeklfwSPm7c
|richard|jacobs|,Richard,Jacobs,,,created,X3hCWippD6zjeklfwSPmLo
|catherine|james|,Catherine,James,,,created,QLw8ZVvhSqyPOxrfRewtKZ
|thomas|jacobs|,Thomas,Jacobs,,,created,QLw8ZVvhSqyPOxrfRewtDL
|sarah|jacobs|,Sarah,Jacobs,,,created,0k1Uv8Ew8Ls47g8R1xz3Xb
|david|james|,David,James,,,created,0k1Uv8Ew8Ls47g8R1xz3zB
|elizabeth|james|,Elizabeth,James,,,created,QLw8ZVvhSqyPOxrfRewuCl
|jemimah|james|,Jemimah,James,,,created,0k1Uv8Ew8Ls47g8R1xz4j9
|isaac|james|,Isaac,James,,,created,0k1Uv8Ew8Ls47g8R1xz4Ql
|gwenillian|james|,Gwenillian,James,,,created,0k1Uv8Ew8Ls47g8R1xz4Zx
|john|james|,John,James,,,created,0k1Uv8Ew8Ls47g8R1xz5Aj
|philip|james|,Philip,James,,,created,QLw8ZVvhSqyPOxrfRewuxj
|jonathan|james|,Jonathan,James,,,created,QLw8ZVvhSqyPOxrfRewv1L
|rachel|james|,Rachel,James,,,created,0k1Uv8Ew8Ls47g8R1xz5lV
|mary|james|,Mary,James,,,created,0k1Uv8Ew8Ls47g8R1xz5cJ
|sibilla|james|,Sibilla,James,,,created,X3hCWippD6zjeklfwSPn0y
|john|jardine|,John,Jardine,,,created,X3hCWippD6zjeklfwSPnCK
|thomas|james|,Thomas,James,,,created,QLw8ZVvhSqyPOxrfReww0l
|unity|james|,Unity,James,,,created,0k1Uv8Ew8Ls47g8R1xz6a4
|william|james|,William,James,,,created,QLw8ZVvhSqyPOxrfReww7z
|jesse|jarrett|,Jesse,Jarrett,,,created,QLw8ZVvhSqyPOxrfRewwat
|mary|jarrett|,Mary,Jarrett,,,created,X3hCWippD6zjeklfwSPnP6
|winfield|jarrett|,Winfield,Jarrett,,,created,QLw8ZVvhSqyPOxrfRewxEd
|samuel|jeffries|,Samuel,Jeffries,,,created,0k1Uv8Ew8Ls47g8R1xz7Xp
|thomas|jenkin|,Thomas,Jenkin,,,created,0k1Uv8Ew8Ls47g8R1xz7h1
|henry|jenkins|,Henry,Jenkins,,,created,0k1Uv8Ew8Ls47g8R1xz8Va
|thomas|jennings|,Thomas,Jennings,,,created,X3hCWippD6zjeklfwSPnbs
|rachel|jenkins|,Rachel,Jenkins,,,created,QLw8ZVvhSqyPOxrfRewxl9
|james|jenks|,James,Jenks,,,created,QLw8ZVvhSqyPOxrfRewxsN
|margaret|jenks|,Margaret,Jenks,,,created,0k1Uv8Ew8Ls47g8R1xz9Ok
|amos|john|,Amos,John,,,created,X3hCWippD6zjeklfwSPnsu
|elizabeth|john|,Elizabeth,John,,,created,QLw8ZVvhSqyPOxrfRewygx
|david|john|,David,John,,,created,0k1Uv8Ew8Ls47g8R1xzAHu
|catherine|john|,Catherine,John,,,created,QLw8ZVvhSqyPOxrfRewyZj
|ann|john|,Ann,John,,,created,QLw8ZVvhSqyPOxrfRewySV
|griffith|john|,Griffith,John,,,created,0k1Uv8Ew8Ls47g8R1xzB1s
|jeffrey|john|,Jeffrey,John,,,created,X3hCWippD6zjeklfwSPoPY
|jane|john|,Jane,John,,,created,X3hCWippD6zjeklfwSPoSO
|hannah|john|,Hannah,John,,,created,X3hCWippD6zjeklfwSPoMi
|james|john|,James,John,,,created,0k1Uv8Ew8Ls47g8R1xzBOr
|joshua|john|,Joshua,John,,,created,0k1Uv8Ew8Ls47g8R1xzC4E
|margaret|john|,Margaret,John,,,created,QLw8ZVvhSqyPOxrfRewzyR
|rees|john|,Rees,John,,,created,X3hCWippD6zjeklfwSPong
|mary|john|,Mary,John,,,created,X3hCWippD6zjeklfwSPokq
|nathaniel|john|,Nathaniel,John,,,created,QLw8ZVvhSqyPOxrfRex05f
|samuel|john|,Samuel,John,,,created,0k1Uv8Ew8Ls47g8R1xzDFm
|sarah|john|,Sarah,John,,,created,QLw8ZVvhSqyPOxrfRex11T
|thomas|john|,Thomas,John,,,created,QLw8ZVvhSqyPOxrfRex0uF
|william|john|,William,John,,,created,0k1Uv8Ew8Ls47g8R1xzDhM
|elizabeth|johnston|,Elizabeth,Johnston,,,created,QLw8ZVvhSqyPOxrfRex18h
|jacob|johnston|,Jacob,Johnston,,,created,QLw8ZVvhSqyPOxrfRex1Ql
|charles|jolly|,Charles,Jolly,,,created,X3hCWippD6zjeklfwSPpRQ
|benjamin|jones|,Benjamin,Jones,,,created,QLw8ZVvhSqyPOxrfRex20t
|amy|jones|,Amy,Jones,,,created,QLw8ZVvhSqyPOxrfRex287
|amos|jones|,Amos,Jones,,,created,QLw8ZVvhSqyPOxrfRex1tf
|catherine|jones|,Catherine,Jones,,,created,0k1Uv8Ew8Ls47g8R1xzFP5
|eliza|jones|,Eliza,Jones,,,created,X3hCWippD6zjeklfwSPpmi
|daniel|jones|,Daniel,Jones,,,created,QLw8ZVvhSqyPOxrfRex30J
|emanuel|jones|,Emanuel,Jones,,,created,QLw8ZVvhSqyPOxrfRex37X
|david|jones|,David,Jones,,,created,QLw8ZVvhSqyPOxrfRex3El
|ephraim|jones|,Ephraim,Jones,,,created,X3hCWippD6zjeklfwSPq0u
|griffith|jones|,Griffith,Jones,,,created,X3hCWippD6zjeklfwSPq6a
|horatio|jones|,Horatio,Jones,,,created,X3hCWippD6zjeklfwSPq9Q
|jane|jones|,Jane,Jones,,,created,QLw8ZVvhSqyPOxrfRex4WF
|james|jones|,James,Jones,,,created,QLw8ZVvhSqyPOxrfRex4P1
|jesse|jones|,Jesse,Jones,,,created,0k1Uv8Ew8Ls47g8R1xzGjp
|norris|jones|,Norris,Jones,,,created,X3hCWippD6zjeklfwSPqQS
|jonathan|jones|,Jonathan,Jones,,,created,0k1Uv8Ew8Ls47g8R1xzH6o
|john|jones|,John,Jones,,,created,0k1Uv8Ew8Ls47g8R1xzHG0
|mary|jones|,Mary,Jones,,,created,0k1Uv8Ew8Ls47g8R1xzHPC
|philip|jones|,Philip,Jones,,,created,0k1Uv8Ew8Ls47g8R1xzHzy
|samuel|jones|,Samuel,Jones,,,created,X3hCWippD6zjeklfwSPqq0
|sarah|jones|,Sarah,Jones,,,created,X3hCWippD6zjeklfwSPqnA
|rowland|jones|,Rowland,Jones,,,created,X3hCWippD6zjeklfwSPqkK
|robert|jones|,Robert,Jones,,,created,0k1Uv8Ew8Ls47g8R1xzIRY
|thomas|jones|,Thomas,Jones,,,created,QLw8ZVvhSqyPOxrfRex6Gd
|isaac|justin|,Isaac,Justin,,,created,X3hCWippD6zjeklfwSPr5c
|john|justin|,John,Justin,,,created,X3hCWippD6zjeklfwSPr8S
|john|joyce|,John,Joyce,,,created,QLw8ZVvhSqyPOxrfRex6cJ
|jacob|jonston|,Jacob,Jonston,,,created,0k1Uv8Ew8Ls47g8R1xzJ6v
|joseph|justin|,Joseph,Justin,,,created,QLw8ZVvhSqyPOxrfRex7CR
|susan|justin|,Susan,Justin,,,created,X3hCWippD6zjeklfwSPrVA
|sarah|kaley|,Sarah,Kaley,,,created,X3hCWippD6zjeklfwSPrPU
|elizabeth|kellogg|,Elizabeth,Kellogg,,,created,X3hCWippD6zjeklfwSPrY0
|solomon|kaley|,Solomon,Kaley,,,created,X3hCWippD6zjeklfwSPrSK
|enoch|kellogg|,Enoch,Kellogg,,,created,QLw8ZVvhSqyPOxrfRex88F
|enos|kellogg|,Enos,Kellogg,,,created,X3hCWippD6zjeklfwSPrxY
|ester|kellogg|,Ester,Kellogg,,,created,X3hCWippD6zjeklfwSPs0O
|alexander|kennedy|,Alexander,Kennedy,,,created,X3hCWippD6zjeklfwSPs3E
|james|kelly|,James,Kelly,,,created,0k1Uv8Ew8Ls47g8R1xzKtF
|james|kennedy|,James,Kennedy,,,created,QLw8ZVvhSqyPOxrfRex8pb
|kennedy|kennedy|,Kennedy,Kennedy,,,created,X3hCWippD6zjeklfwSPsLg
|samuel|kennedy|,Samuel,Kennedy,,,created,QLw8ZVvhSqyPOxrfRex9BH
|robert|kennedy|,Robert,Kennedy,,,created,0k1Uv8Ew8Ls47g8R1xzLvb
|thomas r.|kennedy|,Thomas R.,Kennedy,,,created,0k1Uv8Ew8Ls47g8R1xzM4n
|william|kennedy|,William,Kennedy,,,created,QLw8ZVvhSqyPOxrfRex9aZ
|daniel|kenny|,Daniel,Kenny,,,created,X3hCWippD6zjeklfwSPsiO
|alexander|kenny|,Alexander,Kenny,,,created,QLw8ZVvhSqyPOxrfRex9wF
|daniel|kenney|,Daniel,Kenney,,,created,0k1Uv8Ew8Ls47g8R1xzNPX
|elinor|kenny|,Elinor,Kenny,,,created,X3hCWippD6zjeklfwSPslE
|james|kenny|,James,Kenny,,,created,0k1Uv8Ew8Ls47g8R1xzNmW
|john|kerlin|,John,Kerlin,,,created,X3hCWippD6zjeklfwSPt6W
|juliann|kenny|,Juliann,Kenny,,,created,0k1Uv8Ew8Ls47g8R1xzO9V
|lydia|kenny|,Lydia,Kenny,,,created,X3hCWippD6zjeklfwSPt3g
|lucy|kenny|,Lucy,Kenny,,,created,0k1Uv8Ew8Ls47g8R1xzOIh
|elizabeth|kerr|,Elizabeth,Kerr,,,created,0k1Uv8Ew8Ls47g8R1xzOfg
|catherine|kidor|,Catherine,Kidor,,,created,QLw8ZVvhSqyPOxrfRexAWN
|john|kidor|,John,Kidor,,,created,X3hCWippD6zjeklfwSPtQO
|phebe|kersey|,Phebe,Kersey,,,created,X3hCWippD6zjeklfwSPtNY
|david|kimes|,David,Kimes,,,created,QLw8ZVvhSqyPOxrfRexAdb
|jane|kimes|,Jane,Kimes,,,created,0k1Uv8Ew8Ls47g8R1xzPYq
|hannah|kincade|,Hannah,Kincade,,,created,X3hCWippD6zjeklfwSPtg0
|thomas|kimes|,Thomas,Kimes,,,created,QLw8ZVvhSqyPOxrfRexBHL
|john|kimes|,John,Kimes,,,created,0k1Uv8Ew8Ls47g8R1xzQ51
|willis|kimes|,Willis,Kimes,,,created,QLw8ZVvhSqyPOxrfRexBOZ
|john|kincade|,John,Kincade,,,created,QLw8ZVvhSqyPOxrfRexBv5
|abraham|king|,Abraham,King,,,created,X3hCWippD6zjeklfwSPtsm
|catherine|king|,Catherine,King,,,created,QLw8ZVvhSqyPOxrfRexCNz
|conard|king|,Conard,King,,,created,0k1Uv8Ew8Ls47g8R1xzQkO
|anne|king|,Anne,King,,,created,QLw8ZVvhSqyPOxrfRexCGl
|elizabeth|king|,Elizabeth,King,,,created,X3hCWippD6zjeklfwSPtzs
|jacob|king|,Jacob,King,,,created,X3hCWippD6zjeklfwSPu8O
|jane|king|,Jane,King,,,created,X3hCWippD6zjeklfwSPuBE
|george|king|,George,King,,,created,QLw8ZVvhSqyPOxrfRexCqt
|isaac|king|,Isaac,King,,,created,QLw8ZVvhSqyPOxrfRexCy7
|john|king|,John,King,,,created,0k1Uv8Ew8Ls47g8R1xzRrL
|juliana|king|,Juliana,King,,,created,X3hCWippD6zjeklfwSPuSG
|lawrence|king|,Lawrence,King,,,created,0k1Uv8Ew8Ls47g8R1xzS58
|mary|king|,Mary,King,,,created,QLw8ZVvhSqyPOxrfRexDR1
|matilda|king|,Matilda,King,,,created,QLw8ZVvhSqyPOxrfRexDJn
|michael|king|,Michael,King,,,created,QLw8ZVvhSqyPOxrfRexDfT
|moses|king|,Moses,King,,,created,X3hCWippD6zjeklfwSPuf2
|phoebe|king|,Phoebe,King,,,created,QLw8ZVvhSqyPOxrfRexDxX
|philip|king|,Philip,King,,,created,0k1Uv8Ew8Ls47g8R1xzT7U
|peter|king|,Peter,King,,,created,0k1Uv8Ew8Ls47g8R1xzSyI
|rebecca|king|,Rebecca,King,,,created,X3hCWippD6zjeklfwSPuki
|thomas|king|,Thomas,King,,,created,0k1Uv8Ew8Ls47g8R1xzWEY
|sarah|king|,Sarah,King,,,created,X3hCWippD6zjeklfwSPuw4
|samuel|king|,Samuel,King,,,created,X3hCWippD6zjeklfwSPuqO
|sophia|king|,Sophia,King,,,created,X3hCWippD6zjeklfwSPutE
|william|king|,William,King,,,created,X3hCWippD6zjeklfwSPvAG
|laura|kirkner|,Laura,Kirkner,,,created,X3hCWippD6zjeklfwSPw0m
|peter|kinzie|,Peter,Kinzie,,,created,QLw8ZVvhSqyPOxrfRexFTT
|daniel|kinzie|,Daniel,Kinzie,,,created,0k1Uv8Ew8Ls47g8R1xzWtv
|andrew|kirkpatrick|,Andrew,Kirkpatrick,,,created,0k1Uv8Ew8Ls47g8R1xzWyW
|frederick|klaire|,Frederick,Klaire,,,created,0k1Uv8Ew8Ls47g8R1xzXQ6
|frederick|klare|,Frederick,Klare,,,created,X3hCWippD6zjeklfwSPwJE
|mary|klare|,Mary,Klare,,,created,X3hCWippD6zjeklfwSPwM4
|mary ann|klarh|,Mary Ann,Klarh,,,created,0k1Uv8Ew8Ls47g8R1xzXn5
|philip|klare|,Philip,Klare,,,created,QLw8ZVvhSqyPOxrfRexGAp
|peter|klarh|,Peter,Klarh,,,created,0k1Uv8Ew8Ls47g8R1xzYJG
|isaiah|knauer|,Isaiah,Knauer,,,created,QLw8ZVvhSqyPOxrfRexH6d
|susanna|kline|,Susanna,Kline,,,created,QLw8ZVvhSqyPOxrfRexGzP
|daniel|kline|,Daniel,Kline,,,created,QLw8ZVvhSqyPOxrfRexGsB
|john|kline|,John,Kline,,,created,0k1Uv8Ew8Ls47g8R1xzYkq
|elizabeth|koffman|,Elizabeth,Koffman,,,created,0k1Uv8Ew8Ls47g8R1xzZ7p
|mary|koffman|,Mary,Koffman,,,created,0k1Uv8Ew8Ls47g8R1xzZUo
|john|koffman|,John,Koffman,,,created,QLw8ZVvhSqyPOxrfRexHvD
|andrew|kreeble|,Andrew,Kreeble,,,created,QLw8ZVvhSqyPOxrfRexI2R
|jacob|koffman|,Jacob,Koffman,,,created,QLw8ZVvhSqyPOxrfRexHnz
|isaac|krieble|,Isaac,Krieble,,,created,0k1Uv8Ew8Ls47g8R1xza0z
|benjamin|kugler|,Benjamin,Kugler,,,created,QLw8ZVvhSqyPOxrfRexIgB
|ann|kugler|,Ann,Kugler,,,created,0k1Uv8Ew8Ls47g8R1xzaSZ
|david|kugler|,David,Kugler,,,created,QLw8ZVvhSqyPOxrfRexInP
|abraham|krupp|,Abraham,Krupp,,,created,0k1Uv8Ew8Ls47g8R1xzaJN
|emeline|kugler|,Emeline,Kugler,,,created,0k1Uv8Ew8Ls47g8R1xzayk
|joseph|kugler|,Joseph,Kugler,,,created,X3hCWippD6zjeklfwSPxIG
|margaret|kugler|,Margaret,Kugler,,,created,QLw8ZVvhSqyPOxrfRexJYN
|mary|kugler|,Mary,Kugler,,,created,X3hCWippD6zjeklfwSPxFQ
|john|kugler|,John,Kugler,,,created,0k1Uv8Ew8Ls47g8R1xzbLj
|michael|kugler|,Michael,Kugler,,,created,0k1Uv8Ew8Ls47g8R1xzbwV
|abraham|kurtz|,Abraham,Kurtz,,,created,X3hCWippD6zjeklfwSPxXs
|barbara|kurtz|,Barbara,Kurtz,,,created,QLw8ZVvhSqyPOxrfRexKUB
|mary|kungle|,Mary,Kungle,,,created,QLw8ZVvhSqyPOxrfRexKFj
|william|kungle|,William,Kungle,,,created,QLw8ZVvhSqyPOxrfRexKMx
|hannah|kurtz|,Hannah,Kurtz,,,created,X3hCWippD6zjeklfwSPxgO
|john|kurtz|,John,Kurtz,,,created,X3hCWippD6zjeklfwSPxou
|henry|kurtz|,Henry,Kurtz,,,created,X3hCWippD6zjeklfwSPxm4
|jacob|kurtz|,Jacob,Kurtz,,,created,0k1Uv8Ew8Ls47g8R1xzcpf
|joseph|kurtz|,Joseph,Kurtz,,,created,QLw8ZVvhSqyPOxrfRexLF9
|sarah|kurtz|,Sarah,Kurtz,,,created,QLw8ZVvhSqyPOxrfRexLPz
|david|lane|,David,Lane,,,created,X3hCWippD6zjeklfwSPy7M
|john|landis|,John,Landis,,,created,X3hCWippD6zjeklfwSPy4W
|edward|lane|,Edward,Lane,,,created,VrXtJET951nNPZwlPrI51O
|mary|landis|,Mary,Landis,,,created,VrXtJET951nNPZwlPrI4wo
|samuel|lane|,Samuel,Lane,,,created,0k1Uv8Ew8Ls47g8R1xze5o
|christian|lapp|,Christian,Lapp,,,created,X3hCWippD6zjeklfwSPyVU
|ann|lapp|,Ann,Lapp,,,created,VrXtJET951nNPZwlPrI5M0
|sarah|lane|,Sarah,Lane,,,created,VrXtJET951nNPZwlPrI5AY
|david|langacre|,David,Langacre,,,created,0k1Uv8Ew8Ls47g8R1xzebz
|jacob|lapp|,Jacob,Lapp,,,created,X3hCWippD6zjeklfwSPye0
|henry|laubaugh|,Henry,Laubaugh,,,created,X3hCWippD6zjeklfwSPypM
|michael|lapp|,Michael,Lapp,,,created,X3hCWippD6zjeklfwSPymW
|daniel|latshaw|,Daniel,Latshaw,,,created,0k1Uv8Ew8Ls47g8R1xzfs8
|john|latshaw|,John,Latshaw,,,created,0k1Uv8Ew8Ls47g8R1xzfwj
|john|laubaugh|,John,Laubaugh,,,created,0k1Uv8Ew8Ls47g8R1xzgXV
|juliann|laver|,Juliann,Laver,,,created,X3hCWippD6zjeklfwSPzAe
|furman|leaming|,Furman,Leaming,,,created,0k1Uv8Ew8Ls47g8R1xzhHT
|erasmus|laver|,Erasmus,Laver,,,created,0k1Uv8Ew8Ls47g8R1xzh8H
|thomas|lawrence|,Thomas,Lawrence,,,created,0k1Uv8Ew8Ls47g8R1xzhQf
|hannah|leaming|,Hannah,Leaming,,,created,X3hCWippD6zjeklfwSPzNQ
|elijah|lewis|,Elijah,Lewis,,,created,VrXtJET951nNPZwlPrI65o
|david|lewis|,David,Lewis,,,created,VrXtJET951nNPZwlPrI5yw
|elizabeth|lewis|,Elizabeth,Lewis,,,created,X3hCWippD6zjeklfwSPzXM
|david|lee|,David,Lee,,,created,0k1Uv8Ew8Ls47g8R1xziq0
|ellis|lewis|,Ellis,Lewis,,,created,X3hCWippD6zjeklfwSPzhI
|evan|lewis|,Evan,Lewis,,,created,VrXtJET951nNPZwlPrI6XI
|griffith|lewis|,Griffith,Lewis,,,created,X3hCWippD6zjeklfwSPzoO
|francis|lewis|,Francis,Lewis,,,created,0k1Uv8Ew8Ls47g8R1xzjjA
|george|lewis|,George,Lewis,,,created,0k1Uv8Ew8Ls47g8R1xzjsM
|james|lewis|,James,Lewis,,,created,0k1Uv8Ew8Ls47g8R1xzkT8
|margaret|lewis|,Margaret,Lewis,,,created,X3hCWippD6zjeklfwSPzwu
|joseph|lewis|,Joseph,Lewis,,,created,0k1Uv8Ew8Ls47g8R1xzkzJ
|mordecai|lewis|,Mordecai,Lewis,,,created,0k1Uv8Ew8Ls47g8R1xzl8V
|josephine|lewis|,Josephine,Lewis,,,created,0k1Uv8Ew8Ls47g8R1xzkq7
|nathan|lewis|,Nathan,Lewis,,,created,0k1Uv8Ew8Ls47g8R1xzlns
|rachel|lewis|,Rachel,Lewis,,,created,VrXtJET951nNPZwlPrI6ym
|rebecca|lewis|,Rebecca,Lewis,,,created,X3hCWippD6zjeklfwSQ08G
|samuel|lewis|,Samuel,Lewis,,,created,VrXtJET951nNPZwlPrI77w
|reeve|lewis|,Reeve,Lewis,,,created,VrXtJET951nNPZwlPrI73M
|stephen|lewis|,Stephen,Lewis,,,created,X3hCWippD6zjeklfwSQ0L2
|jane|lindsey|,Jane,Lindsey,,,created,0k1Uv8Ew8Ls47g8R1xznHo
|susanna|lewis|,Susanna,Lewis,,,created,0k1Uv8Ew8Ls47g8R1xzn8c
|william|lewis|,William,Lewis,,,created,BUwEA3l7w0Brg0vJAWNREL
|david|lindsey|,David,Lindsey,,,created,BUwEA3l7w0Brg0vJAWNRM1
|joshua|lippinscott|,Joshua,Lippinscott,,,created,Keh2tIeUdQ9KzHg67XrB6k
|george|little|,George,Little,,,created,VrXtJET951nNPZwlPrI7rk
|hannah|little|,Hannah,Little,,,created,X3hCWippD6zjeklfwSQ0gK
|eliza|little|,Eliza,Little,,,created,X3hCWippD6zjeklfwSQ0ZE
|jane martin aka jane|little|,Jane Martin aka Jane,Little,,,created,X3hCWippD6zjeklfwSQ0jA
major|little|little|,Little,Little,Major,,created,X3hCWippD6zjeklfwSQ10C
|john|little|,John,Little,,,created,X3hCWippD6zjeklfwSQ0uW
|rebecca|little|,Rebecca,Little,,,created,VrXtJET951nNPZwlPrI87m
|mary|little|,Mary,Little,,,created,Keh2tIeUdQ9KzHg67XrBS2
|roger|little|,Roger,Little,,,created,BUwEA3l7w0Brg0vJAWNS2F
|william|little|,William,Little,,,created,VrXtJET951nNPZwlPrI8Q6
|margaret|llewellyn|,Margaret,Llewellyn,,,created,VrXtJET951nNPZwlPrI8Ug
|thomas|llewellyn|,Thomas,Llewellyn,,,created,BUwEA3l7w0Brg0vJAWNStz
|sarah|little|,Sarah,Little,,,created,Keh2tIeUdQ9KzHg67XrBeo
|susan|llewellyn|,Susan,Llewellyn,,,created,Keh2tIeUdQ9KzHg67XrBhe
|william|llewellyn|,William,Llewellyn,,,created,VrXtJET951nNPZwlPrI9CC
|david|lloyd|,David,Lloyd,,,created,VrXtJET951nNPZwlPrI9Gm
|thomas j.|llewellyn|,Thomas J.,Llewellyn,,,created,BUwEA3l7w0Brg0vJAWNTht
|isaac|lloyd|,Isaac,Lloyd,,,created,Keh2tIeUdQ9KzHg67XrC2w
|grace|lloyd|,Grace,Lloyd,,,created,BUwEA3l7w0Brg0vJAWNTpZ
|thomas|lloyd|,Thomas,Lloyd,,,created,Keh2tIeUdQ9KzHg67XrCi6
|benjamin|lobb|,Benjamin,Lobb,,,created,VrXtJET951nNPZwlPrI9yI
|john|lloyd|,John,Lloyd,,,created,VrXtJET951nNPZwlPrI9ti
|william|lloyd|,William,Lloyd,,,created,VrXtJET951nNPZwlPrIA2s
|abraham|lobb|,Abraham,Lobb,,,created,BUwEA3l7w0Brg0vJAWNUhJ
|jacob|lobb|,Jacob,Lobb,,,created,Keh2tIeUdQ9KzHg67XrD7e
|esther|lobb|,Esther,Lobb,,,created,VrXtJET951nNPZwlPrIAWe
|joseph|lobb|,Joseph,Lobb,,,created,VrXtJET951nNPZwlPrIAfo
|frances|lobb|,Frances,Lobb,,,created,Keh2tIeUdQ9KzHg67XrD4o
|isaac|lobb|,Isaac,Lobb,,,created,VrXtJET951nNPZwlPrIAbE
|isaac|longacre|,Isaac,Longacre,,,created,Keh2tIeUdQ9KzHg67XrDoE
|mary|lobb|,Mary,Lobb,,,created,VrXtJET951nNPZwlPrIBGS
|john|logan|,John,Logan,,,created,VrXtJET951nNPZwlPrIBL2
|david|longacre|,David,Longacre,,,created,Keh2tIeUdQ9KzHg67XrDiY
|eleanor|longacre|,Eleanor,Longacre,,,created,Keh2tIeUdQ9KzHg67XrDlO
|daniel|longstreth|,Daniel,Longstreth,,,created,BUwEA3l7w0Brg0vJAWNW7b
|john|longacre|,John,Longacre,,,created,VrXtJET951nNPZwlPrIBxy
|grace|longstreth|,Grace,Longstreth,,,created,VrXtJET951nNPZwlPrIC2Y
|benjamin|longstreth|,Benjamin,Longstreth,,,created,Keh2tIeUdQ9KzHg67XrE9W
|jacob|longenacre|,Jacob,Longenacre,,,created,Keh2tIeUdQ9KzHg67XrE6g
|moses|longstreth|,Moses,Longstreth,,,created,Keh2tIeUdQ9KzHg67XrENi
|sarah|longstreth|,Sarah,Longstreth,,,created,VrXtJET951nNPZwlPrICU2
|jane|longstreth|,Jane,Longstreth,,,created,VrXtJET951nNPZwlPrICPS
|rebecca|longstreth|,Rebecca,Longstreth,,,created,BUwEA3l7w0Brg0vJAWNWjz
|john|longstreth|,John,Longstreth,,,created,Keh2tIeUdQ9KzHg67XrEKs
|elizabeth|love|,Elizabeth,Love,,,created,VrXtJET951nNPZwlPrICvW
|joshua|lord|,Joshua,Lord,,,created,BUwEA3l7w0Brg0vJAWNXIX
|henry|louches|,Henry,Louches,,,created,Keh2tIeUdQ9KzHg67XrEZ4
|john|louches|,John,Louches,,,created,BUwEA3l7w0Brg0vJAWNXXt
|loudor|loudor|,Loudor,Loudor,,,created,BUwEA3l7w0Brg0vJAWNXQD
|hugh|love|,Hugh,Love,,,created,VrXtJET951nNPZwlPrIDIQ
|michael|lovel|,Michael,Lovel,,,created,BUwEA3l7w0Brg0vJAWNYLn
|lovel|lovel|,Lovel,Lovel,,,created,BUwEA3l7w0Brg0vJAWNYE7
|elizabeth|lovell|,Elizabeth,Lovell,,,created,Keh2tIeUdQ9KzHg67XrErW
|ebenezer|lovell|,Ebenezer,Lovell,,,created,Keh2tIeUdQ9KzHg67XrEog
|michael|lovell|,Michael,Lovell,,,created,VrXtJET951nNPZwlPrIDd2
|mohitabell|lovell|,Mohitabell,Lovell,,,created,VrXtJET951nNPZwlPrIDhc
|langford|lovell|,Langford,Lovell,,,created,Keh2tIeUdQ9KzHg67XrF2s
|william|lovell|,William,Lovell,,,created,Keh2tIeUdQ9KzHg67XrF9y
|mary|lovell|,Mary,Lovell,,,created,Keh2tIeUdQ9KzHg67XrF78
|margaret|lowther|,Margaret,Lowther,,,created,VrXtJET951nNPZwlPrIDzw
|john|ludwick|,John,Ludwick,,,created,BUwEA3l7w0Brg0vJAWNZLD
|john|lowther|,John,Lowther,,,created,Keh2tIeUdQ9KzHg67XrFR0
|william|lowther|,William,Lowther,,,created,Keh2tIeUdQ9KzHg67XrFTq
|edward|ludwick|,Edward,Ludwick,,,created,Keh2tIeUdQ9KzHg67XrFWg
|michael|lynch|,Michael,Lynch,,,created,VrXtJET951nNPZwlPrIEKY
|rebecca|lynch|,Rebecca,Lynch,,,created,Keh2tIeUdQ9KzHg67XrFry
|john|lutz|,John,Lutz,,,created,VrXtJET951nNPZwlPrIEP8
|john|lyons|,John,Lyons,,,created,Keh2tIeUdQ9KzHg67XrFmI
|mary|ludwick|,Mary,Ludwick,,,created,BUwEA3l7w0Brg0vJAWNZtl
|mary|mairs|,Mary,Mairs,,,created,VrXtJET951nNPZwlPrIEoK
|daniel|major|,Daniel,Major,,,created,VrXtJET951nNPZwlPrIEsu
|nancy|madden|,Nancy,Madden,,,created,BUwEA3l7w0Brg0vJAWNaZz
|dutton|madden|,Dutton,Madden,,,created,BUwEA3l7w0Brg0vJAWNadp
|john|machiner|,John,Machiner,,,created,Keh2tIeUdQ9KzHg67XrG1u
|john|malin|,John,Malin,,,created,VrXtJET951nNPZwlPrIFOy
|kenworthy|major|,Kenworthy,Major,,,created,VrXtJET951nNPZwlPrIFKO
|joshua|malin|,Joshua,Malin,,,created,VrXtJET951nNPZwlPrIFTY
|joseph|malin|,Joseph,Malin,,,created,BUwEA3l7w0Brg0vJAWNbK3
|elizabeth|major|,Elizabeth,Major,,,created,BUwEA3l7w0Brg0vJAWNbCN
|catherine|march|,Catherine,March,,,created,VrXtJET951nNPZwlPrIG1u
|franklin|march|,Franklin,March,,,created,VrXtJET951nNPZwlPrIG6U
|abraham|march|,Abraham,March,,,created,BUwEA3l7w0Brg0vJAWNbkv
|elizabeth|march|,Elizabeth,March,,,created,VrXtJET951nNPZwlPrIFxK
|george|march|,George,March,,,created,BUwEA3l7w0Brg0vJAWNbsb
|john|march|,John,March,,,created,VrXtJET951nNPZwlPrIGXy
|jennie|march|,Jennie,March,,,created,VrXtJET951nNPZwlPrIGTO
|isaiah|march|,Isaiah,March,,,created,BUwEA3l7w0Brg0vJAWNcFd
|mary|march|,Mary,March,,,created,Keh2tIeUdQ9KzHg67XrGOc
|nicholas|march|,Nicholas,March,,,created,BUwEA3l7w0Brg0vJAWNcNJ
|ann|maris|,Ann,Maris,,,created,VrXtJET951nNPZwlPrIGzS
|daniel|markley|,Daniel,Markley,,,created,BUwEA3l7w0Brg0vJAWNcvr
|isaac|markley|,Isaac,Markley,,,created,Keh2tIeUdQ9KzHg67XrGeE
|norris|maris|,Norris,Maris,,,created,BUwEA3l7w0Brg0vJAWNcoB
|eliza|marseilles|,Eliza,Marseilles,,,created,Keh2tIeUdQ9KzHg67XrGbO
|peter|marseilles|,Peter,Marseilles,,,created,VrXtJET951nNPZwlPrIHHm
|sarah|marshall|,Sarah,Marshall,,,created,Keh2tIeUdQ9KzHg67XrGtq
|anna|martin|,Anna,Martin,,,created,Keh2tIeUdQ9KzHg67XrGwg
|catherine|martin|,Catherine,Martin,,,created,BUwEA3l7w0Brg0vJAWNdnb
|samuel|marshall|,Samuel,Marshall,,,created,BUwEA3l7w0Brg0vJAWNdc5
|george|martin|,George,Martin,,,created,VrXtJET951nNPZwlPrIHeg
|david|martin|,David,Martin,,,created,Keh2tIeUdQ9KzHg67XrH9S
|jane little aka jane|martin|,Jane Little aka Jane,Martin,,,created,Keh2tIeUdQ9KzHg67XrHF8
|elizabeth|martin|,Elizabeth,Martin,,,created,Keh2tIeUdQ9KzHg67XrHCI
|james|martin|,James,Martin,,,created,BUwEA3l7w0Brg0vJAWNePz
|llewellyn|martin|,Llewellyn,Martin,,,created,VrXtJET951nNPZwlPrII6A
|joel|martin|,Joel,Martin,,,created,VrXtJET951nNPZwlPrII1a
|late of matthias|martin|,Late of Matthias,Martin,,,created,Keh2tIeUdQ9KzHg67XrHWA
|john|martin|,John,Martin,,,created,Keh2tIeUdQ9KzHg67XrHXa
|lewis|martin|,Lewis,Martin,,,created,BUwEA3l7w0Brg0vJAWNfA3
|margaret|martin|,Margaret,Martin,,,created,VrXtJET951nNPZwlPrIIZw
|roger|martin|,Roger,Martin,,,created,Keh2tIeUdQ9KzHg67XrHlm
|martha|martin|,Martha,Martin,,,created,VrXtJET951nNPZwlPrIIVM
|samuel|martin|,Samuel,Martin,,,created,VrXtJET951nNPZwlPrIIeW
|rachel|martin|,Rachel,Martin,,,created,Keh2tIeUdQ9KzHg67XrHoc
|william|martin|,William,Martin,,,created,VrXtJET951nNPZwlPrIIwq
|thomas|martin|,Thomas,Martin,,,created,BUwEA3l7w0Brg0vJAWNfqH
|anne|mary|,Anne,Mary,,,created,Keh2tIeUdQ9KzHg67XrI1O
|bethel|mary|,Bethel,Mary,,,created,Keh2tIeUdQ9KzHg67XrI74
|catherine|mary|,Catherine,Mary,,,created,Keh2tIeUdQ9KzHg67XrI4E
|jacob|mary|,Jacob,Mary,,,created,VrXtJET951nNPZwlPrIJAa
|george|mary|,George,Mary,,,created,VrXtJET951nNPZwlPrIJ60
|david|marys|,David,Marys,,,created,VrXtJET951nNPZwlPrIJFA
|christian|mary|,Christian,Mary,,,created,Keh2tIeUdQ9KzHg67XrIIQ
|elizabeth|mary|,Elizabeth,Mary,,,created,BUwEA3l7w0Brg0vJAWNgDJ
|catherine|mason|,Catherine,Mason,,,created,VrXtJET951nNPZwlPrIJc4
|ann|mason|,Ann,Mason,,,created,VrXtJET951nNPZwlPrIJXU
|john|mason|,John,Mason,,,created,BUwEA3l7w0Brg0vJAWNgeB
|thomas|mason|,Thomas,Mason,,,created,BUwEA3l7w0Brg0vJAWNglr
|susanna|marys|,Susanna,Marys,,,created,BUwEA3l7w0Brg0vJAWNgWV
|thomas|massey|,Thomas,Massey,,,created,VrXtJET951nNPZwlPrIKAQ
|james|massey|,James,Massey,,,created,VrXtJET951nNPZwlPrIKF0
|john|mather|,John,Mather,,,created,BUwEA3l7w0Brg0vJAWNhOF
|peter|mather|,Peter,Mather,,,created,BUwEA3l7w0Brg0vJAWNhVv
|deborah|matlack|,Deborah,Matlack,,,created,Keh2tIeUdQ9KzHg67XrJqw
|elizabeth|matlack|,Elizabeth,Matlack,,,created,VrXtJET951nNPZwlPrIKl4
|enoch|matlack|,Enoch,Matlack,,,created,VrXtJET951nNPZwlPrIKpe
|thomas|matlack|,Thomas,Matlack,,,created,Keh2tIeUdQ9KzHg67XrK7y
|mary|matlack|,Mary,Matlack,,,created,Keh2tIeUdQ9KzHg67XrK58
|martha|matlack|,Martha,Matlack,,,created,Keh2tIeUdQ9KzHg67XrKAo
|david|matson|,David,Matson,,,created,VrXtJET951nNPZwlPrIL7y
|jesse|matson|,Jesse,Matson,,,created,BUwEA3l7w0Brg0vJAWNlLv
|james|matthews|,James,Matthews,,,created,BUwEA3l7w0Brg0vJAWNlbH
|joel|matson|,Joel,Matson,,,created,Keh2tIeUdQ9KzHg67XrKRq
|mary|matson|,Mary,Matson,,,created,BUwEA3l7w0Brg0vJAWNlTb
|david|matthias|,David,Matthias,,,created,VrXtJET951nNPZwlPrINUY
|rebecca|matthews|,Rebecca,Matthews,,,created,VrXtJET951nNPZwlPrINPy
|elizabeth|matthias|,Elizabeth,Matthias,,,created,VrXtJET951nNPZwlPrINZ8
|susanna|matthias|,Susanna,Matthias,,,created,VrXtJET951nNPZwlPrINdi
|james|maxton|,James,Maxton,,,created,BUwEA3l7w0Brg0vJAWNm9p
|alexander|mcauley|,Alexander,McAuley,,,created,VrXtJET951nNPZwlPrIO9m
|jacob|mcafee|,Jacob,McAfee,,,created,VrXtJET951nNPZwlPrIO5C
|hannah|mcafee|,Hannah,McAfee,,,created,Keh2tIeUdQ9KzHg67XrKkI
|john|maxwell|,John,Maxwell,,,created,BUwEA3l7w0Brg0vJAWNmeX
|lydia|maxton|,Lydia,Maxton,,,created,Keh2tIeUdQ9KzHg67XrKhS
|james|mccann|,James,McCann,,,created,VrXtJET951nNPZwlPrIOfq
|alexander|mccalla|,Alexander,McCalla,,,created,BUwEA3l7w0Brg0vJAWNqjt
|bernard|mccade|,Bernard,McCade,,,created,BUwEA3l7w0Brg0vJAWNqzF
|margaret|mcbride|,Margaret,McBride,,,created,VrXtJET951nNPZwlPrIObG
|patrick|mcbride|,Patrick,McBride,,,created,BUwEA3l7w0Brg0vJAWNqcD
|james|mcclintock|,James,McClintock,,,created,VrXtJET951nNPZwlPrIQ2a
|william|mcclintock|,William,McClintock,,,created,Keh2tIeUdQ9KzHg67XrL70
|mary|mcclintock|,Mary,McClintock,,,created,Keh2tIeUdQ9KzHg67XrL9q
|samuel|mcclintock|,Samuel,McClintock,,,created,BUwEA3l7w0Brg0vJAWNrfT
|catherine|mccluen|,Catherine,McCluen,,,created,BUwEA3l7w0Brg0vJAWNrn9
|john|mcconaghy|,John,McConaghy,,,created,VrXtJET951nNPZwlPrIRIS
|robert|mcclure|,Robert,McClure,,,created,VrXtJET951nNPZwlPrIRRc
|mary|mcconaghy|,Mary,McConaghy,,,created,VrXtJET951nNPZwlPrIRN2
|james|mccluen|,James,McCluen,,,created,BUwEA3l7w0Brg0vJAWNsE1
|alexander|mccondgy|,Alexander,McCondgy,,,created,BUwEA3l7w0Brg0vJAWNsLh
|john|mccondgy|,John,McCondgy,,,created,VrXtJET951nNPZwlPrIRqo
|edward|mccowan|,Edward,McCowan,,,created,VrXtJET951nNPZwlPrIRvO
|alexander|mccurdy|,Alexander,McCurdy,,,created,BUwEA3l7w0Brg0vJAWNsqP
|james|mcconnell|,James,McConnell,,,created,Keh2tIeUdQ9KzHg67XrLSI
|mary|mccowan|,Mary,McCowan,,,created,BUwEA3l7w0Brg0vJAWNsy5
|jeremiah|mcdade|,Jeremiah,McDade,,,created,VrXtJET951nNPZwlPrISG0
|w. t.|mccurdy|,W. T.,McCurdy,,,created,VrXtJET951nNPZwlPrISKa
|daniel|mccurdy|,Daniel,McCurdy,,,created,VrXtJET951nNPZwlPrISBQ
|ann|mccurdy|,Ann,McCurdy,,,created,Keh2tIeUdQ9KzHg67XrLZO
|john|mccurdy|,John,McCurdy,,,created,BUwEA3l7w0Brg0vJAWNtaT
|catherine|mcglathery|,Catherine,McGlathery,,,created,VrXtJET951nNPZwlPrIShU
|rebecca|mcfarland|,Rebecca,McFarland,,,created,BUwEA3l7w0Brg0vJAWNu5B
|john|mcgivana|,John,McGivana,,,created,BUwEA3l7w0Brg0vJAWNuCr
|john|mcfarland|,John,McFarland,,,created,Keh2tIeUdQ9KzHg67XrLf4
|isabel|mcglathery|,Isabel,McGlathery,,,created,Keh2tIeUdQ9KzHg67XrLhu
|james|mcintire|,James,McIntire,,,created,Keh2tIeUdQ9KzHg67XrLw6
|joseph|mcglathery|,Joseph,McGlathery,,,created,BUwEA3l7w0Brg0vJAWNudj
|bernard|mcmeniman|,Bernard,McMeniman,,,created,BUwEA3l7w0Brg0vJAWNv0l
|william|mcglathery|,William,McGlathery,,,created,BUwEA3l7w0Brg0vJAWNulP
|james|mcintyre|,James,McIntyre,,,created,Keh2tIeUdQ9KzHg67XrLyw
|alexander|mcmullen|,Alexander,McMullen,,,created,Keh2tIeUdQ9KzHg67XrMAI
|briget|mcmeniman|,Briget,McMeniman,,,created,BUwEA3l7w0Brg0vJAWNvZJ
|edward|mcmeniman|,Edward,McMeniman,,,created,BUwEA3l7w0Brg0vJAWNvgz
|ann|mcquilla|,Ann,McQuilla,,,created,VrXtJET951nNPZwlPrITKQ
|richard|mcmurtrie|,Richard,McMurtrie,,,created,Keh2tIeUdQ9KzHg67XrMEY
|nathan|mcvaugh|,Nathan,McVaugh,,,created,VrXtJET951nNPZwlPrITqU
|isaac|mcquilla|,Isaac,McQuilla,,,created,VrXtJET951nNPZwlPrITlu
|henry|mcsuckian|,Henry,McSuckian,,,created,Keh2tIeUdQ9KzHg67XrMSk
|john|mcveagh|,John,McVeagh,,,created,BUwEA3l7w0Brg0vJAWNwR3
|eliza|mcveagh|,Eliza,McVeagh,,,created,BUwEA3l7w0Brg0vJAWNwJN
|david|meconkey|,David,Meconkey,,,created,VrXtJET951nNPZwlPrIUOq
|margaret|mcveagh|,Margaret,McVeagh,,,created,VrXtJET951nNPZwlPrIUKG
|andrew|mcwilliams|,Andrew,McWilliams,,,created,Keh2tIeUdQ9KzHg67XrN2E
|nathan|mcveagh|,Nathan,McVeagh,,,created,Keh2tIeUdQ9KzHg67XrN0o
major|mcveagh|mcveagh|,McVeagh,McVeagh,Major,,created,Keh2tIeUdQ9KzHg67XrN54
|charles|mercer|,Charles,Mercer,,,created,VrXtJET951nNPZwlPrIUlk
|rebecca|mellond|,Rebecca,Mellond,,,created,Keh2tIeUdQ9KzHg67XrNUc
|james|mellon|,James,Mellon,,,created,Keh2tIeUdQ9KzHg67XrNOw
|daniel|meredith|,Daniel,Meredith,,,created,Keh2tIeUdQ9KzHg67XrNaI
|esther|mellon|,Esther,Mellon,,,created,Keh2tIeUdQ9KzHg67XrNRm
|evan|miles|,Evan,Miles,,,created,BUwEA3l7w0Brg0vJAWNymv
|ruth|meredith|,Ruth,Meredith,,,created,BUwEA3l7w0Brg0vJAWNyfF
|enos|miles|,Enos,Miles,,,created,VrXtJET951nNPZwlPrIVMO
|john|miles|,John,Miles,,,created,BUwEA3l7w0Brg0vJAWNyub
|conrad|miler|,Conrad,Miler,,,created,Keh2tIeUdQ9KzHg67XrO1G
|rebecca|miles|,Rebecca,Miles,,,created,VrXtJET951nNPZwlPrIWHe
|esther|miller|,Esther,Miller,,,created,BUwEA3l7w0Brg0vJAWO0DD
|samuel|miley|,Samuel,Miley,,,created,VrXtJET951nNPZwlPrIWD4
|davis|miller|,Davis,Miller,,,created,BUwEA3l7w0Brg0vJAWO0Kt
|christian|miller|,Christian,Miller,,,created,VrXtJET951nNPZwlPrIW8U
|roger|miller|,Roger,Miller,,,created,VrXtJET951nNPZwlPrIXAc
|jacob|miller|,Jacob,Miller,,,created,VrXtJET951nNPZwlPrIX62
|henry|miller|,Henry,Miller,,,created,Keh2tIeUdQ9KzHg67XrOtC
|mahlon|miller|,Mahlon,Miller,,,created,Keh2tIeUdQ9KzHg67XrOxS
|john|miller|,John,Miller,,,created,BUwEA3l7w0Brg0vJAWO1dV
|william|miller|,William,Miller,,,created,Keh2tIeUdQ9KzHg67XrPSg
|robert|milligan|,Robert,Milligan,,,created,BUwEA3l7w0Brg0vJAWO2cv
|joseph|mitchell|,Joseph,Mitchell,,,created,BUwEA3l7w0Brg0vJAWO2sH
|savilla|miller|,Savilla,Miller,,,created,BUwEA3l7w0Brg0vJAWO2kb
|samuel|milligan|,Samuel,Milligan,,,created,VrXtJET951nNPZwlPrIbLQ
|john|mooney|,John,Mooney,,,created,BUwEA3l7w0Brg0vJAWO3zN
|william|montgomery|,William,Montgomery,,,created,BUwEA3l7w0Brg0vJAWO473
|mary|mitchell|,Mary,Mitchell,,,created,VrXtJET951nNPZwlPrIcS8
|alexander|moore|,Alexander,Moore,,,created,Keh2tIeUdQ9KzHg67XrQ2A
|mary|montgomery|,Mary,Montgomery,,,created,Keh2tIeUdQ9KzHg67XrPzK
|benjamin|moore|,Benjamin,Moore,,,created,BUwEA3l7w0Brg0vJAWO5XL
|edwin|moore|,Edwin,Moore,,,created,BUwEA3l7w0Brg0vJAWO5f1
|elizabeth|moore|,Elizabeth,Moore,,,created,Keh2tIeUdQ9KzHg67XrSxq
|jesse|moore|,Jesse,Moore,,,created,Keh2tIeUdQ9KzHg67XrT0g
|john|moore|,John,Moore,,,created,Keh2tIeUdQ9KzHg67XrT4w
|williamina|moore|,Williamina,Moore,,,created,VrXtJET951nNPZwlPrIfoY
|william|moore|,William,Moore,,,created,VrXtJET951nNPZwlPrIfjy
|mordecai|moore|,Mordecai,Moore,,,created,BUwEA3l7w0Brg0vJAWO7Kf
|rebecca|moore|,Rebecca,Moore,,,created,Keh2tIeUdQ9KzHg67XrTXK
|rachel|moore|,Rachel,Moore,,,created,Keh2tIeUdQ9KzHg67XrTUU
|isaac|morgan|,Isaac,Morgan,,,created,VrXtJET951nNPZwlPrIgfE
|anna maria|morgan|,Anna Maria,Morgan,,,created,VrXtJET951nNPZwlPrIgae
|elizabeth|morgan|,Elizabeth,Morgan,,,created,BUwEA3l7w0Brg0vJAWO8dH
|benjamin|morgan|,Benjamin,Morgan,,,created,BUwEA3l7w0Brg0vJAWO8Vb
|ann|morgan|,Ann,Morgan,,,created,Keh2tIeUdQ9KzHg67XrTzi
|john|morgan|,John,Morgan,,,created,Keh2tIeUdQ9KzHg67XrUXm
|jonathan|morgan|,Jonathan,Morgan,,,created,BUwEA3l7w0Brg0vJAWOA3Z
|lewis|morgan|,Lewis,Morgan,,,created,BUwEA3l7w0Brg0vJAWO9vt
|jacob|morgan|,Jacob,Morgan,,,created,VrXtJET951nNPZwlPrIicc
|jane|morgan|,Jane,Morgan,,,created,BUwEA3l7w0Brg0vJAWO9oD
|samuel|morgan|,Samuel,Morgan,,,created,Keh2tIeUdQ9KzHg67XrUxK
|ann|morris|,Ann,Morris,,,created,Keh2tIeUdQ9KzHg67XrV0A
|benjamin|morris|,Benjamin,Morris,,,created,BUwEA3l7w0Brg0vJAWOBMB
|sarah|morgan|,Sarah,Morgan,,,created,VrXtJET951nNPZwlPrIjXs
|mary|morgan|,Mary,Morgan,,,created,VrXtJET951nNPZwlPrIjTI
|jonathan|morris|,Jonathan,Morris,,,created,y4BywqEWcbqV9HpVgfFO9C
|john|morris|,John,Morris,,,created,VrXtJET951nNPZwlPrIkJy
|harriet|morris|,Harriet,Morris,,,created,BUwEA3l7w0Brg0vJAWOCTH
|morris|morris|,Morris,Morris,,,created,Keh2tIeUdQ9KzHg67XrVSY
|david|morris|,David,Morris,,,created,Keh2tIeUdQ9KzHg67XrVPi
|john|moses|,John,Moses,,,created,VrXtJET951nNPZwlPrIl3m
|mary|moses|,Mary,Moses,,,created,VrXtJET951nNPZwlPrIl8M
|stephen|morris|,Stephen,Morris,,,created,VrXtJET951nNPZwlPrIkuc
|abraham|moses|,Abraham,Moses,,,created,VrXtJET951nNPZwlPrIkzC
|thomas|morris|,Thomas,Morris,,,created,BUwEA3l7w0Brg0vJAWODeD
|susanna|moses|,Susanna,Moses,,,created,VrXtJET951nNPZwlPrIlps
|margaret|moyer|,Margaret,Moyer,,,created,BUwEA3l7w0Brg0vJAWOEhT
|john|moyer|,John,Moyer,,,created,VrXtJET951nNPZwlPrIluS
|benjamin|moyer|,Benjamin,Moyer,,,created,VrXtJET951nNPZwlPrIlz2
|john|moyers|,John,Moyers,,,created,Keh2tIeUdQ9KzHg67XrW4s
|samuel|mulligan|,Samuel,Mulligan,,,created,VrXtJET951nNPZwlPrImgY
|charles|mulvaney|,Charles,Mulvaney,,,created,VrXtJET951nNPZwlPrIml8
|eleanor|mulvaney|,Eleanor,Mulvaney,,,created,Keh2tIeUdQ9KzHg67XrWRa
|george|mulvaney|,George,Mulvaney,,,created,Keh2tIeUdQ9KzHg67XrWUQ
|john|mulvaney|,John,Mulvaney,,,created,BUwEA3l7w0Brg0vJAWOG05
|isaac|neiler|,Isaac,Neiler,,,created,y4BywqEWcbqV9HpVgfFQFG
|john|munshower|,John,Munshower,,,created,BUwEA3l7w0Brg0vJAWOHIh
|humphrey|murrey|,Humphrey,Murrey,,,created,Keh2tIeUdQ9KzHg67XrWyE
|mary|munshower|,Mary,Munshower,,,created,BUwEA3l7w0Brg0vJAWOHQN
|phebe|mulvaney|,Phebe,Mulvaney,,,created,Keh2tIeUdQ9KzHg67XrWvO
|mary|neiler|,Mary,Neiler,,,created,y4BywqEWcbqV9HpVgfFRgg
|samuel|neiler|,Samuel,Neiler,,,created,Keh2tIeUdQ9KzHg67XrXJW
|jacob|neiler|,Jacob,Neiler,,,created,Keh2tIeUdQ9KzHg67XrXGg
|john|neiler|,John,Neiler,,,created,BUwEA3l7w0Brg0vJAWOIqf
|william|neiler|,William,Neiler,,,created,BUwEA3l7w0Brg0vJAWOIyL
|matthew|neilly|,Matthew,Neilly,,,created,VrXtJET951nNPZwlPrIoCS
|martha|neilly|,Martha,Neilly,,,created,y4BywqEWcbqV9HpVgfFYB4
|mary|neilor|,Mary,Neilor,,,created,y4BywqEWcbqV9HpVgfFYZS
|isaac|neilor|,Isaac,Neilor,,,created,y4BywqEWcbqV9HpVgfFYJC
|jacob|neilor|,Jacob,Neilor,,,created,y4BywqEWcbqV9HpVgfFYRK
|john|nettles|,John,Nettles,,,created,y4BywqEWcbqV9HpVgfFcZO
|james|nevins|,James,Nevins,,,created,Keh2tIeUdQ9KzHg67XrY1W
|jacob|nice|,Jacob,Nice,,,created,y4BywqEWcbqV9HpVgfFchW
|catherine|nice|,Catherine,Nice,,,created,BUwEA3l7w0Brg0vJAWOKpV
|david|nelson|,David,Nelson,,,created,BUwEA3l7w0Brg0vJAWOKhp
|john|nichol|,John,Nichol,,,created,y4BywqEWcbqV9HpVgfFe0o
|william|nice|,William,Nice,,,created,VrXtJET951nNPZwlPrIpA0
|harriet|nichols|,Harriet,Nichols,,,created,BUwEA3l7w0Brg0vJAWOM87
|robert|nichols|,Robert,Nichols,,,created,VrXtJET951nNPZwlPrIpJA
|margaret|nichol|,Margaret,Nichol,,,created,VrXtJET951nNPZwlPrIpEa
|martha|nixon|,Martha,Nixon,,,created,VrXtJET951nNPZwlPrIpke
|samuel|nixon|,Samuel,Nixon,,,created,y4BywqEWcbqV9HpVgfFf7u
|william|noblet|,William,Noblet,,,created,y4BywqEWcbqV9HpVgfFfG2
|william|nixon|,William,Nixon,,,created,Keh2tIeUdQ9KzHg67XrYjW
|mary|noblet|,Mary,Noblet,,,created,BUwEA3l7w0Brg0vJAWON7X
|thomas de|normandie|,Thomas De,Normandie,,,created,y4BywqEWcbqV9HpVgfFgRC
|susan|norris|,Susan,Norris,,,created,y4BywqEWcbqV9HpVgfFgZK
|isaac|norris|,Isaac,Norris,,,created,Keh2tIeUdQ9KzHg67XrYwI
|charles|norris|,Charles,Norris,,,created,Keh2tIeUdQ9KzHg67XrYz8
|thomas|norris|,Thomas,Norris,,,created,Keh2tIeUdQ9KzHg67XrZ3O
|john|nugent|,John,Nugent,,,created,VrXtJET951nNPZwlPrIqfu
|julia|nugent|,Julia,Nugent,,,created,BUwEA3l7w0Brg0vJAWOOr1
|caleb|north|,Caleb,North,,,created,Keh2tIeUdQ9KzHg67XrZRW
|elizabeth|north|,Elizabeth,North,,,created,Keh2tIeUdQ9KzHg67XrZUM
|william|north|,William,North,,,created,Keh2tIeUdQ9KzHg67XrZXC
|william|nyce|,William,Nyce,,,created,y4BywqEWcbqV9HpVgfFive
|catherine|o'conner|,Catherine,O'Conner,,,created,VrXtJET951nNPZwlPrIrNQ
|richard|nyce|,Richard,Nyce,,,created,BUwEA3l7w0Brg0vJAWOPev
|william|o'conner|,William,O'Conner,,,created,BUwEA3l7w0Brg0vJAWOPmb
|sarah|nyce|,Sarah,Nyce,,,created,Keh2tIeUdQ9KzHg67XrZwk
|thomas|odione|,Thomas,Odione,,,created,y4BywqEWcbqV9HpVgfFjyg
|mary|odione|,Mary,Odione,,,created,VrXtJET951nNPZwlPrIvIC
|patrick|o’reilly|,Patrick,O’Reilly,,,created,Keh2tIeUdQ9KzHg67XraQY
|john|olbach|,John,Olbach,,,created,BUwEA3l7w0Brg0vJAWOQth
|james|ogden|,James,Ogden,,,created,BUwEA3l7w0Brg0vJAWOQm1
|maria|olivine|,Maria,Olivine,,,created,y4BywqEWcbqV9HpVgfFlgM
|john|oldwine|,John,Oldwine,,,created,y4BywqEWcbqV9HpVgfFlUA
|anthony|olivine|,Anthony,Olivine,,,created,Keh2tIeUdQ9KzHg67Xrasw
|william|olwine|,William,Olwine,,,created,Keh2tIeUdQ9KzHg67Xravm
|samuel|olwine|,Samuel,Olwine,,,created,BUwEA3l7w0Brg0vJAWORpH
|john|orabauch|,John,Orabauch,,,created,y4BywqEWcbqV9HpVgfFnBq
|joseph|osborne|,Joseph,Osborne,,,created,VrXtJET951nNPZwlPrIvzi
|john|osborne|,John,Osborne,,,created,BUwEA3l7w0Brg0vJAWOTNF
|elizabeth|osborne|,Elizabeth,Osborne,,,created,Keh2tIeUdQ9KzHg67XrcLm
|alexander|osborne|,Alexander,Osborne,,,created,VrXtJET951nNPZwlPrIvv8
|alexander|owen|,Alexander,Owen,,,created,y4BywqEWcbqV9HpVgfFoEs
|susanna|oxford|,Susanna,Oxford,,,created,y4BywqEWcbqV9HpVgfFoN0
|william|oxford|,William,Oxford,,,created,BUwEA3l7w0Brg0vJAWOUjh
|lewis|osborne|,Lewis,Osborne,,,created,VrXtJET951nNPZwlPrIwOu
|john|owen|,John,Owen,,,created,BUwEA3l7w0Brg0vJAWOUc1
|george|palmer|,George,Palmer,,,created,VrXtJET951nNPZwlPrIwo6
|enos|painter|,Enos,Painter,,,created,y4BywqEWcbqV9HpVgfFpYA
|hannah|parry|,Hannah,Parry,,,created,Keh2tIeUdQ9KzHg67XrdHy
|john|oyle|,John,Oyle,,,created,Keh2tIeUdQ9KzHg67XrdF8
|james|parker|,James,Parker,,,created,BUwEA3l7w0Brg0vJAWOVbR
|john|parry|,John,Parry,,,created,VrXtJET951nNPZwlPrIxTK
|john|parry|deceased,John,Parry,,Deceased,created,BUwEA3l7w0Brg0vJAWOWLV
|stephen|pascall|,Stephen,Pascall,,,created,Keh2tIeUdQ9KzHg67Xrdbq
|joshua|parry|,Joshua,Parry,,,created,BUwEA3l7w0Brg0vJAWOWTB
|william|paschall|,William,Paschall,,,created,BUwEA3l7w0Brg0vJAWOWar
|david|patrick|,David,Patrick,,,created,y4BywqEWcbqV9HpVgfFsIs
|edward|patchel|,Edward,Patchel,,,created,VrXtJET951nNPZwlPrIyHi
|barbara|patchel|,Barbara,Patchel,,,created,VrXtJET951nNPZwlPrIyD8
|thomas|pass|,Thomas,Pass,,,created,BUwEA3l7w0Brg0vJAWOXtT
|leah|pass|,Leah,Pass,,,created,BUwEA3l7w0Brg0vJAWOY19
|elizabeth|paul|,Elizabeth,Paul,,,created,VrXtJET951nNPZwlPrIzM8
|john|patrick|,John,Patrick,,,created,VrXtJET951nNPZwlPrIzHY
|jacob|paul|,Jacob,Paul,,,created,Keh2tIeUdQ9KzHg67XreBK
|john|paul|,John,Paul,,,created,Keh2tIeUdQ9KzHg67XreEA
|robert|patrick|,Robert,Patrick,,,created,BUwEA3l7w0Brg0vJAWOYst
|ruth|paul|,Ruth,Paul,,,created,BUwEA3l7w0Brg0vJAWOa3p
|sarah ann|paul|,Sarah Ann,Paul,,,created,VrXtJET951nNPZwlPrJ01M
|joseph|paul|,Joseph,Paul,,,created,Keh2tIeUdQ9KzHg67XreZS
|mary|paul|,Mary,Paul,,,created,Keh2tIeUdQ9KzHg67XrecI
|elin|pawling|,Elin,Pawling,,,created,Keh2tIeUdQ9KzHg67Xref8
|rebecca|pawling|,Rebecca,Pawling,,,created,y4BywqEWcbqV9HpVgfG15W
|levi|pawling|,Levi,Pawling,,,created,Keh2tIeUdQ9KzHg67Xrf66
|henry|pawling|,Henry,Pawling,,,created,Keh2tIeUdQ9KzHg67Xrf3G
|elizabeth|pawling|,Elizabeth,Pawling,,,created,BUwEA3l7w0Brg0vJAWOdm9
|john|pawling|,John,Pawling,,,created,BUwEA3l7w0Brg0vJAWOdtp
|samuel|pawling|,Samuel,Pawling,,,created,Keh2tIeUdQ9KzHg67XrfUE
|ralph|peacock|,Ralph,Peacock,,,created,Keh2tIeUdQ9KzHg67XrfX4
|caroline|pearce|,Caroline,Pearce,,,created,VrXtJET951nNPZwlPrJ1Sg
|willemina|pawling|,Willemina,Pawling,,,created,VrXtJET951nNPZwlPrJ1JW
|william|pawling|,William,Pawling,,,created,VrXtJET951nNPZwlPrJ1O6
|eliza|pearce|,Eliza,Pearce,,,created,VrXtJET951nNPZwlPrJ27u
|john|pearce|,John,Pearce,,,created,y4BywqEWcbqV9HpVgfG2rG
|cromwell|pearce|,Cromwell,Pearce,,,created,Keh2tIeUdQ9KzHg67XrfzS
|william|pearson|,William,Pearson,,,created,BUwEA3l7w0Brg0vJAWOfsf
|isaac|pearson|,Isaac,Pearson,,,created,BUwEA3l7w0Brg0vJAWOfkz
|elizabeth|peart|,Elizabeth,Peart,,,created,VrXtJET951nNPZwlPrJ2bg
|thomas|peart|,Thomas,Peart,,,created,y4BywqEWcbqV9HpVgfG3uI
|lewis|peart|,Lewis,Peart,,,created,VrXtJET951nNPZwlPrJ2gG
|abana|peart|,Abana,Peart,,,created,y4BywqEWcbqV9HpVgfG3mA
|abraham|peck|,Abraham,Peck,,,created,BUwEA3l7w0Brg0vJAWOgs5
|jemima|peck|,Jemima,Peck,,,created,y4BywqEWcbqV9HpVgfG5Li
|john|peck|,John,Peck,,,created,y4BywqEWcbqV9HpVgfG5Da
|charles|peck|,Charles,Peck,,,created,VrXtJET951nNPZwlPrJ3SM
|elizabeth|peck|,Elizabeth,Peck,,,created,Keh2tIeUdQ9KzHg67Xrgpy
|jeremiah|peck|,Jeremiah,Peck,,,created,BUwEA3l7w0Brg0vJAWOhnf
|nelson|peck|,Nelson,Peck,,,created,y4BywqEWcbqV9HpVgfG6aw
|william|peck|,William,Peck,,,created,y4BywqEWcbqV9HpVgfG6j4
|cromwell|peirce|,Cromwell,Peirce,,,created,Keh2tIeUdQ9KzHg67XrhJm
|sarah|peck|,Sarah,Peck,,,created,BUwEA3l7w0Brg0vJAWOj2R
|margaret|peck|,Margaret,Peck,,,created,BUwEA3l7w0Brg0vJAWOiul
|elijah|pennpacker|,Elijah,Pennpacker,,,created,y4BywqEWcbqV9HpVgfGE4I
|margaret|pennepacker|,Margaret,Pennepacker,,,created,y4BywqEWcbqV9HpVgfGDwA
|anna maria|pennypacker|,Anna Maria,Pennypacker,,,created,VrXtJET951nNPZwlPrJ4fw
|samuel|pennepacker|,Samuel,Pennepacker,,,created,VrXtJET951nNPZwlPrJ4bM
|israel|pemberton|,Israel,Pemberton,,,created,Keh2tIeUdQ9KzHg67XrhgU
|elijah|pennypacker|,Elijah,Pennypacker,,,created,VrXtJET951nNPZwlPrJ5dU
|benjamin|pennypacker|,Benjamin,Pennypacker,,,created,Keh2tIeUdQ9KzHg67XriOU
|e. f.|pennypacker|,E. F.,Pennypacker,,,created,BUwEA3l7w0Brg0vJAWOlKT
|dr|pennypacker|,Dr,Pennypacker,,,created,Keh2tIeUdQ9KzHg67XriRK
|elijah p.|pennypacker|,Elijah P.,Pennypacker,,,created,Keh2tIeUdQ9KzHg67XriUA
|isaac|pennypacker|,Isaac,Pennypacker,,,created,y4BywqEWcbqV9HpVgfGJhq
|jacob|pennypacker|,Jacob,Pennypacker,,,created,BUwEA3l7w0Brg0vJAWOnBd
|hannah|pennypacker|,Hannah,Pennypacker,,,created,BUwEA3l7w0Brg0vJAWOnJJ
|elizabeth|pennypacker|,Elizabeth,Pennypacker,,,created,BUwEA3l7w0Brg0vJAWOn3x
|eliza|pennypacker|,Eliza,Pennypacker,,,created,Keh2tIeUdQ9KzHg67Xrio2
|joseph|pennypacker|,Joseph,Pennypacker,,,created,y4BywqEWcbqV9HpVgfGKx4
|jamson amelia|pennypacker|,Jamson Amelia,Pennypacker,,,created,y4BywqEWcbqV9HpVgfGKow
|jonas|pennypacker|,Jonas,Pennypacker,,,created,Keh2tIeUdQ9KzHg67XrjQM
|james|pennypacker|,James,Pennypacker,,,created,BUwEA3l7w0Brg0vJAWOofl
|jane|pennypacker|,Jane,Pennypacker,,,created,Keh2tIeUdQ9KzHg67XrjNW
|m.|pennypacker|,M.,Pennypacker,,,created,y4BywqEWcbqV9HpVgfGMv0
|kate|pennypacker|,Kate,Pennypacker,,,created,VrXtJET951nNPZwlPrJ804
|m. j.|pennypacker|,M. J.,Pennypacker,,,created,BUwEA3l7w0Brg0vJAWOqDj
|margaret|pennypacker|,Margaret,Pennypacker,,,created,Keh2tIeUdQ9KzHg67XrjuA
|mary|pennypacker|,Mary,Pennypacker,,,created,BUwEA3l7w0Brg0vJAWOqLP
|samuel|pennypacker|,Samuel,Pennypacker,,,created,VrXtJET951nNPZwlPrJ8fI
|nathan|pennypacker|,Nathan,Pennypacker,,,created,BUwEA3l7w0Brg0vJAWOrOf
|matthias|pennypacker|,Matthias,Pennypacker,,,created,Keh2tIeUdQ9KzHg67XrkGs
|sarah|pennypacker|,Sarah,Pennypacker,,,created,BUwEA3l7w0Brg0vJAWOrWL
|thomas|pennypacker|,Thomas,Pennypacker,,,created,Keh2tIeUdQ9KzHg67XrkJi
|thomas|peregrin|,Thomas,Peregrin,,,created,VrXtJET951nNPZwlPrJ9KW
|john|peregrin|,John,Peregrin,,,created,y4BywqEWcbqV9HpVgfGP58
|washington|pennypacker|,Washington,Pennypacker,,,created,Keh2tIeUdQ9KzHg67Xrkda
|william|pennypacker|,William,Pennypacker,,,created,Keh2tIeUdQ9KzHg67XrkgQ
|uriah|pennypacker|,Uriah,Pennypacker,,,created,BUwEA3l7w0Brg0vJAWOsGP
|mary|philips|,Mary,Philips,,,created,y4BywqEWcbqV9HpVgfGQ8A
|robert|peterson|,Robert,Peterson,,,created,Keh2tIeUdQ9KzHg67Xrn6s
|m. richard|peters|,M. Richard,Peters,,,created,BUwEA3l7w0Brg0vJAWOt89
|asa|philips|,Asa,Philips,,,created,Keh2tIeUdQ9KzHg67Xrn9i
|john|phike|,John,Phike,,,created,VrXtJET951nNPZwlPrJ9xS
|ann|phillips|,Ann,Phillips,,,created,VrXtJET951nNPZwlPrJAaO
|mary|phillips|,Mary,Phillips,,,created,y4BywqEWcbqV9HpVgfGRJK
|abraham|phillips|,Abraham,Phillips,,,created,BUwEA3l7w0Brg0vJAWOu7Z
|john|phillips|,John,Phillips,,,created,y4BywqEWcbqV9HpVgfGR78
|asa|phillips|,Asa,Phillips,,,created,BUwEA3l7w0Brg0vJAWOuFF
|william|pierson|,William,Pierson,,,created,VrXtJET951nNPZwlPrJBVe
|joseph|pidgeon|,Joseph,Pidgeon,,,created,VrXtJET951nNPZwlPrJBR4
|rebecca|pidgeon|,Rebecca,Pidgeon,,,created,Keh2tIeUdQ9KzHg67XrnuY
|charles|pickering|,Charles,Pickering,,,created,BUwEA3l7w0Brg0vJAWOvU1
|joseph|pike|,Joseph,Pike,,,created,VrXtJET951nNPZwlPrJBaE
|catherine|place|,Catherine,Place,,,created,y4BywqEWcbqV9HpVgfGWYU
|rachel|place|,Rachel,Place,,,created,Keh2tIeUdQ9KzHg67XroAA
|john|place|,John,Place,,,created,y4BywqEWcbqV9HpVgfGWgc
|clement|plumstead|,Clement,Plumstead,,,created,Keh2tIeUdQ9KzHg67XroD0
|henry|place|,Henry,Place,,,created,BUwEA3l7w0Brg0vJAWOwHv
|kate|porter|,Kate,Porter,,,created,VrXtJET951nNPZwlPrJD68
|robert|porter|,Robert,Porter,,,created,BUwEA3l7w0Brg0vJAWOxeN
|george|porter|,George,Porter,,,created,Keh2tIeUdQ9KzHg67XroVS
|andrew|porter|,Andrew,Porter,,,created,BUwEA3l7w0Brg0vJAWOxiD
|peter|pooker|,Peter,Pooker,,,created,BUwEA3l7w0Brg0vJAWOxSr
|benezet|potts|,Benezet,Potts,,,created,VrXtJET951nNPZwlPrJDj4
|david|potts|,David,Potts,,,created,y4BywqEWcbqV9HpVgfGYqk
|hannah|potts|,Hannah,Potts,,,created,VrXtJET951nNPZwlPrJDne
|edward|potts|,Edward,Potts,,,created,Keh2tIeUdQ9KzHg67Xronu
|charles|potts|,Charles,Potts,,,created,BUwEA3l7w0Brg0vJAWOyhd
|isaac|potts|,Isaac,Potts,,,created,VrXtJET951nNPZwlPrJEiu
|jacob|potts|,Jacob,Potts,,,created,VrXtJET951nNPZwlPrJEnU
|joanna|potts|,Joanna,Potts,,,created,VrXtJET951nNPZwlPrJEs4
|james|potts|,James,Potts,,,created,y4BywqEWcbqV9HpVgfGa1u
|john|potts|,John,Potts,,,created,BUwEA3l7w0Brg0vJAWOzwP
|martha|potts|,Martha,Potts,,,created,y4BywqEWcbqV9HpVgfGb4w
|joseph|potts|,Joseph,Potts,,,created,VrXtJET951nNPZwlPrJFl2
|margaret|potts|,Margaret,Potts,,,created,VrXtJET951nNPZwlPrJFgS
|mary|potts|,Mary,Potts,,,created,BUwEA3l7w0Brg0vJAWP0Yn
|rebecca|potts|,Rebecca,Potts,,,created,Keh2tIeUdQ9KzHg67Xrpba
|moses|powel|,Moses,Powel,,,created,y4BywqEWcbqV9HpVgfGbvm
|sarah|potts|,Sarah,Potts,,,created,VrXtJET951nNPZwlPrJGNy
|abraham|powell|,Abraham,Powell,,,created,y4BywqEWcbqV9HpVgfGc7y
|ezekiel|powell|,Ezekiel,Powell,,,created,BUwEA3l7w0Brg0vJAWP1QX
|samuel|potts|,Samuel,Potts,,,created,Keh2tIeUdQ9KzHg67Xrpsc
|isaac|price|,Isaac,Price,,,created,VrXtJET951nNPZwlPrJH5U
|catherine|prees|,Catherine,Prees,,,created,VrXtJET951nNPZwlPrJH0u
|samuel|preston|,Samuel,Preston,,,created,BUwEA3l7w0Brg0vJAWP2M7
|rees|prees|,Rees,Prees,,,created,BUwEA3l7w0Brg0vJAWP2IH
|john|prees|,John,Prees,,,created,y4BywqEWcbqV9HpVgfGcyo
|lydia|priest|,Lydia,Priest,,,created,y4BywqEWcbqV9HpVgfGeQE
|christian|priek|,Christian,Priek,,,created,y4BywqEWcbqV9HpVgfGeI6
|anthony|prichard|,Anthony,Prichard,,,created,VrXtJET951nNPZwlPrJHwA
|john|price|,John,Price,,,created,y4BywqEWcbqV9HpVgfGe9y
|thomas|price|,Thomas,Price,,,created,Keh2tIeUdQ9KzHg67XrqWM
|samuel|priest|,Samuel,Priest,,,created,y4BywqEWcbqV9HpVgfGfH4
|john|printz|,John,Printz,,,created,VrXtJET951nNPZwlPrJILM
|anthony|pritchard|,Anthony,Pritchard,,,created,y4BywqEWcbqV9HpVgfGfPC
|griffith|pritchard|,Griffith,Pritchard,,,created,VrXtJET951nNPZwlPrJIPw
|anna|pritchard|,Anna,Pritchard,,,created,BUwEA3l7w0Brg0vJAWP4aJ
|hannah|pritchard|,Hannah,Pritchard,,,created,y4BywqEWcbqV9HpVgfGgWI
|rees|pritchard|,Rees,Pritchard,,,created,y4BywqEWcbqV9HpVgfGgeQ
|john|pritz|,John,Pritz,,,created,VrXtJET951nNPZwlPrJJ0a
|samuel|pritchard|,Samuel,Pritchard,,,created,BUwEA3l7w0Brg0vJAWP5OD
|margaret|pritchard|,Margaret,Pritchard,,,created,Keh2tIeUdQ9KzHg67XrrLS
|henry|pugh|,Henry,Pugh,,,created,y4BywqEWcbqV9HpVgfGhhS
|mary|prowell|,Mary,Prowell,,,created,VrXtJET951nNPZwlPrJJdW
|james|prowel|,James,Prowel,,,created,BUwEA3l7w0Brg0vJAWP6Z9
|james|prowell|,James,Prowell,,,created,VrXtJET951nNPZwlPrJJYw
|levi|prizer|,Levi,Prizer,,,created,BUwEA3l7w0Brg0vJAWP6gp
|ann|pyle|,Ann,Pyle,,,created,y4BywqEWcbqV9HpVgfGiQA
|hugh|pugh|,Hugh,Pugh,,,created,VrXtJET951nNPZwlPrJKIk
|robert|pugh|,Robert,Pugh,,,created,BUwEA3l7w0Brg0vJAWP7cP
|isaac|pyle|,Isaac,Pyle,,,created,Keh2tIeUdQ9KzHg67Xrruw
|katherine|pugh|,Katherine,Pugh,,,created,Keh2tIeUdQ9KzHg67Xrrs6
|jane|quimby|,Jane,Quimby,,,created,y4BywqEWcbqV9HpVgfGjbK
|sarah|quay|,Sarah,Quay,,,created,VrXtJET951nNPZwlPrJKtO
|john|quimby|,John,Quimby,,,created,BUwEA3l7w0Brg0vJAWP8bp
|william|quay|,William,Quay,,,created,Keh2tIeUdQ9KzHg67XrsQA
|john|pyle|,John,Pyle,,,created,Keh2tIeUdQ9KzHg67XrsNK
|emma|radcliff|,Emma,Radcliff,,,created,VrXtJET951nNPZwlPrJLU2
|joseph|radcliff|,Joseph,Radcliff,,,created,y4BywqEWcbqV9HpVgfGkFy
|john|radcliff|,John,Radcliff,,,created,y4BywqEWcbqV9HpVgfGkO6
|anna|radcliff|,Anna,Radcliff,,,created,Keh2tIeUdQ9KzHg67Xrsic
|john|quinn|,John,Quinn,,,created,Keh2tIeUdQ9KzHg67Xrsfm
|mary|radcliff|,Mary,Radcliff,,,created,VrXtJET951nNPZwlPrJLqw
|jacob|raimey|,Jacob,Raimey,,,created,y4BywqEWcbqV9HpVgfGlxe
|w. clinton|radcliff|,W. Clinton,Radcliff,,,created,y4BywqEWcbqV9HpVgfGm5m
|thomas|radcliff|,Thomas,Radcliff,,,created,y4BywqEWcbqV9HpVgfGlpW
|sarah|radcliff|,Sarah,Radcliff,,,created,Keh2tIeUdQ9KzHg67Xrt3u
|ann|rambo|,Ann,Rambo,,,created,y4BywqEWcbqV9HpVgfGn4k
|jacob|ramey|,Jacob,Ramey,,,created,y4BywqEWcbqV9HpVgfGnCs
|ann|ramsey|,Ann,Ramsey,,,created,Keh2tIeUdQ9KzHg67XrtQc
|alfred|ramsey|,Alfred,Ramsey,,,created,BUwEA3l7w0Brg0vJAWPBOZ
|peter|rambo|,Peter,Rambo,,,created,BUwEA3l7w0Brg0vJAWPBGt
|hannah|ramsey|,Hannah,Ramsey,,,created,y4BywqEWcbqV9HpVgfGoJy
|ellen|ramsey|,Ellen,Ramsey,,,created,y4BywqEWcbqV9HpVgfGoBq
|jacob|ramsey|,Jacob,Ramsey,,,created,VrXtJET951nNPZwlPrJMak
|emmor|ramsey|,Emmor,Ramsey,,,created,VrXtJET951nNPZwlPrJMWA
|elizabeth|ramsey|,Elizabeth,Ramsey,,,created,Keh2tIeUdQ9KzHg67XrtkU
|mary|ramsey|,Mary,Ramsey,,,created,y4BywqEWcbqV9HpVgfGpV8
|samuel|ramsey|,Samuel,Ramsey,,,created,y4BywqEWcbqV9HpVgfGpdG
|jane|ramsey|,Jane,Ramsey,,,created,VrXtJET951nNPZwlPrJNFy
|richard|ramsey|,Richard,Ramsey,,,created,Keh2tIeUdQ9KzHg67XruA2
|joseph|ramsey|,Joseph,Ramsey,,,created,BUwEA3l7w0Brg0vJAWPDYv
|peter|rankin|,Peter,Rankin,,,created,VrXtJET951nNPZwlPrJNjk
|amos|rapp|,Amos,Rapp,,,created,VrXtJET951nNPZwlPrJNoK
|benjamin|rapp|,Benjamin,Rapp,,,created,BUwEA3l7w0Brg0vJAWPEYL
|william|ramsey|,William,Ramsey,,,created,BUwEA3l7w0Brg0vJAWPEIz
|barnabus|rapp|,Barnabus,Rapp,,,created,BUwEA3l7w0Brg0vJAWPEQf
|benjamin g.|rapp|,Benjamin G.,Rapp,,,created,y4BywqEWcbqV9HpVgfGrP0
|eugene|rapp|,Eugene,Rapp,,,created,VrXtJET951nNPZwlPrJOTY
|davis|rapp|,Davis,Rapp,,,created,VrXtJET951nNPZwlPrJOOy
|elizabeth|rapp|,Elizabeth,Rapp,,,created,Keh2tIeUdQ9KzHg67Xruqc
|frederick|rapp|,Frederick,Rapp,,,created,BUwEA3l7w0Brg0vJAWPGA9
|harriet|rapp|,Harriet,Rapp,,,created,VrXtJET951nNPZwlPrJP1u
|john s.|rapp|,John S.,Rapp,,,created,VrXtJET951nNPZwlPrJP6U
|jacob|rapp|,Jacob,Rapp,,,created,y4BywqEWcbqV9HpVgfGsBm
|joseph|rapp|,Joseph,Rapp,,,created,Keh2tIeUdQ9KzHg67Xrv94
|john|rapp|,John,Rapp,,,created,y4BywqEWcbqV9HpVgfGsJu
|thomas|rapp|,Thomas,Rapp,,,created,y4BywqEWcbqV9HpVgfGtZ8
|margaret|rapp|,Margaret,Rapp,,,created,y4BywqEWcbqV9HpVgfGtR0
|mary|rapp|,Mary,Rapp,,,created,Keh2tIeUdQ9KzHg67XrvVm
|peter|rapp|,Peter,Rapp,,,created,Keh2tIeUdQ9KzHg67XrvYc
|philip|rapp|,Philip,Rapp,,,created,BUwEA3l7w0Brg0vJAWPHi7
|martha|rawles|,Martha,Rawles,,,created,y4BywqEWcbqV9HpVgfGucA
|francis|rawles|,Francis,Rawles,,,created,y4BywqEWcbqV9HpVgfGukI
|a.|ray|,A.,Ray,,,created,VrXtJET951nNPZwlPrJQVW
|william|rapp|,William,Rapp,,,created,y4BywqEWcbqV9HpVgfGuU2
|catherine|ray|,Catherine,Ray,,,created,Keh2tIeUdQ9KzHg67XrvvK
|andrew|reed|,Andrew,Reed,,,created,y4BywqEWcbqV9HpVgfGvfC
|john|reece|,John,Reece,,,created,Keh2tIeUdQ9KzHg67XrwGc
|morris|raymond|,Morris,Raymond,,,created,BUwEA3l7w0Brg0vJAWPJVR
|rachel|reed|,Rachel,Reed,,,created,VrXtJET951nNPZwlPrJRAk
|jacob|reamy|,Jacob,Reamy,,,created,BUwEA3l7w0Brg0vJAWPJNl
|frank|rees|,Frank,Rees,,,created,y4BywqEWcbqV9HpVgfGwFm
|ludwick|reel|,Ludwick,Reel,,,created,VrXtJET951nNPZwlPrJRsG
|frany|reel|,Frany,Reel,,,created,VrXtJET951nNPZwlPrJRj6
|george|rees|,George,Rees,,,created,VrXtJET951nNPZwlPrJRng
|ann|rees|,Ann,Rees,,,created,BUwEA3l7w0Brg0vJAWPKNB
|jannet|rees|,Jannet,Rees,,,created,Keh2tIeUdQ9KzHg67Xrwq6
|jonathan|rees|,Jonathan,Rees,,,created,Keh2tIeUdQ9KzHg67Xrwsw
|katherine|rees|,Katherine,Rees,,,created,BUwEA3l7w0Brg0vJAWPLEv
|john|rees|,John,Rees,,,created,Keh2tIeUdQ9KzHg67XrwnG
|james|rees|,James,Rees,,,created,Keh2tIeUdQ9KzHg67XrwkQ
|sarah|rees|,Sarah,Rees,,,created,VrXtJET951nNPZwlPrJSwg
|samuel|rees|,Samuel,Rees,,,created,VrXtJET951nNPZwlPrJSs6
|martha|rees|,Martha,Rees,,,created,Keh2tIeUdQ9KzHg67XrxJu
|susan|rees|,Susan,Rees,,,created,BUwEA3l7w0Brg0vJAWPMM1
|letitia|rees|,Letitia,Rees,,,created,BUwEA3l7w0Brg0vJAWPMEL
|william|reese|,William,Reese,,,created,Keh2tIeUdQ9KzHg67Xrxni
|william|rees|,William,Rees,,,created,Keh2tIeUdQ9KzHg67Xrxi2
|james|reese|,James,Reese,,,created,Keh2tIeUdQ9KzHg67Xrxks
|john|reese|,John,Reese,,,created,BUwEA3l7w0Brg0vJAWPNPH
|sarah|reese|,Sarah,Reese,,,created,BUwEA3l7w0Brg0vJAWPNWx
|clara|reeves|,Clara,Reeves,,,created,y4BywqEWcbqV9HpVgfH0yQ
|abigail|reeves|,Abigail,Reeves,,,created,Keh2tIeUdQ9KzHg67XryAQ
|charles|reeves|,Charles,Reeves,,,created,y4BywqEWcbqV9HpVgfH16Y
|clarissa|reeves|,Clarissa,Reeves,,,created,Keh2tIeUdQ9KzHg67XryDG
|benjamin|reeves|,Benjamin,Reeves,,,created,BUwEA3l7w0Brg0vJAWPOe3
|samuel|reeves|,Samuel,Reeves,,,created,y4BywqEWcbqV9HpVgfH25W
|margaret|reeves|,Margaret,Reeves,,,created,VrXtJET951nNPZwlPrJV0w
|george|reffsnyder|,George,Reffsnyder,,,created,y4BywqEWcbqV9HpVgfH2De
|david|reeves|,David,Reeves,,,created,Keh2tIeUdQ9KzHg67XryX8
|abraham|reiff|,Abraham,Reiff,,,created,Keh2tIeUdQ9KzHg67XryZy
|adam|rennard|,Adam,Rennard,,,created,y4BywqEWcbqV9HpVgfH3Ww
|hannah|rennard|,Hannah,Rennard,,,created,y4BywqEWcbqV9HpVgfH3f4
|elizabeth|rennard|,Elizabeth,Rennard,,,created,VrXtJET951nNPZwlPrJVZI
|augustes|reiman|,Augustes,Reiman,,,created,VrXtJET951nNPZwlPrJVds
|richard|remington|,Richard,Remington,,,created,Keh2tIeUdQ9KzHg67Xryy6
|adam|renner|,Adam,Renner,,,created,VrXtJET951nNPZwlPrJWEW
|sarah|rennard|,Sarah,Rennard,,,created,BUwEA3l7w0Brg0vJAWPRUd
|samuel|rennard|,Samuel,Rennard,,,created,VrXtJET951nNPZwlPrJW9w
|elizabeth|renner|,Elizabeth,Renner,,,created,BUwEA3l7w0Brg0vJAWPRcJ
|john|rennard|,John,Rennard,,,created,Keh2tIeUdQ9KzHg67XrzAs
|jacob|renner|,Jacob,Renner,,,created,Keh2tIeUdQ9KzHg67XrzZ0
|jerome|rhoades|,Jerome,Rhoades,,,created,y4BywqEWcbqV9HpVgfH61O
|william|reynolds|,William,Reynolds,,,created,BUwEA3l7w0Brg0vJAWPSXt
|ann|reynolds|,Ann,Reynolds,,,created,y4BywqEWcbqV9HpVgfH5tG
|john|reynel|,John,Reynel,,,created,y4BywqEWcbqV9HpVgfH5l8
|mary|rhoades|,Mary,Rhoades,,,created,VrXtJET951nNPZwlPrJXbG
|catherine|rhoads|,Catherine,Rhoads,,,created,VrXtJET951nNPZwlPrJXi8
|mary ann|rhoades|,Mary Ann,Rhoades,,,created,Keh2tIeUdQ9KzHg67XrznC
|william|rhoades|,William,Rhoades,,,created,Keh2tIeUdQ9KzHg67Xrzq2
|samuel|rhoades|,Samuel,Rhoades,,,created,BUwEA3l7w0Brg0vJAWPTPd
|jacob|rhoads|,Jacob,Rhoads,,,created,y4BywqEWcbqV9HpVgfH8Je
|frank|rhoads|,Frank,Rhoads,,,created,y4BywqEWcbqV9HpVgfH8BW
|mary ann|rhoads|,Mary Ann,Rhoads,,,created,VrXtJET951nNPZwlPrJYNM
|john|rhoads|,John,Rhoads,,,created,y4BywqEWcbqV9HpVgfH8Rm
|henry|rhoads|,Henry,Rhoads,,,created,Keh2tIeUdQ9KzHg67Xs0BK
|margaret|rhodes|,Margaret,Rhodes,,,created,y4BywqEWcbqV9HpVgfH9Uo
|lewis|rhodes|,Lewis,Rhodes,,,created,VrXtJET951nNPZwlPrJYy0
|franklin|rhodes|,Franklin,Rhodes,,,created,BUwEA3l7w0Brg0vJAWPUtl
|henry|rhodes|,Henry,Rhodes,,,created,BUwEA3l7w0Brg0vJAWPUm5
|ann|richards|,Ann,Richards,,,created,Keh2tIeUdQ9KzHg67Xs0as
|caroline|richards|,Caroline,Richards,,,created,y4BywqEWcbqV9HpVgfHAHa
|john|richards|,John,Richards,,,created,y4BywqEWcbqV9HpVgfHAPi
|gartry|richards|,Gartry,Richards,,,created,VrXtJET951nNPZwlPrJZYe
|eliza|richards|,Eliza,Richards,,,created,BUwEA3l7w0Brg0vJAWPVpL
|george|richards|,George,Richards,,,created,BUwEA3l7w0Brg0vJAWPVx1
|joseph|richards|,Joseph,Richards,,,created,y4BywqEWcbqV9HpVgfHBWo
|philip|richards|,Philip,Richards,,,created,VrXtJET951nNPZwlPrJa2Q
|samuel|richards|,Samuel,Richards,,,created,BUwEA3l7w0Brg0vJAWPWsb
|lewis|richards|,Lewis,Richards,,,created,BUwEA3l7w0Brg0vJAWPWkv
|sarah|richards|,Sarah,Richards,,,created,Keh2tIeUdQ9KzHg67Xs1HS
|ann|richardson|,Ann,Richardson,,,created,y4BywqEWcbqV9HpVgfHCJa
|samuel|richardson|,Samuel,Richardson,,,created,y4BywqEWcbqV9HpVgfHCRi
|richard|richison|,Richard,Richison,,,created,BUwEA3l7w0Brg0vJAWPXvr
|john|richardson|,John,Richardson,,,created,BUwEA3l7w0Brg0vJAWPXoB
|christiana|richardson|,Christiana,Richardson,,,created,Keh2tIeUdQ9KzHg67Xs1h0
|adam|rickabaugh|,Adam,Rickabaugh,,,created,y4BywqEWcbqV9HpVgfHDl0
|margaret|rickabaugh|,Margaret,Rickabaugh,,,created,VrXtJET951nNPZwlPrJb2G
|david|rickabaugh|,David,Rickabaugh,,,created,BUwEA3l7w0Brg0vJAWPYz7
|jacob|rickabaugh|,Jacob,Rickabaugh,,,created,VrXtJET951nNPZwlPrJb6q
|elizabeth|rieff|,Elizabeth,Rieff,,,created,BUwEA3l7w0Brg0vJAWPZ6n
|clement|rigg|,Clement,Rigg,,,created,y4BywqEWcbqV9HpVgfHFSg
|anthony|righter|,Anthony,Righter,,,created,y4BywqEWcbqV9HpVgfHFKY
|susanna|riley|,Susanna,Riley,,,created,VrXtJET951nNPZwlPrJbjm
|abraham|rife|,Abraham,Rife,,,created,BUwEA3l7w0Brg0vJAWPaav
|rachel|rigg|,Rachel,Rigg,,,created,BUwEA3l7w0Brg0vJAWPaib
|william|riley|,William,Riley,,,created,VrXtJET951nNPZwlPrJcRI
|george|rinewalt|,George,Rinewalt,,,created,BUwEA3l7w0Brg0vJAWPcKP
|ruth|rinewalt|,Ruth,Rinewalt,,,created,VrXtJET951nNPZwlPrJcMi
|joseph|ritchie|,Joseph,Ritchie,,,created,BUwEA3l7w0Brg0vJAWPcOF
|mary|ring|,Mary,Ring,,,created,VrXtJET951nNPZwlPrJcI8
|catherine|rixstine|,Catherine,Rixstine,,,created,VrXtJET951nNPZwlPrJdKG
|john|rixstine|,John,Rixstine,,,created,BUwEA3l7w0Brg0vJAWPdwD
|ellen|rixstine|,Ellen,Rixstine,,,created,BUwEA3l7w0Brg0vJAWPdZB
|jacob|rixstine|,Jacob,Rixstine,,,created,BUwEA3l7w0Brg0vJAWPdgr
|henry|rixstine|,Henry,Rixstine,,,created,BUwEA3l7w0Brg0vJAWPdoX
|rachel|rixstine|,Rachel,Rixstine,,,created,VrXtJET951nNPZwlPrJeHo
|john|robb|,John,Robb,,,created,BUwEA3l7w0Brg0vJAWPfMV
|archimedes|robb|,Archimedes,Robb,,,created,y4BywqEWcbqV9HpVgfHI1C
|mary|rixstine|,Mary,Rixstine,,,created,y4BywqEWcbqV9HpVgfHIHS
|samuel|rixstine|,Samuel,Rixstine,,,created,y4BywqEWcbqV9HpVgfHI9K
|rebecca|robbins|,Rebecca,Robbins,,,created,y4BywqEWcbqV9HpVgfHJr0
|barbara|roberts|,Barbara,Roberts,,,created,VrXtJET951nNPZwlPrJf1c
|edward|roberts|,Edward,Roberts,,,created,BUwEA3l7w0Brg0vJAWPgXR
|edwin|roberts|,Edwin,Roberts,,,created,BUwEA3l7w0Brg0vJAWPgf7
|benjamin|roberts|,Benjamin,Roberts,,,created,BUwEA3l7w0Brg0vJAWPgPl
|elizabeth|roberts|,Elizabeth,Roberts,,,created,y4BywqEWcbqV9HpVgfHKu2
|esther|roberts|,Esther,Roberts,,,created,y4BywqEWcbqV9HpVgfHL2A
|harriet|roberts|,Harriet,Roberts,,,created,VrXtJET951nNPZwlPrJg62
|george|roberts|,George,Roberts,,,created,BUwEA3l7w0Brg0vJAWPhtt
|eliza|roberts|,Eliza,Roberts,,,created,y4BywqEWcbqV9HpVgfHKpy
|hugh|roberts|,Hugh,Roberts,,,created,VrXtJET951nNPZwlPrJglG
|james|roberts|,James,Roberts,,,created,VrXtJET951nNPZwlPrJgpq
|john|roberts|,John,Roberts,,,created,y4BywqEWcbqV9HpVgfHMHO
|jesse|roberts|,Jesse,Roberts,,,created,BUwEA3l7w0Brg0vJAWPjCV
|israel|roberts|,Israel,Roberts,,,created,BUwEA3l7w0Brg0vJAWPj4p
|nathan|roberts|,Nathan,Roberts,,,created,VrXtJET951nNPZwlPrJhXM
|joseph|roberts|,Joseph,Roberts,,,created,VrXtJET951nNPZwlPrJhSm
|lewis|roberts|,Lewis,Roberts,,,created,BUwEA3l7w0Brg0vJAWPkFl
|matthew|roberts|,Matthew,Roberts,,,created,BUwEA3l7w0Brg0vJAWPkYx
|mary|roberts|,Mary,Roberts,,,created,BUwEA3l7w0Brg0vJAWPkRH
|samuel|robertson|,Samuel,Robertson,,,created,VrXtJET951nNPZwlPrJiUu
|william|roberts|,William,Roberts,,,created,y4BywqEWcbqV9HpVgfHOty
|samuel|roberts|,Samuel,Roberts,,,created,VrXtJET951nNPZwlPrJiQK
|sarah|roberts|,Sarah,Roberts,,,created,BUwEA3l7w0Brg0vJAWPlg3
|thomas|roberts|,Thomas,Roberts,,,created,y4BywqEWcbqV9HpVgfHOlq
|barbara|robinson|,Barbara,Robinson,,,created,y4BywqEWcbqV9HpVgfHQPS
|aaron|robinson|,Aaron,Robinson,,,created,VrXtJET951nNPZwlPrJj7q
|anna|robinson|,Anna,Robinson,,,created,VrXtJET951nNPZwlPrJjCQ
|john|robinson|,John,Robinson,,,created,BUwEA3l7w0Brg0vJAWPnLh
|margaret|robinson|,Margaret,Robinson,,,created,y4BywqEWcbqV9HpVgfHQHK
|mary|robinson|,Mary,Robinson,,,created,y4BywqEWcbqV9HpVgfHSNO
|william|robinson|,William,Robinson,,,created,VrXtJET951nNPZwlPrJjwE
|moses|robinson|,Moses,Robinson,,,created,BUwEA3l7w0Brg0vJAWPoaT
|sarah|robinson|,Sarah,Robinson,,,created,VrXtJET951nNPZwlPrJjre
|thomas|robinson|,Thomas,Robinson,,,created,VrXtJET951nNPZwlPrJjn4
|esther|rogers|,Esther,Rogers,,,created,y4BywqEWcbqV9HpVgfHTkk
|richard|rodda|,Richard,Rodda,,,created,VrXtJET951nNPZwlPrJktm
|elizabeth|rogers|,Elizabeth,Rogers,,,created,y4BywqEWcbqV9HpVgfHTcc
|benjamin|rogers|,Benjamin,Rogers,,,created,VrXtJET951nNPZwlPrJl2w
|william|roddington|,William,Roddington,,,created,VrXtJET951nNPZwlPrJkyM
|john|rogers|,John,Rogers,,,created,y4BywqEWcbqV9HpVgfHUvu
|jennie|rogers|,Jennie,Rogers,,,created,VrXtJET951nNPZwlPrJliA
|joseph|rogers|,Joseph,Rogers,,,created,BUwEA3l7w0Brg0vJAWPqwL
|rebecca|rogers|,Rebecca,Rogers,,,created,y4BywqEWcbqV9HpVgfHV42
|mary|rogers|,Mary,Rogers,,,created,BUwEA3l7w0Brg0vJAWPr41
|henry|roots|,Henry,Roots,,,created,VrXtJET951nNPZwlPrJmYq
|robert|rogers|,Robert,Rogers,,,created,VrXtJET951nNPZwlPrJmUG
|christian|rosenberger|,Christian,Rosenberger,,,created,BUwEA3l7w0Brg0vJAWPsY9
|daniel|root|,Daniel,Root,,,created,y4BywqEWcbqV9HpVgfHWJG
|john|rose|,John,Rose,,,created,VrXtJET951nNPZwlPrJmdQ
|catherine|ross|,Catherine,Ross,,,created,y4BywqEWcbqV9HpVgfHXso
|matthew|ross|,Matthew,Ross,,,created,y4BywqEWcbqV9HpVgfHXcY
|alexander|ross|,Alexander,Ross,,,created,y4BywqEWcbqV9HpVgfHXok
|elizabeth|rosenberger|,Elizabeth,Rosenberger,,,created,BUwEA3l7w0Brg0vJAWPtfF
|susanna|ross|,Susanna,Ross,,,created,BUwEA3l7w0Brg0vJAWPtmv
|amos|rossiter|,Amos,Rossiter,,,created,y4BywqEWcbqV9HpVgfHZ82
|jacob|rossiter|,Jacob,Rossiter,,,created,VrXtJET951nNPZwlPrJo0A
|daniel|rossiter|,Daniel,Rossiter,,,created,BUwEA3l7w0Brg0vJAWPuxr
|caroline|rossiter|,Caroline,Rossiter,,,created,y4BywqEWcbqV9HpVgfHZGA
|edwin|rossiter|,Edwin,Rossiter,,,created,VrXtJET951nNPZwlPrJo4k
|lewis|rossiter|,Lewis,Rossiter,,,created,y4BywqEWcbqV9HpVgfHaha
|mary|rossiter|,Mary,Rossiter,,,created,y4BywqEWcbqV9HpVgfHapi
|john|rossiter|,John,Rossiter,,,created,y4BywqEWcbqV9HpVgfHaZS
|jesse|rossiter|,Jesse,Rossiter,,,created,y4BywqEWcbqV9HpVgfHaRK
|louisa|rossiter|,Louisa,Rossiter,,,created,BUwEA3l7w0Brg0vJAWPwsr
|william|rossiter|,William,Rossiter,,,created,y4BywqEWcbqV9HpVgfHcXO
|thomas|rossiter|,Thomas,Rossiter,,,created,y4BywqEWcbqV9HpVgfHcH8
|samuel|rossiter|,Samuel,Rossiter,,,created,y4BywqEWcbqV9HpVgfHcPG
|minerva|rossiter|,Minerva,Rossiter,,,created,VrXtJET951nNPZwlPrJpKc
|rebecca|rossiter|,Rebecca,Rossiter,,,created,BUwEA3l7w0Brg0vJAWPyYV
|benjamin|rowland|,Benjamin,Rowland,,,created,y4BywqEWcbqV9HpVgfHe6w
|george|rowan|,George,Rowan,,,created,VrXtJET951nNPZwlPrJqKS
|joseph|rowland|,Joseph,Rowland,,,created,BUwEA3l7w0Brg0vJAWQ0Hz
|charles|rowland|,Charles,Rowland,,,created,BUwEA3l7w0Brg0vJAWQ0AJ
|james|rowland|,James,Rowland,,,created,VrXtJET951nNPZwlPrJqMk
|benjamin|royers|,Benjamin,Royers,,,created,VrXtJET951nNPZwlPrJrKI
|rachel|rowland|,Rachel,Rowland,,,created,VrXtJET951nNPZwlPrJrFi
|elizabeth|rutter|,Elizabeth,Rutter,,,created,BUwEA3l7w0Brg0vJAWQ1eR
|margaret|rowland|,Margaret,Rowland,,,created,VrXtJET951nNPZwlPrJrB8
|uriah|royer|,Uriah,Royer,,,created,BUwEA3l7w0Brg0vJAWQ1m7
|ann|sahler|,Ann,Sahler,,,created,y4BywqEWcbqV9HpVgfHg8w
|edward|ryan|,Edward,Ryan,,,created,VrXtJET951nNPZwlPrJsR0
|hannah|ryan|,Hannah,Ryan,,,created,y4BywqEWcbqV9HpVgfHg0o
|paul|rutter|,Paul,Rutter,,,created,y4BywqEWcbqV9HpVgfHfsg
|barbara|sahler|,Barbara,Sahler,,,created,BUwEA3l7w0Brg0vJAWQ38Z
|laura|samuel|,Laura,Samuel,,,created,y4BywqEWcbqV9HpVgfHhaM
|elizabeth|sahler|,Elizabeth,Sahler,,,created,VrXtJET951nNPZwlPrJtD6
|isaac|sahlor|,Isaac,Sahlor,,,created,y4BywqEWcbqV9HpVgfHhSE
|john|sahler|,John,Sahler,,,created,y4BywqEWcbqV9HpVgfHhiU
|isaac|sahler|,Isaac,Sahler,,,created,y4BywqEWcbqV9HpVgfHiAw
|julia|sanderson|,Julia,Sanderson,,,created,VrXtJET951nNPZwlPrJu1U
|william|sanders|,William,Sanders,,,created,BUwEA3l7w0Brg0vJAWQ66p
|john|sartori|,John,Sartori,,,created,BUwEA3l7w0Brg0vJAWQ6EV
|charles|saunders|,Charles,Saunders,,,created,y4BywqEWcbqV9HpVgfHjcM
|edward|sanderson|,Edward,Sanderson,,,created,VrXtJET951nNPZwlPrJtwu
|james|saunders|,James,Saunders,,,created,y4BywqEWcbqV9HpVgfHkL4
|john|sayers|,John,Sayers,,,created,VrXtJET951nNPZwlPrJuuS
|william|saunders|,William,Saunders,,,created,BUwEA3l7w0Brg0vJAWQ7xz
|edward|schofield|,Edward,Schofield,,,created,VrXtJET951nNPZwlPrJuz2
|susanna|schofield|,Susanna,Schofield,,,created,VrXtJET951nNPZwlPrJups
|william|scholfield|,William,Scholfield,,,created,y4BywqEWcbqV9HpVgfHliQ
|mary|scholfield|,Mary,Scholfield,,,created,VrXtJET951nNPZwlPrJwHC
|samuel|schultz|,Samuel,Schultz,,,created,BUwEA3l7w0Brg0vJAWQ9OH
|magdalen|scott|,Magdalen,Scott,,,created,VrXtJET951nNPZwlPrJwQM
|james|scott|,James,Scott,,,created,VrXtJET951nNPZwlPrJwLm
|richard|scott|,Richard,Scott,,,created,y4BywqEWcbqV9HpVgfHnM2
|hannah|seister|,Hannah,Seister,,,created,y4BywqEWcbqV9HpVgfHmxe
|samuel|sellar|,Samuel,Sellar,,,created,y4BywqEWcbqV9HpVgfHn9q
|samuel|sears|,Samuel,Sears,,,created,VrXtJET951nNPZwlPrJxLc
|peter|sealor|,Peter,Sealor,,,created,y4BywqEWcbqV9HpVgfHnDu
|samuel|sellars|,Samuel,Sellars,,,created,y4BywqEWcbqV9HpVgfHp3i
|john|senior|,John,Senior,,,created,y4BywqEWcbqV9HpVgfHova
|eliza|senior|,Eliza,Senior,,,created,y4BywqEWcbqV9HpVgfHonS
|irene|shaffer|,Irene,Shaffer,,,created,BUwEA3l7w0Brg0vJAWQBQx
|ruth|sellars|,Ruth,Sellars,,,created,BUwEA3l7w0Brg0vJAWQBJH
|elizabeth|shaffner|,Elizabeth,Shaffner,,,created,y4BywqEWcbqV9HpVgfHqN0
|catherine|shaffner|,Catherine,Shaffner,,,created,y4BywqEWcbqV9HpVgfHq6k
|vosburg|shaffer|,Vosburg,Shaffer,,,created,VrXtJET951nNPZwlPrJyiM
|daniel|shaffner|,Daniel,Shaffner,,,created,VrXtJET951nNPZwlPrJymw
|abraham|shaffner|,Abraham,Shaffner,,,created,BUwEA3l7w0Brg0vJAWQCY3
|martin|shaffner|,Martin,Shaffner,,,created,y4BywqEWcbqV9HpVgfHrsU
|john|shaffner|,John,Shaffner,,,created,VrXtJET951nNPZwlPrJzSA
|magdelena|shaffner|,Magdelena,Shaffner,,,created,y4BywqEWcbqV9HpVgfHrcE
|gertrud|shainholtz|,Gertrud,Shainholtz,,,created,y4BywqEWcbqV9HpVgfHrkM
|joseph|shaffner|,Joseph,Shaffner,,,created,y4BywqEWcbqV9HpVgfHrU6
|john|shainholtz|,John,Shainholtz,,,created,y4BywqEWcbqV9HpVgfHtBm
|catherine|shambough|,Catherine,Shambough,,,created,y4BywqEWcbqV9HpVgfHtJu
|martin|shainholtz|,Martin,Shainholtz,,,created,VrXtJET951nNPZwlPrK02o
|joseph|shambough|,Joseph,Shambough,,,created,BUwEA3l7w0Brg0vJAWQF1b
|jacob|shainholtz|,Jacob,Shainholtz,,,created,BUwEA3l7w0Brg0vJAWQEtv
|john|shannon|,John,Shannon,,,created,VrXtJET951nNPZwlPrK0bA
|martha|shannon|,Martha,Shannon,,,created,y4BywqEWcbqV9HpVgfHulK
|philip|shambough|,Philip,Shambough,,,created,VrXtJET951nNPZwlPrK0fk
|hannah|shannon|,Hannah,Shannon,,,created,y4BywqEWcbqV9HpVgfHupO
|elizabeth|shannon|,Elizabeth,Shannon,,,created,BUwEA3l7w0Brg0vJAWQGGN
|dendy|sharwood|,Dendy,Sharwood,,,created,y4BywqEWcbqV9HpVgfHw0Y
|david|shearer|,David,Shearer,,,created,y4BywqEWcbqV9HpVgfHwGo
|robert|shannon|,Robert,Shannon,,,created,y4BywqEWcbqV9HpVgfHvsQ
|daniel|shaufner|,Daniel,Shaufner,,,created,y4BywqEWcbqV9HpVgfHw8g
|daniel|shea|,Daniel,Shea,,,created,BUwEA3l7w0Brg0vJAWQHV9
|jacob|shearer|,Jacob,Shearer,,,created,y4BywqEWcbqV9HpVgfHy2Y
|john|shearer|,John,Shearer,,,created,VrXtJET951nNPZwlPrK2Ko
|j.|shearer|,J.,Shearer,,,created,BUwEA3l7w0Brg0vJAWQJXp
|martha|shearer|,Martha,Shearer,,,created,BUwEA3l7w0Brg0vJAWQJfV
|annie|sheetz|,Annie,Sheetz,,,created,y4BywqEWcbqV9HpVgfHxuQ
|catherine|sheldrake|,Catherine,Sheldrake,,,created,y4BywqEWcbqV9HpVgfHzoI
|jane|sheldrake|,Jane,Sheldrake,,,created,BUwEA3l7w0Brg0vJAWQM1N
|martin|sheinholtz|,Martin,Sheinholtz,,,created,y4BywqEWcbqV9HpVgfHzwQ
|john|sheetz|,John,Sheetz,,,created,BUwEA3l7w0Brg0vJAWQLth
|john|sheldrake|,John,Sheldrake,,,created,y4BywqEWcbqV9HpVgfI04Y
|kate|sheldrake|,Kate,Sheldrake,,,created,y4BywqEWcbqV9HpVgfI22U
|oliver|sheneman|,Oliver,Sheneman,,,created,y4BywqEWcbqV9HpVgfI2Eg
|william|sheldrake|,William,Sheldrake,,,created,y4BywqEWcbqV9HpVgfI26Y
|philip|shenbough|,Philip,Shenbough,,,created,BUwEA3l7w0Brg0vJAWQNkr
|philo|shelton|,Philo,Shelton,,,created,y4BywqEWcbqV9HpVgfI2Mo
|ann|sherman|,Ann,Sherman,,,created,VrXtJET951nNPZwlPrK4zi
|lewis|sherman|,Lewis,Sherman,,,created,y4BywqEWcbqV9HpVgfI40Q
|oliver|sherman|,Oliver,Sherman,,,created,y4BywqEWcbqV9HpVgfI44U
|anthony|shimer|,Anthony,Shimer,,,created,y4BywqEWcbqV9HpVgfI4Cc
|david|shildewright|,David,Shildewright,,,created,BUwEA3l7w0Brg0vJAWQPEz
|edward|shimer|,Edward,Shimer,,,created,VrXtJET951nNPZwlPrK5o6
|cammilo|shimer|,Cammilo,Shimer,,,created,y4BywqEWcbqV9HpVgfI6Ig
|conrad|shimer|,Conrad,Shimer,,,created,VrXtJET951nNPZwlPrK5jW
|frederick|shimer|,Frederick,Shimer,,,created,y4BywqEWcbqV9HpVgfI6Qo
|john|shimer|,John,Shimer,,,created,y4BywqEWcbqV9HpVgfI6Yw
|mary|shimer|,Mary,Shimer,,,created,VrXtJET951nNPZwlPrK6Vc
|joseph|shippen|,Joseph,Shippen,,,created,VrXtJET951nNPZwlPrK6aC
|edward|shippen|,Edward,Shippen,,,created,BUwEA3l7w0Brg0vJAWQSaH
|hannah|shoemaker|,Hannah,Shoemaker,,,created,y4BywqEWcbqV9HpVgfI84Q
|michael|shimer|,Michael,Shimer,,,created,y4BywqEWcbqV9HpVgfI7wI
|isaac|shoffner|,Isaac,Shoffner,,,created,y4BywqEWcbqV9HpVgfI9Vq
|julien|shoemaker|,Julien,Shoemaker,,,created,y4BywqEWcbqV9HpVgfI9Ni
|levi|shoffner|,Levi,Shoffner,,,created,BUwEA3l7w0Brg0vJAWQTlD
|owen|shoemaker|,Owen,Shoemaker,,,created,VrXtJET951nNPZwlPrK7Qs
|john|shoffner|,John,Shoffner,,,created,BUwEA3l7w0Brg0vJAWQTdX
|susanna|sholfield|,Susanna,Sholfield,,,created,VrXtJET951nNPZwlPrK8FG
|edward|sholfield|,Edward,Sholfield,,,created,VrXtJET951nNPZwlPrK8HY
|elizabeth|shook|,Elizabeth,Shook,,,created,VrXtJET951nNPZwlPrK83o
|jacob|shook|,Jacob,Shook,,,created,y4BywqEWcbqV9HpVgfIB1K
|george|shoffuer|,George,Shoffuer,,,created,VrXtJET951nNPZwlPrK88O
|barbara|showalter|,Barbara,Showalter,,,created,y4BywqEWcbqV9HpVgfIC0I
|daniel|showalter|,Daniel,Showalter,,,created,VrXtJET951nNPZwlPrK9AW
|jacob|showalter|,Jacob,Showalter,,,created,y4BywqEWcbqV9HpVgfIC8Q
|john|showalter|,John,Showalter,,,created,BUwEA3l7w0Brg0vJAWQW75
|isabel|showalter|,Isabel,Showalter,,,created,BUwEA3l7w0Brg0vJAWQVvZ
|jacob|shuman|,Jacob,Shuman,,,created,VrXtJET951nNPZwlPrKASg
|martin|showalter|,Martin,Showalter,,,created,y4BywqEWcbqV9HpVgfIEIY
|joseph|showalter|,Joseph,Showalter,,,created,BUwEA3l7w0Brg0vJAWQZa3
|rachel|showalter|,Rachel,Showalter,,,created,y4BywqEWcbqV9HpVgfIEQg
|sarah|showalter|,Sarah,Showalter,,,created,BUwEA3l7w0Brg0vJAWQZhj
|joseph|shutt|,Joseph,Shutt,,,created,VrXtJET951nNPZwlPrKBH4
|henry|shutt|,Henry,Shutt,,,created,VrXtJET951nNPZwlPrKBQE
|henry|shut|,Henry,Shut,,,created,VrXtJET951nNPZwlPrKB7u
|david|shut|,David,Shut,,,created,VrXtJET951nNPZwlPrKBCU
|jacob|sikes|,Jacob,Sikes,,,created,VrXtJET951nNPZwlPrKBLe
|john|simpson|,John,Simpson,,,created,y4BywqEWcbqV9HpVgfIHFS
|rebecca|sikes|,Rebecca,Sikes,,,created,VrXtJET951nNPZwlPrKCEc
|elizabeth|sinnickson|,Elizabeth,Sinnickson,,,created,BUwEA3l7w0Brg0vJAWQeX9
|buckeridge|sims|,Buckeridge,Sims,,,created,VrXtJET951nNPZwlPrKCJC
|thomas|sinnickson|,Thomas,Sinnickson,,,created,BUwEA3l7w0Brg0vJAWQeep
|edward|siter|,Edward,Siter,,,created,VrXtJET951nNPZwlPrKCmy
|amos|skean|,Amos,Skean,,,created,VrXtJET951nNPZwlPrKCrY
|joseph|skull|,Joseph,Skull,,,created,BUwEA3l7w0Brg0vJAWQgVz
|susanna|skunk|,Susanna,Skunk,,,created,VrXtJET951nNPZwlPrKCw8
|abraham|skunk|,Abraham,Skunk,,,created,BUwEA3l7w0Brg0vJAWQgdf
|john|sloan|,John,Sloan,,,created,y4BywqEWcbqV9HpVgfIKSc
|samuel|sloan|,Samuel,Sloan,,,created,y4BywqEWcbqV9HpVgfIKKU
|sarah|sloan|,Sarah,Sloan,,,created,BUwEA3l7w0Brg0vJAWQizX
|mary|sloan|,Mary,Sloan,,,created,y4BywqEWcbqV9HpVgfIKak
|james|sloan|,James,Sloan,,,created,BUwEA3l7w0Brg0vJAWQirr
|edith|sloanaker|,Edith,Sloanaker,,,created,y4BywqEWcbqV9HpVgfIMIQ
|edith|slonaker|,Edith,Slonaker,,,created,y4BywqEWcbqV9HpVgfIMQY
|jacob|slonaker|,Jacob,Slonaker,,,created,y4BywqEWcbqV9HpVgfIMYg
|samuel|sloanaker|,Samuel,Sloanaker,,,created,VrXtJET951nNPZwlPrKEbC
|william|sloanaker|,William,Sloanaker,,,created,BUwEA3l7w0Brg0vJAWQkI9
|henry|sloyer|,Henry,Sloyer,,,created,VrXtJET951nNPZwlPrKFUA
|jacob|sloyer|,Jacob,Sloyer,,,created,y4BywqEWcbqV9HpVgfINw2
|francis|sloyer|,Francis,Sloyer,,,created,BUwEA3l7w0Brg0vJAWQlmH
|samuel|slonaker|,Samuel,Slonaker,,,created,BUwEA3l7w0Brg0vJAWQleb
|michael|slonaker|,Michael,Slonaker,,,created,BUwEA3l7w0Brg0vJAWQlWv
|clifford|smith|,Clifford,Smith,,,created,y4BywqEWcbqV9HpVgfIPlq
|charles|smith|,Charles,Smith,,,created,BUwEA3l7w0Brg0vJAWQnCZ
|christopher|smith|,Christopher,Smith,,,created,BUwEA3l7w0Brg0vJAWQn4t
|caleb|smedley|,Caleb,Smedley,,,created,VrXtJET951nNPZwlPrKGWI
|sarah|smedley|,Sarah,Smedley,,,created,y4BywqEWcbqV9HpVgfIPdi
|henry|smith|,Henry,Smith,,,created,y4BywqEWcbqV9HpVgfIRru
|eliza|smith|,Eliza,Smith,,,created,VrXtJET951nNPZwlPrKHYQ
|george|smith|,George,Smith,,,created,VrXtJET951nNPZwlPrKHPG
|elizabeth|smith|,Elizabeth,Smith,,,created,y4BywqEWcbqV9HpVgfIRjm
|isaac|smith|,Isaac,Smith,,,created,VrXtJET951nNPZwlPrKHTq
|jacob|smith|,Jacob,Smith,,,created,y4BywqEWcbqV9HpVgfISuw
|john|smith|,John,Smith,,,created,VrXtJET951nNPZwlPrKITg
|joseph|smith|,Joseph,Smith,,,created,BUwEA3l7w0Brg0vJAWQpvT
|mary|smith|,Mary,Smith,,,created,VrXtJET951nNPZwlPrKIP6
|maria|smith|,Maria,Smith,,,created,VrXtJET951nNPZwlPrKIYG
|nathaniel|smith|,Nathaniel,Smith,,,created,y4BywqEWcbqV9HpVgfIUEE
|samuel|smith|,Samuel,Smith,,,created,y4BywqEWcbqV9HpVgfIUUU
|philip|smith|,Philip,Smith,,,created,BUwEA3l7w0Brg0vJAWQrLl
|peter|smith|,Peter,Smith,,,created,y4BywqEWcbqV9HpVgfIUMM
|sarah|smith|,Sarah,Smith,,,created,VrXtJET951nNPZwlPrKJDU
|george|sneed|,George,Sneed,,,created,VrXtJET951nNPZwlPrKK8k
|susanna|smith|,Susanna,Smith,,,created,VrXtJET951nNPZwlPrKKDK
|catherine|sneed|,Catherine,Sneed,,,created,y4BywqEWcbqV9HpVgfIVvu
|yost|smith|,Yost,Smith,,,created,y4BywqEWcbqV9HpVgfIW42
|thomas|smith|,Thomas,Smith,,,created,y4BywqEWcbqV9HpVgfIWCA
|hannah|snyder|,Hannah,Snyder,,,created,VrXtJET951nNPZwlPrKL6I
|arnst rafe|snider|,Arnst Rafe,Snider,,,created,VrXtJET951nNPZwlPrKL1i
|ann|snyder|,Ann,Snyder,,,created,VrXtJET951nNPZwlPrKKx8
|elizabeth|snyder|,Elizabeth,Snyder,,,created,BUwEA3l7w0Brg0vJAWQtdn
|george|snyder|,George,Snyder,,,created,BUwEA3l7w0Brg0vJAWQtlT
|joseph|snyder|,Joseph,Snyder,,,created,BUwEA3l7w0Brg0vJAWQwMh
|mary|snyder|,Mary,Snyder,,,created,VrXtJET951nNPZwlPrKM68
|john|snyder|,John,Snyder,,,created,BUwEA3l7w0Brg0vJAWQwF1
|isaiah|snyder|,Isaiah,Snyder,,,created,VrXtJET951nNPZwlPrKM1Y
|henry|snyder|,Henry,Snyder,,,created,VrXtJET951nNPZwlPrKLwy
|nicholas|sowden|,Nicholas,Sowden,,,created,VrXtJET951nNPZwlPrKMne
|william|snyder|,William,Snyder,,,created,y4BywqEWcbqV9HpVgfIaqk
|h.|sowden|,H.,Sowden,,,created,y4BywqEWcbqV9HpVgfIaic
|susanna|snyder|,Susanna,Snyder,,,created,BUwEA3l7w0Brg0vJAWQxyV
|peter|snyder|,Peter,Snyder,,,created,BUwEA3l7w0Brg0vJAWQy6B
|hannah|sower|,Hannah,Sower,,,created,y4BywqEWcbqV9HpVgfIcgY
|william|sowden|,William,Sowden,,,created,y4BywqEWcbqV9HpVgfIcQI
|esther|sower|,Esther,Sower,,,created,VrXtJET951nNPZwlPrKNXS
|sarah|sowden|,Sarah,Sowden,,,created,y4BywqEWcbqV9HpVgfIcYQ
|daniel|sower|,Daniel,Sower,,,created,BUwEA3l7w0Brg0vJAWQzaJ
|samuel|sower|,Samuel,Sower,,,created,y4BywqEWcbqV9HpVgfIdzq
|william|staddon|,William,Staddon,,,created,VrXtJET951nNPZwlPrKOQQ
|mary|sower|,Mary,Sower,,,created,VrXtJET951nNPZwlPrKOLq
|lavinia|sower|,Lavinia,Sower,,,created,BUwEA3l7w0Brg0vJAWR0lF
|john henry|sprogel|,John Henry,Sprogel,,,created,BUwEA3l7w0Brg0vJAWR0sv
|nicholas|stafford|,Nicholas,Stafford,,,created,VrXtJET951nNPZwlPrKP5e
|john|stambach|,John,Stambach,,,created,BUwEA3l7w0Brg0vJAWR2k5
|jacob|stager|,Jacob,Stager,,,created,BUwEA3l7w0Brg0vJAWR2gF
|mary|stambach|,Mary,Stambach,,,created,VrXtJET951nNPZwlPrKPAE
|elizabeth|stager|,Elizabeth,Stager,,,created,BUwEA3l7w0Brg0vJAWR2YZ
|hannah|starr|,Hannah,Starr,,,created,y4BywqEWcbqV9HpVgfIfhW
|ann|starr|,Ann,Starr,,,created,y4BywqEWcbqV9HpVgfIfxm
|joseph|stanvix|,Joseph,Stanvix,,,created,BUwEA3l7w0Brg0vJAWR4Lt
|amy|starr|,Amy,Starr,,,created,BUwEA3l7w0Brg0vJAWR4TZ
|elizabeth|starr|,Elizabeth,Starr,,,created,y4BywqEWcbqV9HpVgfIfpe
|joseph|starr|,Joseph,Starr,,,created,y4BywqEWcbqV9HpVgfIh8w
|mary|starr|,Mary,Starr,,,created,VrXtJET951nNPZwlPrKR0k
|moses|starr|,Moses,Starr,,,created,BUwEA3l7w0Brg0vJAWR5tr
|james|starr|,James,Starr,,,created,y4BywqEWcbqV9HpVgfIh0o
|john|starr|,John,Starr,,,created,BUwEA3l7w0Brg0vJAWR5mB
|philip|steffan|,Philip,Steffan,,,created,y4BywqEWcbqV9HpVgfIi7u
|william|steele|,William,Steele,,,created,VrXtJET951nNPZwlPrKRkY
|john|steinmetz|,John,Steinmetz,,,created,VrXtJET951nNPZwlPrKRp8
|samuel|starr|,Samuel,Starr,,,created,wTjgcoDg50EL1gOxZpTZAK
|rachel|starr|,Rachel,Starr,,,created,zPVOnDPpVTVGv3qgVzimu6
|amos|stetler|,Amos,Stetler,,,created,y4BywqEWcbqV9HpVgfIj2o
|abijah|stephens|,Abijah,Stephens,,,created,VrXtJET951nNPZwlPrKSmg
|mary|stephens|,Mary,Stephens,,,created,BUwEA3l7w0Brg0vJAWR883
|thomas|stevenson|,Thomas,Stevenson,,,created,y4BywqEWcbqV9HpVgfIjN8
|hannah|stevenson|,Hannah,Stevenson,,,created,VrXtJET951nNPZwlPrKSrG
|benjamin|stewart|,Benjamin,Stewart,,,created,y4BywqEWcbqV9HpVgfIkI2
|james|steward|,James,Steward,,,created,wTjgcoDg50EL1gOxZpTaTK
|benjamin|steward|,Benjamin,Steward,,,created,BUwEA3l7w0Brg0vJAWR9UV
|john|stewart|,John,Stewart,,,created,VrXtJET951nNPZwlPrKTUC
|william|stevenson|,William,Stevenson,,,created,BUwEA3l7w0Brg0vJAWR9Mp
|john|stine|,John,Stine,,,created,VrXtJET951nNPZwlPrKU2Y
|christian|stine|,Christian,Stine,,,created,VrXtJET951nNPZwlPrKTtO
|emily|stine|,Emily,Stine,,,created,BUwEA3l7w0Brg0vJAWRAMF
|george|stine|,George,Stine,,,created,VrXtJET951nNPZwlPrKTxy
|margaret|stewart|,Margaret,Stewart,,,created,wTjgcoDg50EL1gOxZpTbaK
|robert|stockton|,Robert,Stockton,,,created,VrXtJET951nNPZwlPrKUYc
|jacob|stonaker|,Jacob,Stonaker,,,created,wTjgcoDg50EL1gOxZpTcGK
|hariet|stockton|,Hariet,Stockton,,,created,BUwEA3l7w0Brg0vJAWRBDz
|sabina|stockman|,Sabina,Stockman,,,created,BUwEA3l7w0Brg0vJAWRB6J
|henry|stockman|,Henry,Stockman,,,created,zPVOnDPpVTVGv3qgVzioVm
|elizabeth|struble|,Elizabeth,Struble,,,created,y4BywqEWcbqV9HpVgfInVC
|abraham|struble|,Abraham,Struble,,,created,y4BywqEWcbqV9HpVgfInN4
|dilman|stouffer|,Dilman,Stouffer,,,created,wTjgcoDg50EL1gOxZpTcqK
|amos|strettell|,Amos,Strettell,,,created,wTjgcoDg50EL1gOxZpTcwK
|jonathan|stott|,Jonathan,Stott,,,created,BUwEA3l7w0Brg0vJAWRC5j
|margaret|sturk|,Margaret,Sturk,,,created,y4BywqEWcbqV9HpVgfIoQ6
|elizabeth|strutton|,Elizabeth,Strutton,,,created,VrXtJET951nNPZwlPrKVRa
|james|sturk|,James,Sturk,,,created,wTjgcoDg50EL1gOxZpTdrK
|benjamin|strutton|,Benjamin,Strutton,,,created,BUwEA3l7w0Brg0vJAWRCi7
|jacob|sturk|,Jacob,Sturk,,,created,BUwEA3l7w0Brg0vJAWRCpn
|catherine|suckley|,Catherine,Suckley,,,created,VrXtJET951nNPZwlPrKW96
|edwin|suplee|,Edwin,Suplee,,,created,wTjgcoDg50EL1gOxZpTeOK
|catherine|suplee|,Catherine,Suplee,,,created,VrXtJET951nNPZwlPrKW4W
|george|suckley|,George,Suckley,,,created,y4BywqEWcbqV9HpVgfIpL0
|cadwalader|suplee|,Cadwalader,Suplee,,,created,y4BywqEWcbqV9HpVgfIpT8
|hannah|suplee|,Hannah,Suplee,,,created,y4BywqEWcbqV9HpVgfIqWA
|catherine|supplee|,Catherine,Supplee,,,created,VrXtJET951nNPZwlPrKWoK
|elizabeth|suplee|,Elizabeth,Suplee,,,created,BUwEA3l7w0Brg0vJAWREZH
|peter|suplee|,Peter,Suplee,,,created,zPVOnDPpVTVGv3qgVzisgw
|john|suplee|,John,Suplee,,,created,VrXtJET951nNPZwlPrKWjk
|frederick|taylor|,Frederick,Taylor,,,created,VrXtJET951nNPZwlPrKXI6
|robert|sutton|,Robert,Sutton,,,created,zPVOnDPpVTVGv3qgVziuNb
|joseph|tatem|,Joseph,Tatem,,,created,wTjgcoDg50EL1gOxZpTfwK
|rudolph|supplee|,Rudolph,Supplee,,,created,zPVOnDPpVTVGv3qgVziu3f
|c. wesley|talbot|,C. Wesley,Talbot,,,created,zPVOnDPpVTVGv3qgVziuIc
|abigail|thomas|,Abigail,Thomas,,,created,y4BywqEWcbqV9HpVgfIs5i
|adaline|tennant|,Adaline,Tennant,,,created,wTjgcoDg50EL1gOxZpTgoK
|jacob|taylor|,Jacob,Taylor,,,created,VrXtJET951nNPZwlPrKXoA
|john|tennant|,John,Tennant,,,created,zPVOnDPpVTVGv3qgVzivaM
|abel|thomas|,Abel,Thomas,,,created,BUwEA3l7w0Brg0vJAWRGQR
|amos|thomas|,Amos,Thomas,,,created,y4BywqEWcbqV9HpVgfIt4g
|benjamin r.|thomas|,Benjamin R.,Thomas,,,created,VrXtJET951nNPZwlPrKYDM
|benjamin|thomas|,Benjamin,Thomas,,,created,zPVOnDPpVTVGv3qgVziwJD
|catherine|thomas|,Catherine,Thomas,,,created,zPVOnDPpVTVGv3qgVziwTB
|ann|thomas|,Ann,Thomas,,,created,BUwEA3l7w0Brg0vJAWRHPr
|evan|thomas|,Evan,Thomas,,,created,VrXtJET951nNPZwlPrKYh8
|elenor|thomas|,Elenor,Thomas,,,created,zPVOnDPpVTVGv3qgVzixQz
|elizabeth|thomas|,Elizabeth,Thomas,,,created,zPVOnDPpVTVGv3qgVzixax
|david|thomas|,David,Thomas,,,created,BUwEA3l7w0Brg0vJAWRIPH
|george|thomas|,George,Thomas,,,created,wTjgcoDg50EL1gOxZpTi1K
|jemima|thomas|,Jemima,Thomas,,,created,y4BywqEWcbqV9HpVgfIueE
|griffith|thomas|,Griffith,Thomas,,,created,VrXtJET951nNPZwlPrKZK4
|isaac|thomas|,Isaac,Thomas,,,created,wTjgcoDg50EL1gOxZpTiSK
|james|thomas|,James,Thomas,,,created,VrXtJET951nNPZwlPrKZFU
|jacob|thomas|,Jacob,Thomas,,,created,wTjgcoDg50EL1gOxZpTiYK
|joseph|thomas|,Joseph,Thomas,,,created,VrXtJET951nNPZwlPrKZzI
|jennie|thomas|,Jennie,Thomas,,,created,wTjgcoDg50EL1gOxZpTjEK
|jenkin|thomas|,Jenkin,Thomas,,,created,wTjgcoDg50EL1gOxZpTj8K
|lewis|thomas|,Lewis,Thomas,,,created,BUwEA3l7w0Brg0vJAWRKGR
|margaret|thomas|,Margaret,Thomas,,,created,wTjgcoDg50EL1gOxZpTjKK
|mary|thomas|,Mary,Thomas,,,created,VrXtJET951nNPZwlPrKaQm
|richard|thomas|,Richard,Thomas,,,created,wTjgcoDg50EL1gOxZpTjuK
|samaria|thomas|,Samaria,Thomas,,,created,BUwEA3l7w0Brg0vJAWRKwf
|morgan|thomas|,Morgan,Thomas,,,created,zPVOnDPpVTVGv3qgVzj0KP
|margetta|thomas|,Margetta,Thomas,,,created,zPVOnDPpVTVGv3qgVzj0PO
|susanna|thomas|,Susanna,Thomas,,,created,y4BywqEWcbqV9HpVgfIwoM
|george|thompson|,George,Thompson,,,created,y4BywqEWcbqV9HpVgfIx4c
|widow|thomas|,Widow,Thomas,,,created,BUwEA3l7w0Brg0vJAWRLgj
|jonah|thompson|,Jonah,Thompson,,,created,y4BywqEWcbqV9HpVgfIwwU
|william|thomas|,William,Thomas,,,created,wTjgcoDg50EL1gOxZpTkRK
|phebe|thompson|,Phebe,Thompson,,,created,y4BywqEWcbqV9HpVgfIxzW
|fanny|thrift|,Fanny,Thrift,,,created,zPVOnDPpVTVGv3qgVzj2Pz
|joseph|thornton|,Joseph,Thornton,,,created,y4BywqEWcbqV9HpVgfIy7e
|robert|thompson|,Robert,Thompson,,,created,zPVOnDPpVTVGv3qgVzj2Zx
|charles|thomson|,Charles,Thomson,,,created,VrXtJET951nNPZwlPrKbM2
|caroline|thropp|,Caroline,Thropp,,,created,VrXtJET951nNPZwlPrKc1G
|orlando|thrift|,Orlando,Thrift,,,created,VrXtJET951nNPZwlPrKbwg
|amelia|thropp|,Amelia,Thropp,,,created,wTjgcoDg50EL1gOxZpTlSK
|charles|thropp|,Charles,Thropp,,,created,BUwEA3l7w0Brg0vJAWRNMN
|ann|thropp|,Ann,Thropp,,,created,zPVOnDPpVTVGv3qgVzj3rh
|isaiah|thropp|,Isaiah,Thropp,,,created,VrXtJET951nNPZwlPrKcl4
|alexander|todd|,Alexander,Todd,,,created,y4BywqEWcbqV9HpVgfIzEk
|eldon|thropp|,Eldon,Thropp,,,created,VrXtJET951nNPZwlPrKcgU
|joseph e.|thropp|,Joseph E.,Thropp,,,created,wTjgcoDg50EL1gOxZpTm8K
|joseph|thropp|,Joseph,Thropp,,,created,BUwEA3l7w0Brg0vJAWRO6R
|mary|todd|,Mary,Todd,,,created,y4BywqEWcbqV9HpVgfIztO
|martha|todd|,Martha,Todd,,,created,VrXtJET951nNPZwlPrKdLi
|john|todd|,John,Todd,,,created,wTjgcoDg50EL1gOxZpTmrK
|margaret|todd|,Margaret,Todd,,,created,zPVOnDPpVTVGv3qgVzj5JP
|david|todd|,David,Todd,,,created,BUwEA3l7w0Brg0vJAWROyB
|elizabeth|townsend|,Elizabeth,Townsend,,,created,VrXtJET951nNPZwlPrKdpU
|roger|todd|,Roger,Todd,,,created,zPVOnDPpVTVGv3qgVzj6HD
|michael|towers|,Michael,Towers,,,created,y4BywqEWcbqV9HpVgfJ0c6
|roger|townsend|,Roger,Townsend,,,created,wTjgcoDg50EL1gOxZpTngK
|robert|todd|,Robert,Todd,,,created,BUwEA3l7w0Brg0vJAWRPWj
|bartholomew|trainer|,Bartholomew,Trainer,,,created,y4BywqEWcbqV9HpVgfJ1Sw
|james|trego|,James,Trego,,,created,zPVOnDPpVTVGv3qgVzj7K0
|samuel|tracy|,Samuel,Tracy,,,created,BUwEA3l7w0Brg0vJAWRQKd
|albert|trainer|,Albert,Trainer,,,created,y4BywqEWcbqV9HpVgfJ1b4
|maria|tracy|,Maria,Tracy,,,created,BUwEA3l7w0Brg0vJAWRQ97
|hugh|tress|,Hugh,Tress,,,created,y4BywqEWcbqV9HpVgfJ2Vy
|jacob|turk|,Jacob,Turk,,,created,zPVOnDPpVTVGv3qgVzj82r
|andrew|turk|,Andrew,Turk,,,created,BUwEA3l7w0Brg0vJAWRR8X
|thomas|tress|,Thomas,Tress,,,created,wTjgcoDg50EL1gOxZpTowK
|mary|truman|,Mary,Truman,,,created,zPVOnDPpVTVGv3qgVzj8Cp
|joseph|turner|,Joseph,Turner,,,created,y4BywqEWcbqV9HpVgfJ4De
|peter|turner|,Peter,Turner,,,created,y4BywqEWcbqV9HpVgfJ4Lm
|robert|turner|,Robert,Turner,,,created,zPVOnDPpVTVGv3qgVzj95e
|margaret|turk|,Margaret,Turk,,,created,zPVOnDPpVTVGv3qgVzj9Kb
|jones|tustin|,Jones,Tustin,,,created,zPVOnDPpVTVGv3qgVzj9Ad
|edward|twaddell|,Edward,Twaddell,,,created,VrXtJET951nNPZwlPrKfGo
|william|tyrell|,William,Tyrell,,,created,wTjgcoDg50EL1gOxZpTq6K
|susan|twaddell|,Susan,Twaddell,,,created,zPVOnDPpVTVGv3qgVzjAIP
|annie|tyrell|,Annie,Tyrell,,,created,VrXtJET951nNPZwlPrKfLO
|barbara|tyson|,Barbara,Tyson,,,created,zPVOnDPpVTVGv3qgVzjASN
|lewis|ulman|,Lewis,Ulman,,,created,y4BywqEWcbqV9HpVgfJ5j8
|cornelius|tyson|,Cornelius,Tyson,,,created,wTjgcoDg50EL1gOxZpTqpK
|john|umpleby|,John,Umpleby,,,created,VrXtJET951nNPZwlPrKfyK
|catherine|tyson|,Catherine,Tyson,,,created,zPVOnDPpVTVGv3qgVzjBQB
|eleanor|ulman|,Eleanor,Ulman,,,created,zPVOnDPpVTVGv3qgVzjBa9
|isabel|umsted|,Isabel,Umsted,,,created,y4BywqEWcbqV9HpVgfJ6mA
|john|umstead|,John,Umstead,,,created,wTjgcoDg50EL1gOxZpTrVK
|ann|umstad|,Ann,Umstad,,,created,BUwEA3l7w0Brg0vJAWRTfv
|william|umpleby|,William,Umpleby,,,created,zPVOnDPpVTVGv3qgVzjCrt
|john|umstad|,John,Umstad,,,created,wTjgcoDg50EL1gOxZpTrPK
|john|upperman|,John,Upperman,,,created,y4BywqEWcbqV9HpVgfJ7Mk
|joseph|upperman|,Joseph,Upperman,,,created,wTjgcoDg50EL1gOxZpTsKK
|john|umsted|,John,Umsted,,,created,VrXtJET951nNPZwlPrKh52
|david|upperman|,David,Upperman,,,created,zPVOnDPpVTVGv3qgVzjDzf
|susanna|upperman|,Susanna,Upperman,,,created,BUwEA3l7w0Brg0vJAWRUXf
|joseph|valentine|,Joseph,Valentine,,,created,wTjgcoDg50EL1gOxZpTt6K
|abigail|vanderslice|,Abigail,Vanderslice,,,created,zPVOnDPpVTVGv3qgVzjFHP
|benjamin|vanderslice|,Benjamin,Vanderslice,,,created,wTjgcoDg50EL1gOxZpTtCK
|addison|vanderslice|,Addison,Vanderslice,,,created,BUwEA3l7w0Brg0vJAWRVHj
|a. murray|vanderslice|,A. Murray,Vanderslice,,,created,zPVOnDPpVTVGv3qgVzjFMO
|deborah|vanderslice|,Deborah,Vanderslice,,,created,y4BywqEWcbqV9HpVgfJ8k6
|jacob|vanderslice|,Jacob,Vanderslice,,,created,VrXtJET951nNPZwlPrKhtQ
|elizabeth|vanderslice|,Elizabeth,Vanderslice,,,created,VrXtJET951nNPZwlPrKhoq
|fannie|vanderslice|,Fannie,Vanderslice,,,created,zPVOnDPpVTVGv3qgVzjGKC
|john|vanderslice|,John,Vanderslice,,,created,zPVOnDPpVTVGv3qgVzjGUA
|mary|vanderslice|,Mary,Vanderslice,,,created,y4BywqEWcbqV9HpVgfJ9rC
|mira|vanderslice|,Mira,Vanderslice,,,created,VrXtJET951nNPZwlPrKiYe
|marcus|vanderslice|,Marcus,Vanderslice,,,created,zPVOnDPpVTVGv3qgVzjHgv
|lydia|vanderslice|,Lydia,Vanderslice,,,created,zPVOnDPpVTVGv3qgVzjHWx
|margarett|vanderslice|,Margarett,Vanderslice,,,created,BUwEA3l7w0Brg0vJAWRWaL
|jane|vanhorn|,Jane,Vanhorn,,,created,VrXtJET951nNPZwlPrKj70
|bernard|vanhorn|,Bernard,Vanhorn,,,created,BUwEA3l7w0Brg0vJAWRXS5
|thomas|vanderslice|,Thomas,Vanderslice,,,created,wTjgcoDg50EL1gOxZpTv8K
|sarah|vanderslice|,Sarah,Vanderslice,,,created,BUwEA3l7w0Brg0vJAWRX8t
|john|vanderwald|,John,Vanderwald,,,created,BUwEA3l7w0Brg0vJAWRXGZ
|john|varley|,John,Varley,,,created,y4BywqEWcbqV9HpVgfJBMg
|mary|varley|,Mary,Varley,,,created,wTjgcoDg50EL1gOxZpTw6K
|catherine|varley|,Catherine,Varley,,,created,y4BywqEWcbqV9HpVgfJBEY
|jacob|varley|,Jacob,Varley,,,created,VrXtJET951nNPZwlPrKjTu
|magdalena|varley|,Magdalena,Varley,,,created,VrXtJET951nNPZwlPrKjYU
|jacob|vogdees|,Jacob,Vogdees,,,created,VrXtJET951nNPZwlPrKk98
|william|vaux|,William,Vaux,,,created,y4BywqEWcbqV9HpVgfJC1K
|mathias|vincent|,Mathias,Vincent,,,created,wTjgcoDg50EL1gOxZpTwpK
|philip|varley|,Philip,Varley,,,created,y4BywqEWcbqV9HpVgfJBtC
|mary|vogdees|,Mary,Vogdees,,,created,y4BywqEWcbqV9HpVgfJC9S
|john|vonderweid|,John,Vonderweid,,,created,VrXtJET951nNPZwlPrKkcu
|jacob|vogdes|,Jacob,Vogdes,,,created,zPVOnDPpVTVGv3qgVzjLn6
|christian|waggoner|,Christian,Waggoner,,,created,zPVOnDPpVTVGv3qgVzjLx4
|horatio|wade|,Horatio,Wade,,,created,VrXtJET951nNPZwlPrKkhU
|mary|vogdes|,Mary,Vogdes,,,created,BUwEA3l7w0Brg0vJAWRZrn
|philip|waggoner|,Philip,Waggoner,,,created,y4BywqEWcbqV9HpVgfJDCU
|george|wagner|,George,Wagner,,,created,VrXtJET951nNPZwlPrKlI8
|jacob|waggoner|,Jacob,Waggoner,,,created,zPVOnDPpVTVGv3qgVzjNOm
|sebastian|waggoner|,Sebastian,Waggoner,,,created,y4BywqEWcbqV9HpVgfJDSk
|alice|wagner|,Alice,Wagner,,,created,y4BywqEWcbqV9HpVgfJDKc
|jacob|wagner|,Jacob,Wagner,,,created,y4BywqEWcbqV9HpVgfJEBS
|john|wagoner|,John,Wagoner,,,created,zPVOnDPpVTVGv3qgVzjOlV
|joseph|wagoner|,Joseph,Wagoner,,,created,wTjgcoDg50EL1gOxZpTyuK
|daniel|walker|,Daniel,Walker,,,created,BUwEA3l7w0Brg0vJAWRbqd
|rebeckah|wagner|,Rebeckah,Wagner,,,created,BUwEA3l7w0Brg0vJAWRbix
|phebe|walker|,Phebe,Walker,,,created,y4BywqEWcbqV9HpVgfJEuA
|emma|walker|,Emma,Walker,,,created,wTjgcoDg50EL1gOxZpTzgK
|enoch|walker|,Enoch,Walker,,,created,VrXtJET951nNPZwlPrKmFg
|isabel|walker|,Isabel,Walker,,,created,BUwEA3l7w0Brg0vJAWRcah
|margaret|walker|,Margaret,Walker,,,created,BUwEA3l7w0Brg0vJAWRciN
|henry|walkinhood|,Henry,Walkinhood,,,created,y4BywqEWcbqV9HpVgfJFUk
|thomas|walker|,Thomas,Walker,,,created,VrXtJET951nNPZwlPrKmlk
|margaret|walkinhood|,Margaret,Walkinhood,,,created,BUwEA3l7w0Brg0vJAWRdpT
|richard|walker|,Richard,Walker,,,created,y4BywqEWcbqV9HpVgfJFMc
|sarah|walker|,Sarah,Walker,,,created,wTjgcoDg50EL1gOxZpU0DK
|samuel|walley|,Samuel,Walley,,,created,VrXtJET951nNPZwlPrKnMO
|jacob|wallace|,Jacob,Wallace,,,created,VrXtJET951nNPZwlPrKnHo
|james|wallace|,James,Wallace,,,created,wTjgcoDg50EL1gOxZpU0kK
|daniel|walleigh|,Daniel,Walleigh,,,created,zPVOnDPpVTVGv3qgVzjScj
|sarah|walleigh|,Sarah,Walleigh,,,created,BUwEA3l7w0Brg0vJAWRehD
|patrick|ward|,Patrick,Ward,,,created,y4BywqEWcbqV9HpVgfJHGU
|thomas|wamsley|,Thomas,Wamsley,,,created,VrXtJET951nNPZwlPrKoHe
|mary|walters|,Mary,Walters,,,created,VrXtJET951nNPZwlPrKoD4
|mary|ward|,Mary,Ward,,,created,y4BywqEWcbqV9HpVgfJH8M
|robert|waln|,Robert,Waln,,,created,VrXtJET951nNPZwlPrKo8U
|william|warnock|,William,Warnock,,,created,VrXtJET951nNPZwlPrKp3k
|dorothy|warner|,Dorothy,Warner,,,created,VrXtJET951nNPZwlPrKp8K
|george|warren|,George,Warren,,,created,BUwEA3l7w0Brg0vJAWRfvz
|eliza|warnock|,Eliza,Warnock,,,created,BUwEA3l7w0Brg0vJAWRfgd
|charles|warren|,Charles,Warren,,,created,BUwEA3l7w0Brg0vJAWRfoJ
|mary|warren|,Mary,Warren,,,created,y4BywqEWcbqV9HpVgfJIhu
|rebecca|wayne|,Rebecca,Wayne,,,created,VrXtJET951nNPZwlPrKplG
|john|watson|,John,Watson,,,created,zPVOnDPpVTVGv3qgVzjV2F
|margaret|watson|,Margaret,Watson,,,created,VrXtJET951nNPZwlPrKpgg
|isaac|wayne|,Isaac,Wayne,,,created,BUwEA3l7w0Brg0vJAWRgvP
|george|weed|,George,Weed,,,created,y4BywqEWcbqV9HpVgfJJYk
|william|wayne|,William,Wayne,,,created,wTjgcoDg50EL1gOxZpU2yK
|elizabeth|weed|,Elizabeth,Weed,,,created,BUwEA3l7w0Brg0vJAWRhbd
|joshua|weaver|,Joshua,Weaver,,,created,BUwEA3l7w0Brg0vJAWRhjJ
|ruth ann|wayne|,Ruth Ann,Wayne,,,created,BUwEA3l7w0Brg0vJAWRhTx
|elizabeth|weisner|,Elizabeth,Weisner,,,created,y4BywqEWcbqV9HpVgfJKHS
|john|welch|,John,Welch,,,created,wTjgcoDg50EL1gOxZpU3eK
|anna|wells|,Anna,Wells,,,created,BUwEA3l7w0Brg0vJAWRimZ
|james|weedon|,James,Weedon,,,created,zPVOnDPpVTVGv3qgVzjX7p
|william|weightman|,William,Weightman,,,created,BUwEA3l7w0Brg0vJAWRiet
|john|wells|,John,Wells,,,created,y4BywqEWcbqV9HpVgfJLOY
|jesse|wells|,Jesse,Wells,,,created,wTjgcoDg50EL1gOxZpU4BK
|catherine|wells|,Catherine,Wells,,,created,VrXtJET951nNPZwlPrKquG
|john k.|wells|,John K.,Wells,,,created,BUwEA3l7w0Brg0vJAWRjeJ
|elizabeth|wells|,Elizabeth,Wells,,,created,BUwEA3l7w0Brg0vJAWRjWd
|margaret|wells|,Margaret,Wells,,,created,wTjgcoDg50EL1gOxZpU4fK
|jonathan|wells|,Jonathan,Wells,,,created,BUwEA3l7w0Brg0vJAWRkhZ
|mary|wells|,Mary,Wells,,,created,BUwEA3l7w0Brg0vJAWRkpF
|lydia|wells|,Lydia,Wells,,,created,zPVOnDPpVTVGv3qgVzjYtT
|lewis|wells|,Lewis,Wells,,,created,BUwEA3l7w0Brg0vJAWRkZt
|sarah|wells|,Sarah,Wells,,,created,BUwEA3l7w0Brg0vJAWRm0B
|john|welsh|,John,Welsh,,,created,zPVOnDPpVTVGv3qgVzjZwG
|peter|wells|,Peter,Wells,,,created,BUwEA3l7w0Brg0vJAWRlsV
|william|wells|,William,Wells,,,created,VrXtJET951nNPZwlPrKrnE
|josephine|welsh|,Josephine,Welsh,,,created,zPVOnDPpVTVGv3qgVzjZmI
|isabel|wentz|,Isabel,Wentz,,,created,VrXtJET951nNPZwlPrKsJI
|elizabeth|wernwag|,Elizabeth,Wernwag,,,created,VrXtJET951nNPZwlPrKsH0
|thomas|wentz|,Thomas,Wentz,,,created,zPVOnDPpVTVGv3qgVzjbE0
|samuel|welsh|,Samuel,Welsh,,,created,wTjgcoDg50EL1gOxZpU5gK
|elizabeth|wentz|,Elizabeth,Wentz,,,created,zPVOnDPpVTVGv3qgVzjb42
|elizabeth|wersler|,Elizabeth,Wersler,,,created,VrXtJET951nNPZwlPrKsgC
|elijah|wersler|,Elijah,Wersler,,,created,zPVOnDPpVTVGv3qgVzjcQl
|barbara|wersler|,Barbara,Wersler,,,created,BUwEA3l7w0Brg0vJAWRmkF
|catherine|wersler|,Catherine,Wersler,,,created,zPVOnDPpVTVGv3qgVzjcGn
|lewis|wernwag|,Lewis,Wernwag,,,created,zPVOnDPpVTVGv3qgVzjc6p
|john g.|wersler|,John G.,Wersler,,,created,VrXtJET951nNPZwlPrKt0o
|george|wersler|,George,Wersler,,,created,VrXtJET951nNPZwlPrKswE
|john|wersler|,John,Wersler,,,created,zPVOnDPpVTVGv3qgVzjdJa
|henry|wersler|,Henry,Wersler,,,created,zPVOnDPpVTVGv3qgVzjddW
|jacob|wersler|,Jacob,Wersler,,,created,zPVOnDPpVTVGv3qgVzjdTY
|daniel|west|,Daniel,West,,,created,y4BywqEWcbqV9HpVgfJPz4
|margaret|wersler|,Margaret,Wersler,,,created,wTjgcoDg50EL1gOxZpU7rK
|william|wersler|,William,Wersler,,,created,VrXtJET951nNPZwlPrKtUa
|maria|wersler|,Maria,Wersler,,,created,zPVOnDPpVTVGv3qgVzjelI
|milton|wersler|,Milton,Wersler,,,created,zPVOnDPpVTVGv3qgVzjebK
|caroline|wetherill|,Caroline,Wetherill,,,created,wTjgcoDg50EL1gOxZpU8UK
|catherine|westler|,Catherine,Westler,,,created,wTjgcoDg50EL1gOxZpU8aK
|david|west|,David,West,,,created,zPVOnDPpVTVGv3qgVzjfZ8
|casper|westler|,Casper,Westler,,,created,BUwEA3l7w0Brg0vJAWRoj5
|elizabeth|west|,Elizabeth,West,,,created,wTjgcoDg50EL1gOxZpU8OK
|mary|wetherill|,Mary,Wetherill,,,created,VrXtJET951nNPZwlPrKuiA
|john|wetherill|,John,Wetherill,,,created,wTjgcoDg50EL1gOxZpU9GK
|arthur|wheatley|,Arthur,Wheatley,,,created,BUwEA3l7w0Brg0vJAWRpu1
|charles|wheatley|,Charles,Wheatley,,,created,BUwEA3l7w0Brg0vJAWRqDD
|edward|wetherill|,Edward,Wetherill,,,created,BUwEA3l7w0Brg0vJAWRpmL
|martha|wheatley|,Martha,Wheatley,,,created,y4BywqEWcbqV9HpVgfJRgk
|jane|wheatley|,Jane,Wheatley,,,created,VrXtJET951nNPZwlPrKvPg
|abraham|whisler|,Abraham,Whisler,,,created,BUwEA3l7w0Brg0vJAWRr17
|christian|whisler|,Christian,Whisler,,,created,y4BywqEWcbqV9HpVgfJRos
|andrew|whisler|,Andrew,Whisler,,,created,BUwEA3l7w0Brg0vJAWRqtR
|jacob|whisler|,Jacob,Whisler,,,created,y4BywqEWcbqV9HpVgfJSbe
|francis|whisler|,Francis,Whisler,,,created,zPVOnDPpVTVGv3qgVzjiIa
|henry|whisler|,Henry,Whisler,,,created,zPVOnDPpVTVGv3qgVzjiDb
|john wolf|whisler|,John Wolf,Whisler,,,created,wTjgcoDg50EL1gOxZpUAiK
|john|whisler|,John,Whisler,,,created,BUwEA3l7w0Brg0vJAWRrp1
|joshua|whisler|,Joshua,Whisler,,,created,y4BywqEWcbqV9HpVgfJTCE
|david|whitaker|,David,Whitaker,,,created,wTjgcoDg50EL1gOxZpUBLK
|mary|whisler|,Mary,Whisler,,,created,wTjgcoDg50EL1gOxZpUBFK
|joseph|whisler|,Joseph,Whisler,,,created,BUwEA3l7w0Brg0vJAWRsw7
|magdalen|whisler|,Magdalen,Whisler,,,created,zPVOnDPpVTVGv3qgVzjjGO
|james|whitaker|,James,Whitaker,,,created,y4BywqEWcbqV9HpVgfJTz0
|sarah|whitaker|,Sarah,Whitaker,,,created,y4BywqEWcbqV9HpVgfJU78
|joseph|whitaker|,Joseph,Whitaker,,,created,y4BywqEWcbqV9HpVgfJTqs
|samuel|whitaker|,Samuel,Whitaker,,,created,BUwEA3l7w0Brg0vJAWRtzN
|grace|whitaker|,Grace,Whitaker,,,created,BUwEA3l7w0Brg0vJAWRtrh
|davis|whitting|,Davis,Whitting,,,created,BUwEA3l7w0Brg0vJAWRuux
|william|whitby|,William,Whitby,,,created,y4BywqEWcbqV9HpVgfJUtu
|robert|white|,Robert,White,,,created,zPVOnDPpVTVGv3qgVzjkn5
|james|white|,James,White,,,created,BUwEA3l7w0Brg0vJAWRunH
|christina|widdess|,Christina,Widdess,,,created,zPVOnDPpVTVGv3qgVzjkx3
|john|wilkinson|,John,Wilkinson,,,created,y4BywqEWcbqV9HpVgfJW54
|thomas|widdess|,Thomas,Widdess,,,created,wTjgcoDg50EL1gOxZpUCtK
|abraham|williams|,Abraham,Williams,,,created,BUwEA3l7w0Brg0vJAWRvmh
|b. f.|williams|,B. F.,Williams,,,created,BUwEA3l7w0Brg0vJAWRvf1
|joseph|wilcox|,Joseph,Wilcox,,,created,zPVOnDPpVTVGv3qgVzjlps
|daniel|williams|,Daniel,Williams,,,created,y4BywqEWcbqV9HpVgfJWji
|john|williams|,John,Williams,,,created,zPVOnDPpVTVGv3qgVzjmng
|david b.|williams|,David B.,Williams,,,created,wTjgcoDg50EL1gOxZpUDNK
|james|williams|,James,Williams,,,created,zPVOnDPpVTVGv3qgVzjmdi
|johanthan|williams|,Johanthan,Williams,,,created,VrXtJET951nNPZwlPrKyW4
|margaret|williams|,Margaret,Williams,,,created,y4BywqEWcbqV9HpVgfJXWU
|mary|williams|,Mary,Williams,,,created,zPVOnDPpVTVGv3qgVzjoAP
|letitia|williams|,Letitia,Williams,,,created,y4BywqEWcbqV9HpVgfJXSQ
|joseph|williams|,Joseph,Williams,,,created,y4BywqEWcbqV9HpVgfJXGE
|lewis|williams|,Lewis,Williams,,,created,zPVOnDPpVTVGv3qgVzjo0R
|rachel|williams|,Rachel,Williams,,,created,VrXtJET951nNPZwlPrKzMk
|thomas|williams|,Thomas,Williams,,,created,wTjgcoDg50EL1gOxZpUEjK
|rebecca|williams|,Rebecca,Williams,,,created,BUwEA3l7w0Brg0vJAWRy8Z
|samuel|williams|,Samuel,Williams,,,created,VrXtJET951nNPZwlPrKzFs
|sarah|williams|,Sarah,Williams,,,created,BUwEA3l7w0Brg0vJAWRy0t
|mary|williamson|,Mary,Williamson,,,created,y4BywqEWcbqV9HpVgfJZQM
|william k.|williams|,William K.,Williams,,,created,wTjgcoDg50EL1gOxZpUFhK
|w. s.|williams|,W. S.,Williams,,,created,wTjgcoDg50EL1gOxZpUFbK
|thomas|williamson|,Thomas,Williamson,,,created,VrXtJET951nNPZwlPrKzqW
|walker|williams|,Walker,Williams,,,created,zPVOnDPpVTVGv3qgVzjpIB
|andrew|wilson|,Andrew,Wilson,,,created,y4BywqEWcbqV9HpVgfJaXS
|alexander|wilson|,Alexander,Wilson,,,created,VrXtJET951nNPZwlPrL0I0
|william|williamson|,William,Williamson,,,created,y4BywqEWcbqV9HpVgfJaPK
|david|wilson|,David,Wilson,,,created,wTjgcoDg50EL1gOxZpUGQK
|annie h.|wilson|,Annie H.,Wilson,,,created,BUwEA3l7w0Brg0vJAWRzkN
|lawrence|wilson|,Lawrence,Wilson,,,created,VrXtJET951nNPZwlPrL0aK
|phebe|wilson|,Phebe,Wilson,,,created,zPVOnDPpVTVGv3qgVzjqos
|john|wilson|,John,Wilson,,,created,zPVOnDPpVTVGv3qgVzjqeu
|isaac|wilson|,Isaac,Wilson,,,created,wTjgcoDg50EL1gOxZpUHCK
|james|wilson|,James,Wilson,,,created,BUwEA3l7w0Brg0vJAWS0jn
|john|wirtz|,John,Wirtz,,,created,y4BywqEWcbqV9HpVgfJbaU
|ephraim|wismer|,Ephraim,Wismer,,,created,y4BywqEWcbqV9HpVgfJbic
|rachel|wilson|,Rachel,Wilson,,,created,zPVOnDPpVTVGv3qgVzjrrf
|sarah|wilson|,Sarah,Wilson,,,created,wTjgcoDg50EL1gOxZpUI1K
|mary|wirtz|,Mary,Wirtz,,,created,BUwEA3l7w0Brg0vJAWS1MB
|henry|wismer|,Henry,Wismer,,,created,y4BywqEWcbqV9HpVgfJcha
|margaret|wismer|,Margaret,Wismer,,,created,y4BywqEWcbqV9HpVgfJcpi
|jacob|wismer|,Jacob,Wismer,,,created,wTjgcoDg50EL1gOxZpUIhK
|joseph|witham|,Joseph,Witham,,,created,wTjgcoDg50EL1gOxZpUInK
|john|wismer|,John,Wismer,,,created,BUwEA3l7w0Brg0vJAWS22P
|deborah|wood|,Deborah,Wood,,,created,y4BywqEWcbqV9HpVgfJdog
|james|wood|,James,Wood,,,created,y4BywqEWcbqV9HpVgfJdwo
|william|woolerton|,William,Woolerton,,,created,wTjgcoDg50EL1gOxZpUJTK
|henry|woodman|,Henry,Woodman,,,created,zPVOnDPpVTVGv3qgVzju7D
|abishai|woodman|,Abishai,Woodman,,,created,zPVOnDPpVTVGv3qgVzjuHB
|lewis|worthington|,Lewis,Worthington,,,created,VrXtJET951nNPZwlPrL2FO
|caroline|worthington|,Caroline,Worthington,,,created,zPVOnDPpVTVGv3qgVzjvit
|sarah|workizer|,Sarah,Workizer,,,created,y4BywqEWcbqV9HpVgfJf3u
|ann|workizer|,Ann,Workizer,,,created,zPVOnDPpVTVGv3qgVzjvYv
|john|workizer|,John,Workizer,,,created,BUwEA3l7w0Brg0vJAWS31p
|george|wright|,George,Wright,,,created,wTjgcoDg50EL1gOxZpUKXK
|marietta|wright|,Marietta,Wright,,,created,VrXtJET951nNPZwlPrL2jA
|philip|wrapp|,Philip,Wrapp,,,created,VrXtJET951nNPZwlPrL2ea
|joseph|wright|,Joseph,Wright,,,created,BUwEA3l7w0Brg0vJAWS3aN
|anna|wright|,Anna,Wright,,,created,wTjgcoDg50EL1gOxZpUKdK
|william|yardley|,William,Yardley,,,created,y4BywqEWcbqV9HpVgfJhQE
|mahalaleel|yarnall|,Mahalaleel,Yarnall,,,created,wTjgcoDg50EL1gOxZpULYK
|john|wurtz|,John,Wurtz,,,created,wTjgcoDg50EL1gOxZpULeK
|jane|yarnall|,Jane,Yarnall,,,created,y4BywqEWcbqV9HpVgfJhI6
|john|yarnall|,John,Yarnall,,,created,BUwEA3l7w0Brg0vJAWS4S7
|david|young|,David,Young,,,created,wTjgcoDg50EL1gOxZpUMoK
|john|yeager|,John,Yeager,,,created,VrXtJET951nNPZwlPrL41K
|john|yellis|,John,Yellis,,,created,VrXtJET951nNPZwlPrL45u
|mary|yost|,Mary,Yost,,,created,y4BywqEWcbqV9HpVgfJivi
|frederick|yost|,Frederick,Yost,,,created,BUwEA3l7w0Brg0vJAWS5G1
|phebe|young|,Phebe,Young,,,created,VrXtJET951nNPZwlPrL4gY
|george|young|,George,Young,,,created,wTjgcoDg50EL1gOxZpUNsK
|sophia|young|,Sophia,Young,,,created,VrXtJET951nNPZwlPrL4pi
|peter|young|,Peter,Young,,,created,VrXtJET951nNPZwlPrL4l8
|oliver|young|,Oliver,Young,,,created,BUwEA3l7w0Brg0vJAWS7Er
|isaac|zimmerman|,Isaac,Zimmerman,,,created,y4BywqEWcbqV9HpVgfJlcM
|magdelena|youngblood|,Magdelena,Youngblood,,,created,y4BywqEWcbqV9HpVgfJlkU
|john|youngblood|,John,Youngblood,,,created,wTjgcoDg50EL1gOxZpUOYK
|jacob|zimmerman|,Jacob,Zimmerman,,,created,VrXtJET951nNPZwlPrL5Se
|esther|zimmerman|,Esther,Zimmerman,,,created,y4BywqEWcbqV9HpVgfJlUE
|joshua|zimmerman|,Joshua,Zimmerman,,,created,wTjgcoDg50EL1gOxZpUPBK
|abraham|zook|,Abraham,Zook,,,created,wTjgcoDg50EL1gOxZpUPEK
|william|zimmerman|,William,Zimmerman,,,created,wTjgcoDg50EL1gOxZpUPKK
|barbara|zook|,Barbara,Zook,,,created,y4BywqEWcbqV9HpVgfKJJW
|david|zook|,David,Zook,,,created,wTjgcoDg50EL1gOxZpUPQK
|mary|zook|,Mary,Zook,,,created,wTjgcoDg50EL1gOxZpUQRK
|henry|zook|,Henry,Zook,,,created,VrXtJET951nNPZwlPrL6QC
|elizabeth|zook|,Elizabeth,Zook,,,created,wTjgcoDg50EL1gOxZpUQLK
|robert|zook|,Robert,Zook,,,created,BUwEA3l7w0Brg0vJAWSe7D
|john|zook|,John,Zook,,,created,wTjgcoDg50EL1gOxZpUQXK
