"clipID","date","source","content","keywords","key1","key2","key3","key4","key5","key6","key7","title","type","Privatenotes","public","facilitators"
"941","2026-05-09","The Lincoln Institution by Mike Bertram and Heidi Sproat","References and Notes

The reference labels below have been devised especially for this article. They are grouped as follows:

CAR - Carlisle Indian Industrial School

D - documents in the TEHS Document database, the number in the label is the document number in the database

GPGN - Greater Philadelphia GeoHistory Network

LI - Lincoln Institution, followed by a sequential number

MFarm - Meade Farm

MMC - Mary McHenry Cox, followed by a sequential number

SOS - Soldiers’ Orphans School, followed by a sequential number



[CAR1] See article in Red Man,
(https://carlisleindian.dickinson.edu/sites/default/files/docs-publications/RedMan_v11n07_1.pdf)



[D729] The Autobiography of ah-nen-la-de-ni (Daniel La France) 
(documents.tehistory.org/docs/doc729.html)

[D731] See Richard Pratt letter to the Commissioner of Indian Affairs 
(documents.tehistory.org/docs/doc731.html)

[D733] Cox-M’Henry marriage, Philadelphia Times, 4th June 1880. 
(documents.tehistory.org/docs/doc733.html).

[D763] Pupils transferring to Carlisle 
(documents.tehistory.org/docs/doc763.html)

[D766] The sale deed to Emily Exley includes a description of the change in charity names and mergers. 
(documents.tehistory.org/docs/doc766.html)

[D782] A transcription of the Indian Rights Association report on the Educational Home 
(documents.tehistory.org/docs/doc782.html)

[D785] Items from the Superintendent of the Soldiers Orphans’ Schools, Reports 1881 to 1885. 
(documents.tehistory.org/docs/doc785.html)

[D788] Photographs of the orphans at the Lincoln Institution 11th Street site 
(documents.tehistory.org/docs/doc788.html)

[D798] A CONSIGNMENT OF SIOUX BRAVES AND PAPOOSES AT SCHOOL from the Philadelphia Times. 1884 
(documents.tehistory.org/docs/doc798.html)

[D801] An Analysis of Indian Deaths at the Lincoln Institution, 
(documents.tehistory.org/docs/doc801.html)

[D833] Woodlands Cemetery, 
(documents.tehistory.org/docs/doc833.html)

[D837] An Analysis of Soldiers Orphan’s Deaths at the Lincoln Institution, 
(documents.tehistory.org/docs/doc837.html)

[D854] Indians at School, an article in the Sonoma Democrat, 1884, 
(documents.tehistory.org/docs/doc854.html)

[D867] An analysis of the scholarships 
(documents.tehistory.org/docs/doc867.html)

[D871] A detailed description of the Organization of the Lincoln Institution 
(documents.tehistory.org/docs/doc871.html)

[D872] A Description of the Meade Farm 
(documents.tehistory.org/docs/doc872.html)

[D873] A description of the interior of the Educational Home 
(documents.tehistory.org/docs/doc873.html)

[D874] Testimonials concerning some of the orphans from their employers 
(documents.tehistory.org/docs/doc874.html)

[D876] A List of the entertainments organized for the orphans for 1881 
(documents.tehistory.org/docs/doc876.html)

[D877] A list of employers’ businesses 
(documents.tehistory.org/docs/doc877.html)

[D879] An analysis of the lengths of stay for Indian boys at the Lincoln Institution 
(documents.tehistory.org/docs/doc879.html)

[D883] See a Transcription of the George Jackson statement 
(documents.tehistory.org/docs/doc883.html)

[D909] See article from City & State newspaper 
(documents.tehistory.org/docs/doc909.html)

[D915] For a List of testimonials and newspaper articles on the complaint 
(documents.t ehistory.org/docs/doc915.html)

[D917] An analysis of the Indian boys training 
(documents.tehistory.org/docs/doc917.html)





[GPGN] The Philadelphia maps can be found at the Greater Philadelphia GeoHistory Network,
(https://www.philageohistory.org/tiles/viewer/)



[LI1]A lithograph of Lincoln Institution can be found in many of the Superintendent of Soldiers Orphans’ Schools annual reports. 2024 Photograph by Mike Bertram.

[LI2] See a list of the documents associated with the Lincoln Institution 
(../LI.php?key1=Lincoln)

[LI3] Lithograph of the Educational Home from the 16th Annual Report of the Lincoln Institution, 1888. 
(https://archive.org/details/DKC0239)

[LI4] Lincoln Institution Annual Reports for 1867, page 10 and for 1868, page 8.

[LI5] For example, donations for 1884 were: One bottle Communion Wine, from Mrs. Evan Randolph; 12 bottles Jayne’s Expectorant, from Dr. D. Jayne & Son; lot of Toys, 1 large Foot Ball, 4 Turkeys, 8 doz. Oranges, 2 bottles Communion Wine, from Mrs. C. H. Clark; large lot of Corn. Cabbage, Beans and Peas, from Lincoln Institution; 1 bottle Communion Wine, from Mrs. A. H. Harrison; lot of Children’s Papers, from Mrs. J. Minis Hays; 1 barrel Apples, from Dr. J. C. Norris; 3 bushels Pea Nuts, 3 boxes Oranges, from Geo Boyd & Son; 1 bottle Communion Wine, from Miss Magee; 1 Iron Sill Strip for front door, from Mr. S. J. Cresswell; lot of Linen for Nursery and Fruit Baskets, from Mrs. Joshua Lippincott: 4 crates Cranberries, 6 Beef Tongues, from Mr. Boraef; 1 box Shellbarks, from Mrs. Ashbridge; 3 doz. Lemons, 6 Sick Wrappers, lot of Handsome Picture Books, 6 pairs Blankets, from Mrs. H. C. Gibson; lot of old Linen, from Mrs. John Pepper; large lot of Celery, from Christy & Rittenhouse; 1 barrel Flour, from L. Knowles & Co.; 1 Foot Ball, 10 New Suits Clothes, lot of New Books, 4 boxes Scrubbing Powder, from Mrs. Ashhurst; 2 suits Clothes, lot of Coats, from Hoyt & Co.; 100 Cocoanuts, from Mr. H. Benners; 2 gallons Whisky, from Mr. H. C. Gibson; 60 lbs. Mince Meat, from Atmore & Son; 6 balls Twine, from H. Mason; 200 labels for Toys, from Mr. John Spence; large lot of Cottage Cheese and Buttermilk, from a friend; donations of money for Easter Eggs, from Mrs. C H. Clark, Mrs. J. D. Lippincott, Mrs. F. A. Dick, Mrs. Gross Mrs. Gibson, Miss Brooks, Miss Israel, Mrs. Wm. Lippincott, Mrs. Richards, Mrs. Randolph; one year’s subscription to ‘The Sheltering Arms’ of New York, ‘The Register of the Philadelphia Society for Organizing Charity,’ and the ‘West Philadelphia Public Telephone,’ from the Editors.

[LI6] The Employers’ Google map 
(https://www.the2nomads.site/LIemployers/LImap.html)

[LI7] BOYS PADDLED AT THE LINCOLN HOME, Philadelphia Times, 8/18/1881 
(doc799.html)
And THE ORPHAN’S PlAINTS, Philadelphia Times 8/20/1881 
(doc792.html)

[LI8] THE LINCOLN HOME INVESTIGATION, Philadelphia Times 9/28/1881 
(doc794.html)
ANOTHER VINDICATION, Philadelphia Inquirer 9/24/1881 
(doc796.html)
REPORT OF THE COMMITTEE, Philadelphia Inquirer, 10/15/1881 
doc800.html

[LI9] There are now many books on the Indian Schools in the United States (similar schools existed in Canada), for examples: A Final Promise; the campaign to Assimilate the Indians by Frederick E. Hoxie, University of Nebraska Press, 1984; Kill the Indian, Save the Man; the genocidal impact of American Indian Residential Schools by Ward Churchill, City Light Books, 2004; Education for Extinction; American Indians and the Boarding School Experience, 1875 - 1928 by David Wallace Adams, University Press of Kansas, 1995 and 2020.

The way the Native Americans were treated was greatly admired by the Nazi Party in the 1930s. A comparison between the United States situation and the Nazi plans can be found in The American West and the Nazi East, a comparative and interpretative perspective by Carroll P. Kakel III, Palgrave Macmillan, 2011. 

[LI10] In 2022 the Department of Interior published a Review of the Indian Schools. 
(https://www.bia.gov/sites/default/files/dup/inline-files/bsi_investigative_report_may_2022_508.pdf?itid=lk_inline_enhanced-template. [last accessed 04/03/2026])

The Appendices are in a separate document 
(https://www.bia.gov/sites/default/files/dup/inline-files/appendix_a_b_school_listing_profiles_508.pdf)

[LI11] See Indians at Spread Eagle from the Philadelphia Inquirer 
(doc725.html) 
Indian Girl Pupils from the Philadelphia Times 
(doc726.html),
and Indian Girls at Eagle, also from the Philadelphia Times 
(doc734.html)

[LI12] Geronimo’s group was split up on their surrender, the adults being imprisoned in Florida, while the children were sent to Indian schools; but none were sent to the Lincoln Institution.

[LI13] Bob Goshorn was the President of the Tredyffrin Easttown Historical Society from 1978 to 1981. In 1978 he wrote an article on Ponemah 
(https://www.tehistory.org/hqda/html/v25/v25n1p020.html) 
The article was Republished in 2009 with additional photographs 
(https://www.tehistory.org/hqda/pdf/v46/v46n4p108.pdf.) 
It was this article that inspired the research into the Lincoln Institution.

[LI14] The Song of Hiawatha by Henry Wadsworth Longfellow XXII. Hiawatha’s Departure - finale

Thus departed Hiawatha,
Hiawatha the Beloved,
In the glory of the sunset,
In the purple mists of evening,
To the regions of the home-wind,
Of the Northwest-Wind, Keewaydin,
To the Islands of the Blessed,
To the Kingdom of Ponemah,
To the Land of the Hereafter! 

[LI15] “We Have No Tribes” by Lena Lannutti, The Pennsylvania Magazine of History and Biography, vol. 1158, #1 (January 2024).

[LI16] A list of the Newspaper reports on the Lincoln Institution Phase 3
(../LI.php?key1=Lincoln&key2=Phase3)

[LI17] A list of the Newspaper articles during Phase 4 
(../LI.php?key1=Lincoln&key2=Phase4) 

[LI18] Photographs of many of the Annual Reports are available. (https://drive.google.com/file/d/1Z085Jb5plDROXd0kekk3cSzyakqf2HF6/view)

[LI19] A Spreadsheet showing which annual reports are available and links to photos of the reports (https://docs.google.com/spreadsheets/d/13ADXRjwtA7g4KbMTsiqtTwxlDwIfjLJg/edit?gid=1379349224#gid=1379349224)

[LI20] A spreadsheet containing all the information found about orphans at the Lincoln Institution (https://docs.google.com/spreadsheets/d/1rhrn0DhddnVrGAt9dUAAxXc1EjAmomVPDWKo6V5vZW4/edit?gid=0#gid=0)

[LI21] A spreadsheet containing all the information found about Indians at the Lincoln Institution (https://docs.google.com/spreadsheets/d/1aAzcy0TGx6N_40PaDb2wOIt6kVzJGCts/edit?gid=1725416739#gid=1725416739)



[MFarm]A good example of the way issues were handled is the Meade Farm. This farm of 627 acres was in the Dakotas (now the South Dakota part) and was set up in 1880. Further reports were produced in 1881 and 1882 (see documents.tehistory.org/docs/doc872.html for details of the farm). After that entry the annual reports stopped mentioning the farm. The obituary to the farm is in the form of an entry in the 1886 accounts for the payment of back-taxes.



[MMC1] A list of published documents concerning Mary McHenry Cox
(../LI.php?key1=Lincoln&key6=MMC). 

[MMC2] Mary McHenry Cox’s report on her visit to South Dakota 
(doc914.html)

See also reference D733.



[SOS1]	Schools included were: Bridgewater School, Bucks County; Chester Springs, Dayton, Harford, Lincoln Institution, Loysville, Mansfield, McAllisterville, Mercer, Mount Joy, St. Paul’s, Butler County; Soldiers’ Orphan Institute, Uniontown, and White Hall. These schools were segregated. See the Annual Report of the Superintendent of Soldiers’ Orphans for 1881, which includes lithographs of all the schools.
(https://babel.hathitrust.org/cgi/pt?id=mdp.39015069457474&seq=15&q1=bolden&view=1up)

[SOS2] A history of the Orphans’ Schools is available as a book The Civil War Soldiers’ Orphan Schools of Pennsylvania, 1864 - 1889 by Dr. O. David and Martha Gold, Pendragon, 2016.

See also reference D785.



Version history

Version 2.7, 4/26 First HTML version






var coll = document.getElementsByClassName(""collapsible"");
var i;

for (i = 0; i < coll.length; i++) {
  coll[i].addEventListener(""click"", function() {
    this.classList.toggle(""active"");
    var content = this.nextElementSibling;
    if (content.style.maxHeight){
      content.style.maxHeight = null;
    } else {
      content.style.maxHeight = content.scrollHeight + ""px"";
    } 
  });
}
",NULL,"Lincoln",,,,,,,"References and Notes for the article 'The Lincoln Institution'","document",NULL,"1","Mike Bertram and Heidi Sproat"
"942","1887 - 1892","Purchased on eBay","Wichita Indians

At the Carlisle school many photographs were taken of groups of Indian students. We did not think that similar photos were taken of Lincoln Institution Indian students, but recently we came across the following photo of 11 Wichita boys.

The boys are: top row: Wah-kish (Edward Moore); Jeks (Chester Collins); Indian name unknown (Philip Hendrix); Indian name unknown (Hall Stevenson); Ne-do (James Ross). Middle row: Indian name unknown (Charles Ross); Ohdo (Ray Hendrix); Indian name unknown (Oliver Standing); Do-dits-se-ah (William Luther), Indian name unknown (Roland Stevenson). Bottom row: Indian name unknown (Lynn Casard).

The photo was taken between 1887 and 1892, which was the period that most of the boys attended the Lincoln Institution. 

",NULL,"Lincoln","Phase 2",,,,,,"Wichita Indians","photo",NULL,"1","Heidi Sproat and Mike Bertram"
"943","1928","Published book","Luther Standing Bear was a Sioux Indian, and the son of a chief, who had heard of the Indian School being set up in Carlisle. So, he made his way to Carlisle only to find there was nobody there as Richard Pratt, the director, was away trying recruit Indians for the school. He was thereby the first pupil at Carlisle and he became a prized pupil. When the Wanamakers requested 2 Indians to come and work at their store in center-city Philadelphia, he was the first choice.

While he was working at Wanamakers he lived in the Educational Home. There he witnessed the first efforts of Mary McHenry Cox to bring Indian boys to the Lincoln Institution school. At the weekends he would join with the other Indians at the Home in their singing and music-making. 

Luther wanted to stay on at Wanamakers but not to live at the Educational Home. He could not find anyone who was willing to provide board for him in Philadelphia. In the end he returned to Carlisle and then his Reservation, where he started his career, which included being part of Buffalo Bill’s Wild West Show and acting in movies.

References and Notes

https://en.wikipedia.org/wiki/Luther_Standing_Bear

My People, the Sioux by Luther Standing Bear, 1928. Reprinted by Acadia Press, 2017





",NULL,"Lincoln","Phase2",,,,,,"My People, The Sioux","Book",NULL,"1","Heidi Sproat and Mike Bertram"
"944","2026","TEHS Quarterly article and others.","Tredyffrin Easttown Historical Society Presidents

Samuel Paul Teamer, 1936 - d. 6/24/1940

Franklin L. Burns, 1940 - 1942

Mrs. Hilda E. Heagy, 1943

Dr. John Alden Mason, 1944

Mrs. Ruth D. L. Mansley, 1945

Mrs. Mildred F. Bradley, 1946, 1947

Mrs. Phoebe Phillips Prime, 1948 - 1949

Mrs. Emily Johnson Peirce, 1950 - 1951

Franklin Wiseman Wandless, 1952 - 1953, 1956 - 1957

Mrs. Louise Hines Kneass, 1954-

Franklin Wiseman Wandless, -1955 (acting president) 

Franklin Wiseman Wandless, 1958 - 1959, 1960 - d. 9/1/1960

Miss Katharine M. Stroh, 1961 (acting president), 1962 - 1963

Conrad Wilson, 1964 - 1965

Miss Myrtle Wandless, 1966 - 1967 - d. 1/1/1968

Elinor Janney Detterline, 1968 - 1971, 1976 - 1977 

Joseph Janney Read, 1972 - 1975

Robert M. Goshorn, 1978 - 1981

Eva Davies Noll, 1982 - 1983

R. Leighton Haney, 1984 - 1987

Grace Kugler Winthrop, 1988 - 1989

Virginia Beidler Mentzer, 1990 - 1991

C. Herbert Fry, 1992 - 1995

L. G.“Skip” Eichner, 1996 - 1999, 2000 - 2002 (President pro tem)

Roger D. Thorne, 2003 - 2012

Michael Morrison, 2012 - 2016

John Senior, 2016 - present (2026)



References and Notes

List extracted from Tredyffrin Easttown Historical Society: A Short look at a Long History, by Herb Fry ,TEHS Quarterly, vol. 44, #4 (Fall 2007) with later additions.
(https://www.tehistory.org/hqda/html/v44/v44n4p121.html)",NULL,"TEHS",,,,,,,"Tredyffrin Easttown Historical Society Presidents","document",NULL,"1","Mike Bertram, Meg Wiederseim"
"945","2004","Easttown, Old in History, Young in Spirit, 1704 - 2004 by C. Herbert Fry","EASTTOWN

OLD IN HISTORY
YOUNG IN SPIRIT

1704 - 2004

BY C. HERBERT FRY

Introduction



6



Chapter 1: In the Beginning



8



Chapter 2: Colonial Period 1705-1760



16



Chapter 3: Pre-Revolutionary Period 1761-1774 



28



Chapter 4: Revolution and Early National Period 1775-1797 



38



Chapter 5: Turnpike Period 1798-1833



56



Chapter 6: Beginning of the Local Industrial and Educational Period 1834-1859



66



Chapter 7: Civil War and Reconstruction 1860-1875



78



Chapter 8: The Centennial Period 1876-1885



86



Chapter 9: Beginning of the Suburban Era 1886-1900 



96



Chapter 10: Rising of the Automobile Age 1901-1929 



110



Chapter 11: Depression, Defense, and Development 1930-1964



124



Chapter 12: Recording Recent Events 1965-2003



138



Sources



146



Index	



149



References and Notes

Document digitized by Meg Wiederseim and Mike Bertram, May 2026",NULL,"EastT",,,,,,,"Easttown, Old in History, Young in Spirit, 1704 - 2004","document",NULL,"1","Meg Wiederseim, Heidi Sproat, and Mike Bertram"
"946",NULL,"Easttown, Old in History, Young in Spirit, 1704 - 2004 by C. Herbert Fry","Introduction

As you drive west along route 30 from Philadelphia through the many towns of the “Main Line” you will eventually come to Berwyn in Easttown Township. If you look around there is little to remind you of the interesting history of the area, particularly as it relates to early America. In spite of this, the history of Easttown colors the reflections of 300 years and numerous generations as it weaves its way through the many eras of our past.

The purpose of this book is to tell the stories that have always surrounded Easttown, to follow the people who founded it and those who sustainted it as well as the legendary charachters who lived or frequented it over 300 years. It is considered a panoramic and colorful chronicle of Easttown growth and development over the years.

To set the stage for the Tricentennial History of Easttown the book begins with men of vision in England and other countries who were attracted by the promise of land. In the “Colonial Period” we learn how the early Dutch, Swedish and English obtained the land and how it was divided and divided again and passed along generation after generation. Although Easttown is not large it is amazing how often land changed hands and how many people were involved. The heritage and customs of these first settlers is highlighted, how they toiled to raise crops and homes, where roads were built to connect the settlements. The religions and their churches are described, as are their customs of birth, death and everyday life, who could vote and the inns where they voted, where social life centered.

This period of colonization transforms the raw land into farms and settlements and local goverment appears. We learn of the village of Cockletown, which in the future becomes Reeseville and finally Berwyn. We learn about the families who lived there. their properties and the dwellings in which they live. This in turn leads to the “Pre-Revolutionary Period” and the further establishment of the rural economy. Soon the residents of Easttown have a front row seat to military events in the War for Independence and we learn of the politics and the involvement of the people in this conflict. Some of the most decisive and exciting events of the war are detailed. We find the township had its share of hardships and heroes.

Following the war the country’s first pike or toll road pleased travelers and it passed through Easttown. The Philadelphia and Lancaster Turnpike followed much the same route as today’s Route 30 Lancaster Pike. This, in turn, we are told, brought taverns to the area, and as the communities grew, schools and churches. Law, too came to Easttown with a Justice of the Peace in 1800. Then came the railroad that cut through Berwyn and took much traffic from the turnpike and caused the decline of the “Tavern”.

The emergence of the railroad led to the beginning of local industry and, with this, population growth and expansion of educational facilities. Several small streams in the area provided waterpower and as a result textile and other mills were built, including a cigar factory. One o fthe mills was Wateroo Mill, which stands today. It became the first post office in Easttown. Then came steam power and gradually these country factories, so far from the markets and lacking cheap and quick transportation, becam abandoned and before long fell into ruins.

The Civil War soon followed and all its heroes and heartbreaks related to Easttown are chronicled here. A look at the politics of the area tells us how they caused changes in Easttown. Then comes a modest growth in population and some prosperity. Next is the aftermath of the war and the movement north of many former slaves who were no free.

Soon America was 100 years old and during this Centennial period of 1876 to 1885 the name Berwyn comes into being and is recognized by the United States Postal Office. The railroad made improvements , one of which they built the red brick Berwyn Train Station in 1881. Water pipes were laid, a library and private schools started, a general store opened in Berwyn, new homes were built and a real estate office appeared. The Wayne homestead becamea tourist attraction until pilfering became a problem. This was not the only crime that came to Berwyn, there was the “Hammer Hollow Gang”, but the Berwyn Protective Association soon put a stop to that. They even had a “Lancaster Avenue Improvement Association,” Progress abounded and Easttown began again to change.

As it developed it became one of the most popular suburbs on Philadelphia’s “Main Line” ... Just east of Berwyn, there was Devon, still in Easttown. It was created as a summer resort. New, large homes were built as resort hotels for the wealthy of Philadelphia. There were places to vacation and get away from the city. Then there wealthy landowners and horse breeders formed the Devon Horse Show in 1896. They needed a convenient place for their money, so Berwyn National Bank was opened. Young William Fritz took over his father’s lumber, coal, and feed business in 1885 (it’s still in the family at the same location). Easttown was still growing and in 1890 the population had doubled in 10 years. All sorts of social organizations came into being, including the fledgling Berwyn Fire Company. It was a time of many changes, from a sleepy town to a thriving active Main Line community.

The final chapters reveal the coming of the automobile and the many wonderful changes it made in Easttown. It includes new people, new industries, World War I, and the post-war era leading up to the “Great Depression,” even President Roosevelt’s WPA and what that brought to Berwyn. We then journey through the era of World War II, the space age and right up to 2004, introducing new people,as we go, until we have documented most everything.

And now it is time to celebrate Easttown’s 300 year Tricentennial ... a township this book proves is “Old in History ... Young in Spirit!” ",NULL,"EastT",,,,,,,"Introduction",NULL,NULL,"1","Meg Wiederseim, Heidi Sproat, and Mike Bertram"
"947","1705 - 1760","Easttown, Old in History, Young in Spirit, 1704 - 2004 by C. Herbert Fry","Chapter 1: In the Beginning

1681 - 1704

On September 15th, 1681 some Welshmen of means purchased 40,000 or 50,000 acres from William Penn (commonly known as the “Welsh Tract”).

{incorrect, it was not a purchase, it was an agreement that the area could be purchased by Welsh Quakers where they could have their own language and customs. It should also be noted that this was a verbal agreement (as were a lot of Penn’s early land sales)}

It was to have been in land lying contiguous, subject to local government of the Welsh Friends to whom the land was apportioned.

It included Haverford, Merion, Radnor, Tredyffrin, and subsequently the greater part of Newtown, Goshen, and Uwchland townships, for Penn was unable to redeem all of his promises of a separate colony or Welsh “barony.” This caused great dissatisfaction, especially after the division of counties cut the Welsh Quaker settlements in two, and they found themselves in a minority. Politically it probably kept some very able men out of office, but gave the death blow to a clan of citizens perpetuating a dialect, for the Welsh had dwelt for ages in proximity to the Englsh and yet preserved their own peculiar language, a language that was forgotten in America in less than three generations.

Wales was not and never had been a rich country. The people were poor, proud, and found it difficult to forgive a slight upon their dignity, but there are degrees of poverty, for some were not so poor that they were under the necessity of engaging in business, the so-called landed gentry. Yet they held that a man might follow any honorable calling or trade and remain a gentleman.

The prime motive that induced the Welshman to give up the impoverished land was to better his condition economically. Wales, too, was in the midst of religious dissentions and many non-conformists suffered persecution from the Established Church and longed to be free of religious conflicts.

Penn’s terms were liberal, 100 pounds sterling for 5000 acres, subject to a quit rent of one shilling for every 100 acres, payable upon the first day of March, forever; which last clause became a dead letter following the Revolution. Many were content to purchase 500 acres or less, and the more affluent were attended by numerous kinsmen, ostensibly as servants, anxious to partake in Penn’s bounty of 50 acres for each, and his guarantee of religious freedom.

Thus the early Welshmen flocked to the western shore of the Delaware. A sturdy, worthy people, more clannish and old fashioned than the English, Dutch, and Swedes who had proceeded them here, but they were the best in Wales. The women is tall beaver hats and outlandish cloaks, were good wives and mothers. They came to brighten up the waste places in the New World. Their fate, however, was not only to toil from sunrise to sunset, but by candle or fire light at night, and their joy to add the feminine touch to the home, to plant the flower garden in the few moments of leisure, and to initiate the young in the rudiments of book knowledge, often with the Bible as the only text book.

Like all other races, the Welsh brought with them all the prejudice of the old country, and the petty differences of crred continued to separate neighbors. Settlers living convenient to a meeting house not of their own persuasion underwent considerable hardship over the rough roads to the house of their own peculiar denomonation.

Although not included in the Welsh “barony,” Easttown did have 100 acres surveyed to Welsh settlers by its First Purchasers. Easttown originally was entirely in the possessionof three Englsih land speculators. Interestingly, the Easttown Welsh were Church of England men, not Quakers.

William Wood and William Sharlow, the latter a prosperous London merchant, appear to have been the so called “First Purchasers” of part of northern Easttown. James Claypoole, a friend of Penn’s, a member of the Free Society of Traders and the first prothonotary of Philadelphia, received a grant for a block of 1050 acres extending across the southwest part. These men were non-residents of Easttown although it is possible that Claypoole had someone is his employ clear off some ground near the present location of Leopard. Newtown “Street” was laid out north from Newtown to near the Easttown border in 1683.

{See the Easttown deed history here, which contradicts some of the statements in this section.}

The Welsh tract in Easttown made up less than 20% of the total township land. It was bounded on the west by the line of Newtown Street road north to what is today the Tredyffrin line. The eastern boundary passed from the corner of today’s Conestoga and Berwyn Baptist roads south across Lancaster avenue and down the little valley of the branch of Darby creek through the western partof Devon back to the border of Newtown. When in 1691 a deed was made by an heir of William Wood to Howell James for “a tract containing 500 acres on the upper end of Newtown,” a preliminary step had been taken in the history of Easttown.

“East Town” as it was originally written, was so called from its position in the county. Settlement was not rpurred by any outstanding resources, waterways, mineral assets or unusually fertile soil. Locations of early saw mills indicate that some of its terrain was covered with forests.A natural feature influencing the land was the many meandering tributaries of Darby creek.

The date assigned to formation of Easttown is 1704. It is first mentioned on the court records by the appointment of William Thomas as its constable, on December 27, 1704. The resident land owners in 1715 were Edward, Ellis, Owen and Morgan Hugh, Philip and John David, David Davis and John Harris, Hugh Jones, Evan Thomas, Richard Evans, and Thomas Edwards, all from Wales and nearly all Friends or Episcopalians. There were 21 taxable settlers in 1730, 25 in 1740, 39 in 1750, and 51 in 1760.

Tradition informs us that a blockhouse for defense against the Indians was erected on an Indian clearing in the northwest angle of Sugartown and Newtown roads, just south of Berwyn, and that the first religious services, some 15 or 20 years before St. David's Church was built, were held there. This clearing was also used by the early settlers as a burial ground.

The first known settlement on land in Easttown took place between 1703 and 1706 at what became know as Travelgwyn. The exact meaning or significance of the name is obscure, but it can be translated as ""white toil or trouble."" The most ancient deed to the Travelgwyn estate was in Welsh, which had to be produced and translated before the Ivesters could complete a more recent sale.

This tract is just south of Berwyn, on either side of Waterloo avenue and near the foot of Waters’ Hill, and is described in a lengthy deed dated December 4, 1706. 

The tract contained the original log cabin which has been described as a single-storied structure with double-pitched roof, one window and the door in front and a single window in the rear. It was possibly of two rooms, had a large open fireplace, and was situated east of the present stone farmhouse and near to a spring of water on the old Ivester farm, the cabin being last used as a chicken house. At this period Trav-el-gwyn was mostly in timber, the swamp a covert for woodcock, and the branch of the Darby creek swarmed with speckled trout. It was passed on in the family fifteen years later.

The foregoing owners were closely connected, Edward Hughs being a brother to Philip Davies’ wife and Evan Hughs a nephew of the last and son of Edward Hughs, former owner. Philip Davies evidently built the stone house sometime between 1706 and 1722.

On February 20, 1723, this estate was sold by Evan and Ann Hughes, of Easttown, to Griffith Hughes, clerk of Radnor, for 140 pounds. Here it is called Grove Hall, formerly Travelgwyn. The deed was signed by Evan Hughes and the mark of his wife Ann.

The Rev. Griffith Hughes graduated from Oxford in 1732, and was appointed rector of Radnor and Perkiomen (St. David’s and St. James’ Episcopal Churches), but here we find that he was in Radnor and Easttown at least ten years earlier as a clerk and doubtless a student under Rev. Weyman and Rev. Backhouse at St. David’s.

On August 2, 1735, “being the Eight Year of the reign of King George the second,” Griffith Hugh, Clerk, secured a mortgage loan of 95 pounds, 4 shillings from Mordecai Lewis of New Town. The mortgage land description is the first attempt to set forth the one hundred-acre tract by metes and bounds and the first mention of the old graveyard.

On February 13, 1743, by an indenture “Between Griffith Hughs, late of Easttown but now Rector of St. Lucy’s in the Island of Barbados, and John Hughs of Mirian in the County of Philadelphia, Yeoman, Attorney of the said Griffith Hughs Legally Constituted of the one part and Griffith James of Easttown afforsd, Yeoman, of the other part,” Griffith James came into possession of Grove Hall, or Travelgwyn, for the sum of 120 pounds and here he lived for over twenty years.

There is a tradition that his daughter Hannah in her girlhood planted an acorn in the southeast corner of the yard of that which is now known as the Waters’ place, from which grew the great white oak over two hundred fifty years old when it fell on March 24, 1996.

When Griffith James died he left a will dated August 24, 1764 which transferred the property to his wife Ann.

Ann James died October 27, 1773 leaving daughter Hannah sole heir of Grove Hall. Hannah married Whitehead Wetherby a son of Benjamin Wetherby, who was brother-in-law of Dr. Barnado Van Leer of Marple and one time innkeeper at the old Blue Ball Tavern on the Conestoga road.

There was little excitement or romance in the settlement of Easttown for the Indians were few and peaceable. Early in Colonial times the native families were settled upon small reservations: the Okehockings on about 500 acres in lower Willistown along the Ridley creek, another along the Brandywine; reservations that were respected but a little while by the white man. Indeed the Indian left so slight an impression upon our township that not a single native geographical name is in use today.

Both Penn and the early colonists have left some account of the so-called “Indian clearings” and the mulberry and peach trees growing thereon. However, not all are satisfied that these orchards originated with the Indians. While the red mulberry is a native of America, the peach is said to have been indigenous in Persia. It is possible that these orchards were planted with seed brought over by some of the earlier Swedish or Dutch fur traders.

While there was little need of fighting men in the early settlements, there was a great demand for able-bodied men skilled in swinging the ax and in clearing the ground. Penn recommended clearing 15 acres the first year and building a log house 18 x 30 feet, with a partition through the middle and another to divide one end in two smaller rooms, and with a loft over all with a floor of clapboards, and the ground floor of earth.

The forest, mostly deciduous, with more or less pine on the hills, was a century or more old. As it had been long the custom of the Indians to fire the fallen leaves and brush to facilitate the hunting of game, it was usually free of undergrowth and open enough to drive a horse and a light cart in many places.

The Old Lancaster (Conestoga) road, or the King’s highway as it was officially known, followed more or less faithfully an old Indian trail to the mouth of the Schuylkill, for the natives in traversing the backbone of the watershed between the Schuylkill and Delaware, followed the ridge, the path of least resistance. It was the first road, and is said to have been surveyed in 1700 from Philadelphia to the Susquehanna near the mouth of the Conestoga creek, though it was not completed until 1741.

The Provincial Council took the necessary action May 27, 1718, to lay out a road from the Brandywine to the Conestoga. On November 23, 1721, relative to dispute in parallel roads: “It is Ordered that the Road now and heretofore used leading from Philadelphia to Conestogoe, through the Townships of Meirion and Radnor, and laid out by the authority of this Government as far as Thomas Moore’s Mill (Downingtown) on the Brandy Wine River or Creek, be deemed the King’s Highway and public Road.”

They spelled road in those days with a capital “R”, but apparently the exact lines were still a matter of doubt or dispute, since on October 4, 1733, the commissioners appointed January 29, 1730/31 to lay out the road to Lancaster made report that they found it inadvisable to discover where it had been altered while the corn crop was growing, and it continued in an unsettled state until July 20, 1741, when a survey over the entire route was submitted and approved by Council.

It included the more than four miles through Tredyffrin and 292 feet in “East Town”, from the Willistown line to the upper line of Radnor, with 23 angles, and mentions the “Sign of the Ball,” or Blue Ball tavern.

Gulf road was a line of communication as early as 1690, though not officially laid out until 1748, and the Swedesford, in the valley, and the Darby, Newtown, and Sugartown roads were in place in 1700 substantially as today.",NULL,"EastT",,,,,,,"Chapter 1 In the Beginning, 1681 - 1704","document",NULL,"1","Meg Wiederseim, Heidi Sproat, and Mike Bertram"
"948","1705 - 1760","Easttown, Old in History, Young in Spirit, 1704 - 2004 by C. Herbert Fry","Chapter 2: Colonial Period

1705 - 1760

The rich limestone land of the nearby Great valley was greatly esteemed for agriculture from the start, and the settler thought himself fortunate enough indeed if his allotment fell short of a slice of the North or South Valley hills, which were considered worse than waste ground, the lurking places of the destructive “varmints,” yet, about 1700 certain Welshmen came into possession of land lying contiguous to the old Indian trail, later known variously as the King’s, Great, Provincial, Lancaster or Conestoga road, on the South Valley hills, as wood lots.

Nearly all of the early settlers, except the Germans, were wasteful of the timber. Grand old forests of oak, ash, walnut, maple, birch, hickory, chestnut, pine, cedar, hemlock etc., were felled and rolled in huge piles to be burned to clear the ground. A fine red walnut found near the banks of the Schuylkill was soon gone from this region after it became popular for Colonial furniture.

Doubtless many of the original dwellings were of logs, but as the Welsh were accustomed to stone houses in the old country and had many clever stone masons, thye lost little time in building permanently of limestone. Few examples of log houses exist today. The more or less temporary log hut had large flat stones for corner foundations, stick chimneys daubed with clay, beaten earth floors, moss and clay chinked-log sides, and thatched or split slab roofs.

Few tools were necessary in the construction of a primitive log hut, an accomplished woodsman could build it with no other tool but an ax. The logs were pushed up into place by means of stout pole skids until the walls were about six feet high, when door and window openings were made usually with a crosscut saw and the walls continued upward to the desired height. The door latch and hinges were ingeniously fashioned of wood, and in place of glass there were fastened to the windows the oiled hides of some thin skinned wild animal from which the fur has been removed. The windows were both small and few for the settler, so constrantly in the open, liked to feel the difference when he entered the house.

The Welsh were liberal providers. Before attempting work of any moment, great quantities of eatables and a liberal supply of alcoholic drinks were provided. Some few also learned to provide a hot weather drink compounded of vinegar, ginger and sweetened water, but no harvest seemed complete without strong drink in abundance and it was thought that no foundatiom could be laid, stone wall built, or barn timbers raised without the asistance of alcohol.

The masons constructed their scaffolds of heavy poles fresh from the woods and the put logs were bound to the scaffold poles by hickory withes, no nails being used. For a permanent building the shingles were if possible of pin oak, the kind that split in thin slabs sometimes four feet long, overlapped both ways and fastened with wooden pegs.

The floor was of wide mill-sawn oak plank, ripsawed edges to key, plowed and wedged with loose tongue sometimes when an extra tight floor was desired, and fastened by square pegs in round holes. All of this was done by hand. The plastering was generally done right on the bare stone wall, with the joists and floor boards of ceiling exposed. The partitions were made of wide boards, doubled with wide and overlapped joints, and the whole whitewashed every spring.

When lath were used they were of split oak. Mouldings were planed out by hand and when a carpenter arrived he brought a wagon load of tools and prepared to stay some time. The nails, hinges, locks and other hardware, if not duplicated in wood, were hand wrought by the local blacksmith.

For weeks or perhaps for months before a barn raising, the carpenter and his assistants cut, squared, mortised and bored the heavy timbers, until every piece was ready to hoist in place and the wooden pins driven home -	the work of the assembled neighborhood. A cedar bush lashed to the ridgepole, a relic of still earlier times when a bush on a cottage gable was the sign of ale brew sold within, reminded the owner that a treat was due, and if tradition may be relied upon, the old settlers were no less formidable as trenchermen and drinkers than at heavy labor. An old saw intimates that the Welsh were racially opposed to hard “bone” labor of any kind if a living might be obtained without, but the original colonists of this section were good honest workmen, skilled led in husbandry or craftsmenship and inured to hard labor. A settler might be forgiven almost any sin but the crime of laziness, which was a mortal offense to the whole colony.

Probably the Scotch-Irish pioneer of the hills found the local stone more difficult to quarry or more refractory to use, or perhaps they found the log house more satisfactory. At any rate many of them built substantially of oaken logs, squared and notched, chinked with a mixture of lime mortar and chopped straw. Such buildings had cellars with stout stone walls, and large stone chimneys, with floors and roofs of split oak, pine or cedar. It was the custom, whenever possible, to select the southern exposure of a hillslope, face the sun and bury the rear first story wall below frost level. Many of these buildings have endured for two hundred years and were accounted warmer than stone buildings in the winter.

The recla1mation of the virgin soil required almost super-human effort under a sun many degrees warmer than that to which the Welsh pioneer had been accustomed, and it is said that many of the more mature laborers succumbed soon after the turning of the soil. The young buried their elders in places long since forgotten and busied with the lush crops and the endless distractions incident to frontier life, recorded little of passing events. 

Mowers and reapers for a long time encased their lower extremities in rags as a protection against the rattlers, copperheads and the greatly dreaded “wamper” or “horned” snake (the fabulous “hoop” snake of our grand-daddies) and many believed that this reptile could put its tail in its mouth and roll about like an animated hoop.

We have no records of the dates of the extermination of the various wild animals. However, the “catamounts” (panthers or bobcats) were traced to their dens at Diamond rock, Prissy’s hollow, Mount Misery, the rocks below Leopard and other forgotten harbors and killed with the timber wolves and other stock destroying animals, the scalps of which early commanded a bounty.

The black bear and Virginia deer endured in the hill forests until some time after the beginning of the 19th century, for the Welsh were too busy to become great hunters. A great hollow chestnut tree nearly opposite the old “Black Swan” distillery below Neilley’s log cabin (north side of Old State road, almost within sight of Tredyffrin/Easttown Middle School) was the site of the killing of the last bear found in this vicinity; and an old chronicle states that about 1800, during a mild spell in midwinter, the deer came out of the North Valley hills to feed in the valley. (The deer now come out of Valley Forge Park.) Our National bird, the bald eagle, had its eyrie near Mount Joy until about 1845.

The extermination of carnivorous animals disturbed the balance of Nature and the crow, blackbird, squirrel, and other animals became so numerous as to become a nuisance, and it was found necessary to offer bounties for their scalps. In the aggregate a great sum was paid out for their suppression in Colonial times. As early as 1700 a bounty of three pence a dozen was paid for blackbirds and a like sum per head for crows. In 1749, Kalm, the Swedish traveler, stated that 64,000 black and gray squirrels were killed in the Province on a bounty of three pence each.

The Welsh, though less superstitious than the average emigrant, had a firm belief in the supernatural. Many planted, harvested, butchered, built fences, etc., according to the signs of the moon. They believed that to set out on a journey or begin any new work on Friday would bring bad luck. Quasi-religious belief in miraculous intervention of the Deity, in ghosts and supernatural warning of impending disaster, and that sudden death might outstrip the will of God, were not uncommon.

Perhaps some Welsh farmers believed that if Candlemas day was fair, one could look for six weeks more of winter; yet the quaint rhymester libeled him outrageously when he made him say that he:

Would rather see his wife on her bier
Than a fair second of Februeer.

They had plenty of horses and hogs, but the largest farms seldom kept many cows or sheep, for the reason that there was no local market for fresh meat or dairy products. Wheat was the staple or money crop; rye, flax, potatoes and hay were grown chiefly for home consumption. There was no apology for rye bread but there might be for pie when it appeared:

Here is a dried apple pie, it’s crust is made of rye;
It’s pretty tough, I hope it will be enough.

Although the soil and climatic conditions were best adapted to the Indian maise or corn, very little was raised at first since the settlers had not learned to esteem it. Still it gradually came into favor after they learned from the Indians that seed corn should be planted “when the oak leaf is as big as a squirrel’s ear,” or about the middle of May. The first grist mill in Tredyffrin was built along the Valley creek by Thomas Jarman in 1710; the same year Wm. Davie owned another on the Darby creek a mile below the Easttown border; Nathaniel Grubb had another (late Worrilow’s mill) on Crum creek. Therefore, the local farmer had less than a day’s journey to haul his grain.

The sugar maple does not seem to have been abundant here and the wild honey bee was unknown in America until brought over by the white settlers; “the Whiteman’s flies” as the Indians called them. Cane sugar, molasses and rum were early imported from the West Indies to Philadelphia.

A backwoods settlement is scarcely the place for all the refinements of civilization. There were crude customs and the people were habituated to many things that would now be considered real hardship. Many of the farmers attended meeting in homespun and cowhide boots. The younger generation went barefoot until well into cold weather; the soles of their feet in some instances became so hard and horny that they could crack open a chestnut burr with the bare heel, and, indeed, they felt very uncomfortable when obliged to encase their feet in leather.

In the “good old times” underclothing was not known; abundance of hard work and plain food took its place. Bathing was seldom indulged in during the winter season; an outdoor life made this less imperative and, even during the warmest weather, it was held to be very weakening to the system and opened the pores to disease, to wash too frequently.

The year 1741 is recorded to have had an exceptionally severe winter, deep snows; many cattle and deer perished for want of forage. Colds were frequent and the patient dosed with home remedies. An epidemic during the fall of 1748 is said to have carried off many people, as the doctors were entirely helpless. It had all the symptoms ol pleurisy and usually carried off the victim in two or three days. In 1764 there was an epidemic of smallpox.

Crops were abundant in 1751-52, but the years 1753-55 are said to have been a season of want in the country at large, probably because of the Indian ravages all along the western border.

The use of alcoholic drink was universal. Wine, gin, rum, whiskey, were found in almost every house as specific for fatigue, exposure, snake bite and “chills and ague.” Soon, however, its increased use and abuse moved the elders of the Society of Friends to caution the members against permitting excessive drinking in their houses, especially at funerals and that they should have a care in supplying their friends “more than was good for them.” Soon certain medicinal herbs, native and introduced, made into tea by the good old Quaker mothers, were thought to have all the beneficial and none of the harmful properties of alcohol.

Of play there was little, unless log rolling, house and barn raising, “varmint” hunting, etc., could be so-called, as they were sometimes the occasion for the gathering of neighbors.

An old Welsh game called “Duck on Davy” is played now and then to this day. The “Davy” is a large flat stone and each player provides himself with a small round stone of a pound or so weight and stands back of an imaginary line some ten paces from the “Davy.” The player who is “it”, places his “Duck” on the “Davy” and the other players try to knock it off. If a player misses, he cannot touch his “duck” without danger of being tagged and made “it”, until someone knocks the “Duck” from the “Davy,” when all may grab up their small boulders and run for the line while the player is replacing it. It is a game of quick throwing, running and dodging, and can be rough, especially when someone is hit on the head while bending over his “Duck.” 

Doubtless there were many “bedtime” tales and legends of Wales told at the fireside, but few are preserved. Ghost stories were accepted with great credulity and terror. We are all familiar with the old Welsh-American nursery jingle:

Taffy was a Welshman, 'Taffy was a thief!
Taffy came to my house and stole a piece of Beef;
I went to Taffy’s house and Taffy was not home
Taffy came to my house and sto{e a marrow bone;
I went to Taffy’s house and Taffy was in Bed,
I picked up the marrow bone and threw it at his head.

The early Welsh members of the Society of Friends, settled in the eastern part of Easttown and southeastern redyffrin, attended the Radnor Meeting, Radnortown (now !than), held at the homes of John Jerman, a noted Quaker preacher, and John Evans as early as 1686, although the meetinghouse was not erected until 1693. This was the oldest religious organization in the vicinity and in its more prosperous days it was largely attended from all the country around. The older part of the present building was erected in 1718, but now all records of a long and profitable existence are deposited in the vaults of the Hicksite Friends library, 16th and Race Streets, Philadelphia In 1882, Radnor Meeting fell into disrepair and disuse for nearly fifty years.

There were at later dates, prosperous meetinghouses at Newtown Square, 1696, Goshen, 1722, and East Whiteland, 1726 or earlier; all of which were conveniently near the borders of Easttown.

The Old Welsh Church of St. David’s, Radnor, had its beginnings when the adherents of the Church of England, living at what was then the very edge of the Welsh settlement, came together to worship as they had done at home. The Rev. Evan Evans, rector of Christ Church, Philadelphia, is said to have preached at Radnor every other week from about 1700 until 1718, except for two short absences to return to London. He, too, was a Welshman, a missionary sent out by the Society for the Propagation of the Gospel in Foreign Parts. The events leading to the location of this congregation of Church of England faithful at Radnor Church have not been documented. Only tradition informs us of meetings in a log cabin near Darby creek, in the vicinity of Signal Hill, Easttown, and a short distance from a nearby burial ground. The meeting place then burned.

Tradition continues that some time later a church site was selected to the southeast where the Radnor, Newtown and Easttown boundaries join. It is said that Easttown and Newtown then had more parishioners and that Radnor had very few. A church building was erected there in 1715 during the short period when Rev. John Clubb, another Welshman, was missionary pastor. The oldest gravestone in the burying ground is that of Edward Hughes (1716). 

In the construction of this historic building at St. David’s, it is regrettable that no authentic record has been kept of the personnel and methods of the doubtless skilled volunteer workmen, or the name of the master mason, but the result was that of modest architectural beauty, which leads one to suspect it to be a replica of a church building nestling in some vale in Wales, the home of the Welsh master mason.

The Rev. William Currie, 1737-1775, 1784--1785; was a Scotchman and the last missionary, as the early rectors were called; also the first to preach regularly in English. He was obliged to divide his services between St. David’s, Radnor, St. James’, Perkiomen, and St. Peter’s, East Whiteland. He founded his farm on the southern slope of the North Valley hills in Tredyffrin above the Valley Forge, convenient to all his parishes, convenience at that period being only a relative term. He was situated in the parish of St. Peter’s, about five miles from St. David’s and more than a mile from the Fatland ford which he was obliged to travel on his way to St. James’.

The passing of the Welsh rectors marked the passing of the original Cymric stock and the increase of the English, Scotch, Scotch-Irish, German, Dutch and Swedish emigrants. The English people had felt the competition of the English and Scotch Protestant farmers and manufacturers transplanted in Ireland and the Parliament had closed the home markets to them by arbitrary acts. The result was ruinous to the Irish Protestants and marked the beginning of the ancient grudge that lead to the loss of America to the British crown, for the hegira to the colonies continued until Ireland was drained of most of its enterprising citizens, whose descendants filled the ranks of the Continental army.

During all this period the successive rectors were dependent in a manner upon the bounty of the London society for their small incomes, while the Independent churches had to be self supporting. There seems to have been a day school conducted by Rowland Jones somewhere in the vicinity of St. David’s church sometime between 1720 and 1730. It is clearly established that a school house was built upon the church grounds about 1749, perhaps the successor to an older one, and it endured until 1844.

Keith, holding that members of the Society of Friends could not consistently participate in the administration of the government because of their views, was disowned and later became an Episcopal missionary. In 1717, Thomas Thomas conveyed a small plot on the “Newtown street” as a burial place for the members.

As a commentary upon the supposed intolerance of sects of this period, consider two instances of mixed marriages where husband and wife continued as members of their own peculiar faith without more than personal inconvenience. Two of old Anthony Wayne’s sons, Humphrey and Isaac, were married to women who were Seventh Day Baptists.

A daughter (died 1738, 14th year) and a son (died 1752, 4th year) of Humphrey and Priscilla Wayne; also four children and Elizabeth, wife of Isaac Wayne, are buried here. Both Humphrey (the carpenter) and Isaac (the tanner) were members of St. David’s Episcopal Church. 

Some of the Easttown settlers affiliated with another early Welsh church organization situated near Wyola, Newtown township, known as Seventh Day Baptists (also Baptist Quakers or Keithians). They appear to have been former members of the Society of Friends who had come under the influence of George Keith, a contentious Scotch Quaker holding extreme views regarding the doctrine of non-resistance, and his disciple Abel Noble. 

Elizabeth Wayne, daughter of Richard and Margaret Iddings, died May, 1793, aged 84 years. The inscription on her gravestone reads, “She was a woman of distinguished piety and benevolence.” She was also the mother of Anthony Wayne of Revolutionary and Indian war fame. Some distance below St. David’s church, the site of the house in which Elizabeth Wayne, was born is still pointed out, also the pool in Darby creek on the Radnor line where she was baptized.

Tradition describes Elizabeth Wayne as small in personal appearance but exceedingly competent, as indeed she must have been to manage a household and large estate in the new settlement while her husband drilled the local militia during the French and Indian wars. “Mad Anthony” Wayne, her son, was of course, half Welsh, a fact his biographers have, for the most part, ignored, and his mother, whose religious convictions were wholly against war, lived to see her son the foremost warrior of America.

For a period of one hundred and fifty years the nearest meetinghouse for Easttown Baptists, most of whom were Welsh, was the Baptist Church in the Great Valley. Its history in many respects is peculiarly interwoven with that of our township, as well as with that of the denomination in Delaware and Pennsylvania. 

The church was organized in 1711, and in 1722 erected a meetinghouse of logs, 28 feet square, situated on what we today call Devon State road. The Rev. Hugh David, a Welshman, was the first minister 1711 - 1753. 

Great Valley Presbyterian Church, while inconveniently situated three miles up the valley on the Swedesford road, merits more than a passing notice, since it has many more communicants and contniues to be the burial ground of those of the Presbyterian faith of our community. The congregation, mainly Welsh, assembled as early as 1710 and regularly organized on October 10, 1714 with the Rev. Malachi Jones as minister 1714 - 1720. During the incumbancy of the Rev. David Evans, in 1720, the first building was erected.

In oder to vote in 1739, electors were required to own at least 50 acres, with 12 acres cleared and improved, or 50 pounds in money. Easttown was included in the Crum Creek district with Radnor, Newtown, Upper and Lower Providence. Isaac Wayne, son of the immigrant and father of General Anthony Wayne, repeatedly represented his district in the Provincial Assembly.

John Rees was a lieutenant and Benjamin Weatherby sr. was an ensign in the local company of “Associators” formed about 1748 for protection against the French and Indians. Isaac Wayne is also mentioned as bearing a distinguished part as captain of a local company in the provincial service after Braddock’s defeat, and Cromwell Pearce was a lieutenant in a battalion of foot.

It is probable that the Blue Ball tavern (now Daylesford still standing as a residence near Jimmy Duffy’s) was their headquarters and rendezvous, where they fought their battles over again in front of the bar, traidition of which led historian Dr. Sachse to surmise that it was the mustering place of part of Braddock’s ill-fated expedition of 1755 and the more fortunate Forbes army.

Some of the British soldiers under Dunbar may have stopped there in their long and cowardly retreat to Philadelphia after Braddock’s defeat, but the general opinion is that they are running yet.

Easttown farmers were compelled to furnish some heavy farm wagons for the campaign. According to Government specifications, they were to be furnished with tar and grease pots, drag chains, ax, spade, grasscutter etc., well as extra harness, horse shoes, nails, four horses and an able bodied driver to haul army baggage into the Indian country beyond the Alleghanies. The recompense, however, was not attractive in view of the risk of scalp and property. Even Captain Wayne’s team had to be pressed into service and it never returned.

The taverns along the old Lancaster road (today Conestoga road) catered mostly to the transient trade. The better known in this vicinity were the Fox in Easttown, and the Drove, Blue Ball, Black Bear, and General Paoli in Tredyffrin. The old time inn of the better class was the home of good fellowship and true democracy, managed by an inn keeper of wide acquainttanceship, broad sympathy for his fellow men and giving him the best of home comforts at a moderate compensation. The host welcomed the stranger at his door personally conducted him to his room, introduced him to his fellow travelers and was ever solicitous of his comfort, in short, made him his intimate and life-long friend.

The Blue Ball tavern is said to have been a popular house in early times and was sometimes called the “Half-way House” because it was equidistant from the Schuylkill and the Brandywine by way of the old Lancaster road. Abandoned as a road house when the Lancaster turnpike was built, in 1863 Robert Glenn demolished all but the rear wing and rebuilt it for a farm house.

Easttown’s local tavern was at the sign of the Leopard on the Darby road. It is said to have been built by Adam Roads in 1716. Little is known of its early history beyond the fact that Samuel Wetherby, 1768; Whitehead Wetherby, 1769; Caleb Parry, about 1770-1774; Elisha Worrell, during the Revolution; probably followed by George Steible or Joseph Morgan operated as “ye tavern keeper.” The red frame house, long demolished, at Sharp’s corner on the southeast angle of Sugartown and Leopard roads, was also a tavern at some period. .

The Black Bear (Bull’s Head at one time) at the southwest corner of the Lancaster and Bear roads, was a famous Colonial tavern midway between the Blue Ball and the Paoli. The locality still retains the name of “the Bear,” but unfortunately its history has not been preserved. The building was pulled down by Hugh Steen in 1877.

The Paoli inn appears to have been built by Joshua Evans, the carpenter and the proprietor, 1769-1814, and it is said to have been run by the Davis family for some years, later by the owner with some intervals: Thomas Search, 1779-1780, and Richard Robinson certainly kept it in 1781 and 1797, doubtless many more years.

According to the ingenious tax collector, Easttown landowners in 1753, were Chas. Calling, Nathaniel Claypole (Claypoole), Thos. Crass, Jennie Davis, Ann and Humphrey Ellis, Peter Eliot, Thos. Hingham, Elizabeth Howe!, Benj. and Isaac Hugh, Griffith James, David, Nicholas, and Thomas John; Benj. Junkin, Richard McCadden, Thos. McCain (McKean), John McCorkle, Patrick McCarty, Andrew Meguier (McGuire), John Marran, Morris Matson, Isaac Minshall, Mark Morris, 

Elick-sander (Alexander) Nuckle, Hugh Reed, John Steel, Adam Trehorn, Francis, Humphrey, and Isaac Wayn (Wayne); Hugh Win (Wynne), Edw. William, and Isaac Worrell.

It will be noted that the exclusively Welsh settlements soon exhibited a strong tinge of Scotch-Irish. During the reign of Charles II, the British Parliament placed an embargo upon Irish cattle; the people then turned their attention to sheep, but the English soon felt the competition in wool and woolen goods and closed their markets to them. Many Scotch-Irish Protestants were than reduced to want and the steady emigration to America in 1700 became a succession of waves from about 1717 to just before the Revolution, when there were difficulties in renewing leases in Ireland.

The Scotch-Irish often came with little or no money, but they had a hunger for land, and the Quaker government shrewdly shoved as many as possible out upon the ever- moving frontier, as a living wall between the Indians and the peaceful settlements. As they came on each settlement retained a share, until their number was legion. They proved natural frontiersmen, nor did they stop until the entire West was conquered and there was no longer a frontier to defend. There were also some of their kinsmen, the Scotch. Doubtless numbers were sold into servitude for a specified time, usually four or more years, to pay for their passage according to agreement with shipping masters. It was no disgrace to have been a redemptioner. One had to pay his passage at all events and it was far easier to earn the money in the New than the Old World. Servants were regarded as property and taxed as such. Masters had the right to punish them and the system was capable of great abuse. “White Christian slavery” ceased in 1785.

Thomas Jarman, miller, of upper Tredyffrin, went to town to buy a sleigh about 1715, just when a shipload of redemptioners came in. He bought James Anderson, a bright Scotch boy. Later this boy married Jarman’s daughter, Elizabeth, and ran away to the “wilds of Charlestown.” Still later the parents received a visit from their daughter, bringing her boy Patrick, born in 1719, who later became a captain in the Continental line and a man of property and influence in Charlestown.

There was another and much smaller group forced out of the southern part of Ireland. They depended almost entirely upon farming and grazing, while North Ireland was largely industrial, i.e., manufacturers. This group were originally from the north of England, Episcopalian, and some of them fought with William of Orange in the battle of the Boyne. The Burns’, Hill’s, Hunter’s, Pearce’s,Penrose’s, and Wayne’s were of this class and arrived in this vicinity between 1717 and 1737, feeling that England had not played fair with them in Wicklow, Ireland, but nevertheless associating in the settlements with the English emigrants of Episcopal and Quaker pretentions.

The Welsh came seeking a homeland and the promise of advancement in Penn’s new land. Their hopes of a Welsh “barony” were foreclosed, perhaps, but advance they did. They were joined by the English, emigres from Ireland, and others who labored beside them, but it was a large, beautiful country with much yet to be done. 

",NULL,"EastT",,,,,,,"Chapter 2: Colonial Period",NULL,NULL,"1","Meg Wiederseim, Heidi Sproat, and Mike Bertram"
"949","1761 - 1774","Easttown, Old in History, Young in Spirit, 1704 - 2004 by C. Herbert Fry","Chapter 3: Pre-Revolutionary Period

1761 - 1774

The clearing of the wilderness proved too great a task for the Welsh unaided. Great tracts in this community remained untouched. Many of the younger generation sought less strenuous labor. In comparison with the Scotch-Irish, the ideal pioneers of America, the Welsh were more clever and as stubborn in argument as the former were in a fight; but neither the average Welshman nor the typical North of Ireland man were born farmers.

Many of the Welsh were land poor, since the French and Indian wars had increased the taxes and at the same time encouraged the German emigrants and redemptioners to settle throughout the area, from about 1763 to the beginning of the Revolution. The German invasion of this region, like that of the Scotch-Irish, apparently had its inception more on economic than religious grounds.

Many of these tracts lay some distance from the public roads, hence lane or land rights, also water rights, were freely granted. The movement resulted in two or three practically continuous German settlements in the eastern, central, and western parts of the territory extending substantially across the cultivated land. 

That the Germans settled in such numbers as to seriously dispute with the Welsh the language of the community is a matter of doubt. The dream of a Welsh barony had dissipated long since and the Cymric dialect, present only in the earlier records of the religious bodies, had died with the second generation. All legal documents, gravestones, etc., were in English. The English and Scotch spoke no other than English; the Welsh after the first generation understood it, and the Germans had to learn it.

Jacob Frick, of Swiss origin, arrived in America according to the family records in September of 1733 and settled first near Pottstown. About 1740 he married Elizabeth Urner who died in 1757 shortly after the birth of their youngest son, John. It is believed that the Frick family attended Coventry German Baptist Brethren Church. John was reared by Catharine (previous surname unknown) Frick, who was Jacob's second wife.

In 1769, when John was 12 years old, the family moved to a 100-acre farm located in the Chester valley of Tredyffrin township “two miles from Valley Forge,” where they lived during the Revolution, “near the scene of the Paoli massacre, and where the British and Hessian army encamped after the battle of Brandywine.” John was assigned to the Tredyffrin militia, but, as a German Baptist, he did not attend meetings and was fined. Jacob Frick does not appear on the tax list of 1771, but he is listed for 100 acres, two horses, and two cows in 1774 and in subsequent years. The place was located at what a century later was the Abraham farm at New Centerville. John Frick reported a loss of £120 due to depradations during the British encampment in 1777.

The farm “descended” to Nathaniel and Christiana Frick Jones. Christiana was John’s half-sister, as she was the first child of Jacob Frick’s second marriage. The Jones farm was located adjacent to the Frick farm.

The early tax collectors. often illiterate, seldom recorded the occupations of the taxpayers until about a decade prior to the Revolution. Then it appeared that not only nearly all the German emigrants had some trade or another, but that there was quite a sprinkling of the second or third generation of the original settlers with occupations other than that of farmer or farm laborer. However, all or nearly all, including the preachers managed farms of greater or lesser extent. 

John Davis and, later, James Currie, of Tredyffrin, are recorded as physicians; Sampson Davis kept the store at Spread Eagle in 1766 and he was followed by Richard Miles. Christian Workizer had a shop near Howell’s tavern, and Samuel Davis had a store near by, probably at Paoli.

Isaac and Anthony Wayne operated a tanyard at their farm “Waynesborough” and doubtless supplied oak and hemlock tanned cowhide to the cordwainers, or shoemakers, of the vicinity - Amos Jones, John Briggs, Daniel James, John Keck and Boston Rink. The latter took care of the custom of “Cockletown.” Morris Morris, Thomas Jones, and Thomas Williams looked after the footwear and probably the saddles and harness of Easttown.

Benjamin Robinson, followed by Mathias Woolman, were weavers of this period, soon reinforced by James Nealy (Cockletown), John Baker, Henry Ruth, Peter Stickler, Peter Stedler (Spread Eagle), Daniel and Felty Shewalter, with Christian Brannaman (“Brandyman”), Henry McQuead and John Fulton of Easttown. There were many ways of spellinng the Neely family name. which appear on these pages are an accurate representation of the many variations found in documents of the 18th and 19th centries. For example, it is splet two different ways in th title of a 1795 court petition.

James Davis (1767) and John Dunbar (1768 - 1769) were assessed for a fulling mill, probably the same one, and William Bailey is listed as a fuller (one who bleaches or whitens wool or cloth). 

There were blacksmith shops in the vicinity of the Spread Eagle, Paoli, Howell’s, and the Leopard at a very early date. Later, David, a son of William Evans, the first blacksmith at Paoli, ran a shop in addition to a hundred acre farm. Paul Sharraden (1769 - 1774) and Joel WattsJoshua Evans , Spread Eagle, Thomas Pennington, Howell’s tavern and Morris Davis also followed the blacksmith trade. Joseph Massey, Anthony Thomas, and Thomas Watkins ran the Easttown shops.

Joshua Evans was a carpenter until he turned to tavern keeping and politics at Paoli. Humphrey Wain is listed as a “joyner”; Robert Fullerton, painter; William Pomroy, tinsman; Robert McGuigan (Easttown), butcher; Joshua Humphreys, clockmaker; Peter Mather (later taven keeper at the Warren), vendue cryer; and Benjamin Ronbinson, lemon peddler.

Perhaps there is no business more simple and lucrative than that of distilling spirits. This became clear during the first few years of the Prohibition. In the early history of the country the distillation of strong drink was one of the first industries engaged in as an honorable employment and there were many unrecorded stills for rye whiskey. One was located on the Davis farm just below Howell’s tavern, another at the “Black Swan” in the wooded ravine below Neeley’s and another just back of Neeley’s on the hillside.

The Neeley log cabin still stands on Old State road one block north of T/E Middle School and is used as a residence today.

Swift flowing water is needed to power a mill. Easttown has but a short stretch of the Darby creek of sufficient the emigrant, came from Merionethshire, Wales, 1708, with his wife Jean and son John. Ellis Pugh also came on the same ship and taught young John his ABC's on shipboard. John Morris' grandson, Lewis, came from Hilltown, Bucks County to Easttown in 1764 and bought land, some of which is still in this family.

Sometime during the late colonial or pre-Revolutionary period a straggling hamlet of less than a score of humble homes came to be known as Cockletown. It extended for half a mile or more along the Lancaster, later known as the Conestoga or Old road; from a short distance in Easttown east of the Fox tavern (Francis avenue), to a little beyond Peggy’s corner (Howellville road) in Tredyffrin; and flourished up to the Turnpike era.

Although situated on the first and chief inland highway of the province, it was somewhat isolated locally. The nearest crossroads, the Welsh Line or Baptist road, was a mile to the east and the Bear road a mile and a half to the west.

There then existed, however, a private wood road or right of way, through the Atkinson, later John Reese land, leading down to the valley and on out to the Swedesford road (today’s Circuit City store) near Wilson’s Corner.

Another bypath began at Peggy’s Corner, which gave access to the Neilley’s and continued down the wooded ravine to the Black Swan distillery and beyond through the Reese plantation, with several gates, to the Swedesford road opposite the present entrance to Chesterbrook.

A third ancient lane, a quarter of a mile west of Peggy’s Corner, entered deeply in the hills and turned to a dead end in Prissy’s bottom (where today’s Bodine road turns uphill to the south), giving access to the residents of some five or six log houses on the southern exposure of the hills; but this right of way extended no further, except by footpath, to Howell’s Tavern, now Howellville. 

Scarcely more than a hundred yards north of the Old road at any point and sometimes bordering it, was an almost unbroken forest of deciduous timber, with here and there a stand of pitch pine, and frequently a dense border of red cedar. The hills and ravines of the Slate ridge, or South Valley hills, had also a dense under growth of laurel and wild grape vine; the small bogs or swamps an almost impenetrable mass of spicewood and green-brier.

The dwellings of this early settlement at Cockletown, perhaps the earliest incipient town of Easttown, were mostly of the log cabin type, built of oak or chestnut logs, with stone chimneys; occasionally one more pretentious had stout stone gable ends. However, they were mostly small and homely, erected so close to the right of way that the habitants could step from the doorsill directly into the road. On one side was the wood pile and the well with its windlass and oaken bucket; on the other the lye barrel, the lilac bush, the clump of hollyhocks, and more than likely the pig pen.

Few of these squatters, tenants or small land owners kept a horse; but few were without a cow, at least two hogs, and a flock of poultry.

The cleared plots were not extensive, though ample to grow enough corn, potatoes, cabbage, turnips, and pumpkins to carry the stock and family over the winter. They planted five grains of corn to the hill, according to the proverb:

One for the blackbird one for the crow;
one to rot, and two to grow.

However remote from town, Cockletown was by no means lonely. Until about 1730 the Old road had been almost exclusively a packhorse trail, as it had been more anciently an Indian path. Later it became a thoroughfare fifty feet wide for traders, emigrants, drovers, freighters in Conestoga wagons, etc., deep in mire or dust, according to the season or state of the weather, and the small homesteader could no longer plant his corn in the middle of the road and require the occasional traveler to detour as best he could.

This hamlet, was only locally known at Cockletown., but whether given in honor of the alleged ancient Welsh national flower, the corn cockle, as some say, or in disrespect by the more prosperous farmers, who centrainly regarded the hill clearings as “fit only for growing timber and weeds,” is an open question.

In the Burn family papers there is the statement of Eizabeth Burn, nee Jones, who was born in 1797, four miles east of this place and an actuak resident here from 1832 to 1879. She asserted that this place was called Cockletown and that the name was derived from the cornflower, an imported European weeed closely related to the ragged robin, which flourished and became very troublesome in the wheat fields.

The settlers at first had no other means of lighting their cabins than that furnished by the open fireplace, but after awhile they became more affluent and tallow dips came in fashion.

Well dressed, notched and chinked log dwellings, though snug and warm, had one great fault. The American bug indigenous to the inner bark of the anceient hemlock, frequently transferred to the log cabin and was difficult to eradicate. This condition of affairs gave expression to a none too polite or delicate saying: 

Good night! Sleep tight! Don’t let the bugs bite!

Proceeding westward on the Old Lancaster road in Easttown, there were two small log houses on the north side, one in front of where Westley Jones, shoemaker, built his new frame house in 1862, and the other close to the entrance to the late Dr. Okie’s place. On the south side there was at least one, possibly two, log dwellings.

This land was a small part of the 2000 acre tract patented by William Wood and William Sharlow, surveyed August 21,1684, and in the sub-division of l000 acres of the latter, November 28, 1704. The entire tract then came into the possession of Richard Harrison, and later, September 11, 1746, Samuel Harrison, and 119 acres, later to Standish Ford.,

Then came the Fox tavern, the only building entirely of stone. Its erection is of unknown date. Historian Julius Sachse informs us that it was kept by Fox from 1792 to 1797, and by David Llewellyn until 1804, when it ceased to be a place of public entertainment and became a country store.

Its site marked the extreme northeastern corner of the l000 acre “Travelgwyn” tract of William Wood. The northern quarter section of 250 acres came into the possession of ten persons in succession, the last being Peter Elliot, April 15, 1723.

The old tavern was demolished about 1900 by the late Joseph Williams family to make way for a more modern dwelling. Old English coins have been found while digging in the vicinity, probably relics of the pitch-penny period.

The next tract on the south side of the road is also mostly in Easttown and early belonged to Peter Elliot who was a blacksmith.

The early Tredyffrin ownership of the land on which Cockletown was situated, appears less complicated than that of the Easttown end. William Standly patented 300 acres between the two Welsh lines, Baptist road and the Welsh line near Peggy’s Corner. This was a strip immediately north of the Easttown line. Its entire acreage was acquired by John Day and passed to his widow Hannah (her second husband was James Atkinson) and then to Grace Peadwell, Hannah’s daughter. Thomas Godfrey owned it in 1749. The latter or his son disposed of the aforesaid tract in smaller parcels and all of the western part is included in the ancient hamlet of Cockletown.

On the north side of the Old road there was a stone and log dwelling about where Dr. Wharton’s house stood, but closer to the road. This may have been built by Abel Thomas, carpenter, who owned about 70 acres in the vicinity, mostly in the woods, in 1783. This house was later occupied by Widow Jane Dane after she had retired from the Springhouse Tavern.

A short distance west and on the opposite side of the road there was a blacksmith shop The site was probably immediately in front of the cottage built much later by Levering Latch, where scrap iron and a cannon ball were unearthed. The late Mrs. Benjamin Longaker, nee Lewis, has said that she remembered this building from her early girlhood when it was in a tumbledown condition. It had the appearance even then of being very ancient and was reputed haunted-lights appearing in the windows as if the ghost of the blacksmith had returned and was busied relighting the forge.

The John Reese house, later the residence of the Rev. Dr. Sagebeer, doubtless dates from the Reese ownership. This, of logs, is now weather-boarded. The low, long barn dated from 1830 and was removed about 1880.

Abel Reese in his will, January 8, 1797, bequeathed to his son John, his plantation of 63 acres, he to pay his sisters Judith and Elizabeth, Â£100. The first house on this farm, was a small one of logs close to the public road, on the extreme southwest corner of that position of land north of the Old road and close to the entrance of the wood road to the valley. It was probably built by John Thomas or earlier, in Atkinson’s time. This building was removed about 1876.

The original Drove Tavern (or taverns, since the story goes that there were two connected by an underground passage) was on the site of the later Fritz house, and was reached from the Old Lancaster road by a lane. In 1779 it was said to be kept by Thomas Search; certainly, either this or the last Drove on the Turnpike was kept by John Reese and his son Abel.

On the North side of the Old road and west of the John Reese farm, was the Burns farm, as it became known. Thomas Godfrey parceled out the Standly grant in smaller lots as before mentioned; forty acres to Thomas McKean and thirty acres to John Shaw in 1750. Shaw sold to Enoch James, James transferred the same to Christian Brannaman, usually listed as “Brandy man,” and the executors of the latter to Sebastian Rink. McKean also sold to Rink.

McKean was landlord at the Blue Ball Tavern and was taxed in Easttown for 400 acres of land. He was the largest landowner there in 1765. Heretofore we have had Welsh, Scotch-Irish and English owners, but Brannaman and Rink were Germans. A marker was erected by the D.A.R. over the grave at St. Peter’s of Ensign George King, who is said to have been a younger son of a German baron. He married in 1756, Catherine, daughter of Christian Brannaman.

Rink was a shoemaker. The records show that he did not come in absolute possession of the eastern tract of 30 acres until 1765 and the western tract of 40 acres until 1769, though he was probably in residence earlier. His first assessment was erroneously from Easttown. His residence on the western tract not far from the only available spring would seem to indicate an agreement for its purchase, and it was he who replaced the original log cabin with a mansion (in those days) of thick stone gable walls and dressed log front and rear, and caused to be traced deeply in the wet mortar of a countersunk square high up in the west gable “B.R. 1767”.

In 1775, after the sale to Christopher Rue, Rink disappeared. This was not an uncommon subterfuge, during the Revolution to prevent confiscation should the Crown prevail. Rue, who was a lieutenant of the Easttown militia, conveyed the property to Andrew Steel of the Leopard Tavern, in 1779, two years after Steel, a non-combatant had conveyed it to Joseph Griffith, an officer in the Tredyffrin militia. Both officers filed lists of damages inflicted by the British army, aggregating 67 pounds, 2 shillings and 3 pence. The house was later the residence of George P. Orr, who greatly enlarged and remodeled it.

The next habitation was immediately in front of the Robert Doyle residence, long known as Peggy’s Corner, an ancient log cote which Dr. Quimby immortalized in his novel “Valley Forge” as “Peggy Hambleton’s Cake and Beer Shop.” Old English coins have been excavated here. Later the site was only a heap of stones at the foot of an ancient cedar. It was replaced by the present small house on the southeast corner of Howellville and State roads in 1846.

The last house on the Old road in Cockletown was near the former MacNamee house later occupied by S. Paul Teamer. It was a long, low structure of logs and of two periods: the easternmost section very old; the western end built later where a tenant at one time kept a night school. It was called “Corner Lott” in the 1792 will of old Abel Reese when bequeathed to wife Violetta. This tract was mainly west of the old Welsh line which ran from the Newtown Street road through Easttown. A very early owner was Richard Iddings whose daughter Elizabeth was the mother of General Anthony Wayne.

Not all of the houses of Cockletown lay close to the Old road; several were hidden in the folds of the wooded ravines leading down to the valley. In “Lewis’ Hollow”, then reached by a wood road through the Reese land, there was a tract of ten acres. The original log house was embedded in the southern slope of the hill near the upper spring.

“Neilley’s Hollow” also contained inhabitants. There was a small log cabin on the crest of the hill above the springs (in the midst of Doyle’s North Berwyn nursery). This probably belonged to the Reese family at one time. Tradition states its early tenants operated a small distille1y at the source of Trout Run immediately below, probably the Black Swan.

Of the two or three original Cockletown houses now standing, the Neilley house is the oldest. The homestead of one or more acres is said to have been part of an original grant of 100 acres to Thomas and Cadwalader Jones by right of their mother. James Neilley, according to family history, was born in 1750 in the County Antrim, Ireland, came to America in 1768, and set up a handloom for linen weaving in 1775.

This house was built of stone on the living rock, the rear buried in the side of the hill; the superstructure of logs and the original bowed roof was thatched with rye straw. It had one room in the basement, two on the first floor and an unceiled garret. The shop for weaving was an abandoned stable one and a half stories high, with earthen floor and no provision for heating. It stood immediately in front of the house and was demolished about 1880, and a small one-story annex added to the west side of the cottage, which served for a carpet weaving loom for the last Neilley, also a James. In the renovation of this old house, William Doyle was careful to retain all the outward features, so that while the interior was made comfortable, the exterior presents much of the characteristics of by gone days.

Thus did Cockletown, without plan or forethought, come into existence. It was just a typical community of its time, composed mainly of mechanics and small farmers combined, but an essential part of the rural economy of a growing colony.

Doubtless its inhabitants had front row seats for the series of important military events which took place in the neighborhood beginning in the early autumn of 1777. But with the completion of the Turnpike in 1798, Cockletown became just another backwoods settlement and passed into harmless disuse long before the Reeses erected their sign “Reeseville” opposite the Drove Tavern. ",NULL,"EastT",,,,,,,"Chapter 3: Pre-Revolutionary Period","document",NULL,"1","Meg Weiderseim, Heidi Sproat, and Mike Bertram"
"950","1775 - 1797","Easttown, Old in History, Young in Spirit, 1704 - 2004 by C. Herbert Fry","hapter4: Revolution and Early National Period

1775 - 1797

Early in the Pennsylvania Campaign of 1777-1778, Washington complained of difficulty in securing reliable information in the region in which he operated while Howe intimated that all the inhabitants in the vicinity of Philadelphia were rebels. Right or wrong, Easttown had the name of being Tory, or Conservative. There are several reasons advanced for this reputation. 

First, Pennsylvania at large had always opposed a war tax, or indeed a tax for any other purpose, for which they did not receive an immediate benefit. During the French and Indian war, Braddock, through his quartermaster general, threatened to march through the province with fire and sword, before he received the aid demanded.

Second, although the Quaker settlements were mostly confined to the eastern part of the Great Valley in Tredyffrin, both this township and Easttown were surrounded by numerous Quaker settlements in Upper Merion, Radnor, Newtown, Willistown, and Whiteland, all in the great Welsh tract. It is well known that one of the foremost beliefs of the Society of Friends is that of non-resistance. Members refused to turn out with the township militia or to pay fines for not doing so. Their influence extended to the Mennonites and occasionally to individuals of other denominations.

Unfortunately the Philadelphia Quaker	Yearly Meeting, after a session lasting	well into the night, decided to give their	moral support to the Crown. This gave rise to the supposition that Quaker was	only another name for Tory.

,	The Valley Friends Meeting, however, assumed a neutral position, yet there were few, if any, members of this Meeting who were not disposed to favor the cause of freedom, or who were not secretly or openly opposed to the Royalist cause. There were several local Quaker families who had sons in the American army.

It has been clearly established that the popular sentiment of the Baptists, Presbyterians, and Episcopalians was unmistakably for the Revolutionists, and the Friends, Mennonites, and Lutherans were in quiet sympathy with them.

Third, during the August-September campaign, many of the local inhabitants were said to have been apathetic.

Anthony Wayne had been made chairman of the Chester County Association, December 20, 1774. The best known local members included Lewis Gronow of Tredyffrin, Joshua Evans of the Paoli inn, and Dr. Bernhard Van Leer, proprietor of the Blue Ball tavern. Thus the English, German, Welsh, and Dutch Episcopalians were represented.

Joseph Bartholomew of Tredyffrin was madea lieutenant and later, Benjamin Bartholomew, a captain in the Continental Army, and John Bartholomew, a major in Mercer’s flying camp in New Jersey. All of this name were of French descent.

The militia company of Easttown had Israel Moore as captain, Christopher Rue as lieutehant, and David Llewellyn, ensign. The muster roll of Tredyffrin included Jonathan Rowland, captain, and Joseph Griffith, lieutenant, so the Welsh were well represented in the militia.

Anthony Wayne was commissioned colonel in September 1775, with Richard Thomas of Whiteland, lieutenant colonel, of the first volunteer regiment raised in Chester County. Thomas was of a Welsh Quaker family.

Colonel Samuel J. Atlees musketry battaloin was recruited mainly among the Presbyterians of the Great and Pequea Valleys. Caleb Parry, landlord of the Leopard taven in Easttown, was made lieutenant colonel, Patrick Anderson of Charlestown, senior captain, and Dr. John David of Tredyffrin, surgeon.

During the battle of Long Island in 1776, Parry was shot through the head while endeavoring to rally his men, and Dr. Davis captured. Captain Anderson became so frantic with rage on the death of of a friend that he could scarcely be induced to retreat.

The garrison of almost 3000 men, nearly all Pennsylvanians, was confined in the wretched prison hulks and sugarhouses of New York harbor, where some 1800 prisoners died of disease induced by insanitation, nakedness, and starvation.

Many of thos emen were of the better class, some from Easttown. When the survivors returned (Lieutenant Phillips of the Black Bear tavern was one of those exchanged), they related their terrible experiences to their friends and neighbors, who became dismayed and dishearteneed. They doubted that the British could be beaten.

Fourth, the failure of the local militia to turn out strongly when the American army marches to oppose the invaders was partly due to local conditions. Between 1765 and the beginning of the war, there had been a large immigration of German-speaking people in the area.

Naturally there were grave doubts of their good behaviour in the presense of the Hessians mercenaries. Potentially there was an experienced military leader in the person of Col. Christian Workizer of near Howell’s tavern. He was one who had repeatedly refused to turn out with the militia because he once held a commission in the British army and retained a sincere regard for General Wolfe, under whom he had served at Quebec. That the German element proved loyal to the soil of their adopted country and became trustworthy citizens is now known to all.

A few miles on either side of an imaginary line drawn through the Leopard to the Bear tavern, thence to the Great Valley Presbyterian meetinghouse and beyond into Charlestown, would have included the homes of most of our Revolutionary leaders who were mostly of Welsh origin.

Some commissioned offices and the ranks were mainly filled by the Scotch-Irish of the hills, of whom it has been said that their philosophy recognized resistance as the first law of nature and warfare as the natural state of man. They loved a good fight, had little property to lose, and often made soldiering their trade, as did some of the German-Americans-the very people who the Welsh-Americans suspected of disloyalty.

Therefore, our community was mainly Whig and in the final analysis no one may consistently reproach our countryside with disloyalty to the ideals of America.

On the morning of September 16, 1777, Washington drew up his little army on the South Valley hills in East Whiteland township to give battle once more to the invaders but was prevented from engaging by a storm of unusual violence and duration.

The patriot army then withdrew from the high hills to an eminence in the Great Valley near the White Horse tavern (now Planebrook), where it remained in expectation of an attack until four p.m. It then retreated to Yellow (now Chester) Springs, and continued the next day to Warwick Furnace to replenish the damaged ammunition. It was wet, miserable, and utterly worn out from incessant marching and countermarching. 

The Division of Pennsylvania Continentals commanded by Wayne encamped on the farm of Christian Hench, who was an ardent Revolutionist. He supplied their needs as far as it was in his power, even to the slaughter of his herd of cattle.

Meanwhile the enemy rested quietly on the hills overlooking the Valley until the rainstorm was over, contenting themselves with ingloriously robbing the hen roosts, smokehouses, barns and houses of the peaceful farmers, and in burning all the fence rails in the vicinity of their campfires. The fences were chiefly of the stake or worm fence type and in all probability the soldiers made shelters of fence rails and blankets in lieu of tents. On the farm of the Dunwoody’s, General Mathews’ command burned or otherwise destroyed 8500 rails, notwithstanding the abundance of timber. The officers were largely drawn from the upper class, genteel, arrogant, fleshy from good living, and little actual field service. The enlisted men were mostly the riff-raff of Great Britain, Ireland, and Germany.

On the 17th, Lord Cornwallis advanced with the British right wing to the (Old) Lancaster road and on the 18th continued from Malin’s farm past the Warren and Paoli taverns to the Black Bear, where he turned to the left down the Bear road to Howell’s tavern. The main body of troops marched down the Swedesford road into Tredyffrin and encamped between Howell’s tavern (now Howellville) and the Old Welsh Line or Baptist road (now New Centreville). Howe was coiled like a rattlesnake ready to strike, with the most active troops in the rear under the command of Cornwallis, who was the most able general of the British army.

Let us visualize the parade: horses and dragoons, the tall-hatted and white-belted grenadiers-shining marks for the backwoods-men’s rifles; the fierce, bewhiskered Hessians, the long files of tawdry-clad infantrymen, the lumbering cannon and the long train of wagons drawn by our own Conestoga horses. Its number has been variously estimated, but probably included fewer than 18,000 men, rank and file, though seemingly endless and long to be remembered by our people.

The main body kept to the highway, but the flankers threw down fences and trampled the crops. Like the famour legendary and fabulously huge snake of early Tredyffrin, and immeasurably more dangerous, the hostile army crawled through the beautiful Great Valley. On either side of the well-fenced Swedesford road appeared fields of grain stubble, ripening corn and buckwheat, the dark soil of freshly plowed ground, the lush meadows in which small herds of cattle and flocks of sheep pastured; on past snug well-provisioned farmhouses, barns filled to the rafters with grain and forage, barnyards loud with grunting swine and cackling fowls.

The mud was axle deep in the road but there were sparkling brooks in the foreground, and a marvelous background of forest-clad hills in a mosaic of green, gold, and crimson foliage. Never before had a British army passed through and desolated a fairer or more bounteous region. To the women and children peering from attic windows, the drums seemed to repeat and portend “plunder”.

Following the line of march of the hated enemy came a train of forlorn prisoners closely driven by the Provost Guards under the brutal Major Proctor. In the morning they were drawn up at the road side and there remained until the army had passed and then fell in the rear. In the evening they were marched from rear to near the van, at which time, without the least check from the officers, they endured every kind of abusive and scurrilous remarks.

The British Army encamped from the late afternoon of the 18th to the early morning of the 21st of September, 1777, mainly on the farms of David Howell, Christian Workizer, Valentine Shewalter, Abel Rees, Samuel and James Jones, and Jacob Frick. Nearly all the troops were bivouacked immediately south of the Swedesford road, with the Royal Artillery parked close to the highway near the center of the camp, Brig. Gen. Cleveland in command.

The Foot Guards, under Capt. DeWest, occupied the crest of the detached elevation near the rear of the dwelling of Samuel Jones, which was the headquarters of Sir William Howe, and faced the northern slope of the South Valley hills upon which the First and Second Brigades were situated in the midst of the once great apple orchard and nearest to the present village of Berwyn. Brig. Gen. Mathews’ quarters was probably at the mouth of the ravine, on the west border of the swamp near the excellent spring in the original Griffith John house, later a tenant house on the Jones plantation.

Col. Harcourt and Major Tarleton, with the Light Dragoons, were quartered below the Second Brigade and near the headquarters. Brig. Gen. Sir William Erskine, Col. Monckton and the British Grenadiers occupied the slope and continuation of the great orchard east of the swamp and ravine.

Opposite the British Grenadiers and near the Swedesford road on the farms of Jacob Frick and James Jones were the Hessian Grenadiers under Count Donop. West of them was Col. Von Stirn’s Brigade of Hessians. One regiment, however, under Col. Von Loo, occupied Wilmington.

Knyphausen’s quarters were at the James Jones house. Lt. Gen. Wilhelm Baron lnnhausen and Knyphausen commanded the Hessian troops after the departure of Gen. DeHeister. He remained in America until the close of the war. Bodily infirmity and the loss of an eye caused his retirement in 1782.

The Yagers or Anspach Chasseurs, horse and foot, commanded by Lt. Col. Von Wurmb, were in a field on the Havard land, the northwest corner of the Baptist and Swedesford roads, later the site of the Stone Chimney Picket, and were the only troops encamped north of Swedesford road.

West of the Guards, on advantageous elevations in the Valley, were the Fourth and Third Brigades. Lord Cornwallis had his quarters at Abel Rees’, Major Gen. Grant at Valentine Shewalter’s, Lt. Col. Agnew, Acting Brigadier, quartered at Christian Workizer’s, and Major Gen. Grey at Howell’s tavern.

The Light Infantry commanded by Lord Cathcart and Major Maitland were on Quarry hill near the cedar grove and northwest of the present Bear roadbed.

The encampment covered approximately seven or eight hundred acres, bounded on the south by the forest on the South Valley hills, and on the north side and parallel with the Swedesford road by a thin and almost continuous stand of hardwood, mostly hickory. Branches of the Valley creek and Trout run provided abundant water for the camp.

Horse pickets patrolled the contiguous sections of the Old Lancaster, Baptist, Yellow Springs and Bear roads, but apparently no further. A large cattle pen was built on a branch of the Valley creek as it emerged from Van Leer’s (Prissy’s) hollow. Here cattle and sheep taken from farmers were confined and slaughtered for the army.

The British Army Quartermaster and Commissary Generals Erskine and Wier swept the neighborhood bare of food for men and beast, despite Howe’s proclamation that if the inhabitants remained quietly at home nothing would be disturbed. Cut off from its base and fleet, the Army was compelled to live upon the country, and it lived upon the fat of the land while stuck in the mud of Tredyffrin awaiting the flooded Schuylkill to subside.

Some of the farmers’ boys, in fear of impressment, “skedaddled.’ British officers pretended that all the young men of the neighborhood were in the American Army. Nathaniel, a young son of Samuel Jones, drove through the lines to go to the mill and did not return. Attaches of the headquarters amused themselves by repeatedly informing the family: “Well, we caught the young rebel today!”

Hector Mullen, a young Negro belonging to the Jones family, lived to become the patriarch of a numerous tribe and took great pride in his old age recalling the time he held Howe’s war horse in front of the headquarters. It was the proudest event of his life. The General threw him a small English coin which the delighted Negro tossed into the air until he failed to make the catch and the coin rolled under the great stone doorstop, lost to him forever.

Although Howe’s personal desire may have been that of conciliation, his army behaved as if in a conquered country, sweeping the land bare of provisions, forage, and stock, leaving the inhabitants in many instances absolutely destitute.

There are many almost forgotten traditions of their depredations. A party of Hessians visited the Jacob Bach (now Baugh) farm and were in the midst of looting and wanton destruction when John, the young son of the owner, voiced his disapproval. A soldier pricked him with a bayonet and kicked him through the kitchen doorway. John’s mother was frying doughnuts and was ordered to keep on with her occupation, but she became so enraged that she hit the man over the head with the frying pan filled with hot grease.

At the first alarm the two black workers were ordered to drive the geese into the woods; they obeyed and then took “leg bail” themselves. The marauders robbed the farm of everything they could haul away, even digging up the potatoes. The beds were ripped open in search for money and the goose feathers cast to the wind, and as an additional annoyance the window panes were poked out. Glass being then unobtainable, the windows had to be boarded up until spring and the family would have fared badly but for the kindness of neighbors. Two deserters were shot and buried under a tree near the quarry on this farm.

It has been said that the Hessian hirelings had been promised the lands and chattels of the Rebels whom they were to dispossess. Many were eager for plunder and made no distinction between Whig and Tory.

Until recently there had been a large jagged hole in the stair door and several lead slugs in a stair riser of the house formerly occupied by Benjamin Jones, but now a tenant house on the Brookmead Farm. There is a tradition to the effect that a Hessian thought he saw a Rebel soldier in the kitchen and fired a shot through the window.

The Hessians would sneak out of camp without their muskets and visit the nearby Quaker farmhouses in search of plunder. A typical instance is that of a small party at Rehobeth Farm. They first drank all the milk and cream in the springhouse and without pausing to wipe the cream from their beards continued to the house in search of something to eat or to carry away. The Walkers called them “unwelcome visitors.”

A large detail of British approached the Stephens home and halted while the officer in charge inquired the location of the farmhouse of Thomas Waters (who was the father-in-law of Col. Dewees toward whom they seem to nurse a particular grudge). Sarah Stephens once more proved disloyal to a neighbor and fellow country-man, for she pointed to the next farm which they proceeded to loot of over 173 pounds worth of personal property including a substantail ampunt of cash in gold, silver, and paper.

The Waters were perculiarly unfortunate. A bag containing 55 pounds of gold and silver had been hastily thrown under an out-building where it would have been safe had not a solsier chased and cornered a particular fussy old hen under the same structure. Of course, he found and seized the bag for his own good fortune. They also took a servant who had thirteen months to serve, to the value of fourteen pounds.

It is a pleasure to record a single act of courtesy. Some Hessians had halted the wife og Whitehead Wetherby as she was riding out ostensibly to the grist mill with a bag of wheat, but actually to carry provisions to her husband who was watching the British camp froma vantage pointin the South Valley hills near Cockletown. The Hessians were about to rob her of her jewelry when a gentlemanly British officer rode up to her rescue and conducted her safely home to Grove Hall in Easttown.

Valley Forge appeared as a notch in the North Valley Hills plainly visible from the British camp and less than three miles distant, yet unvisited by the military until the day beofre their departure from Tredyffrin. There was then no road through the length of the gap.

William Dewees jr. was the well-to-do iron master who the Quakers accused of being an aristocrat. He had been a colonel in the militia but was attached to the quartermaster’s department during the Pennsylvania campaign, and when that department began the delivery of army supplies at his place, he entered protest that it was directly in the path of the enemy and if discovered by them it would cause his ruin. Nevertheless, as wagon after wagon arrived, his mill and storehouses became stocked with military stores

On September 18,a British spy discovered, as he reported to Howe, upward of 3800 barrels of flour, soap, and candles, 25 barrels of horseshoes, several thousands of hatchets, kettles, and entrenching tools, and 20 hogsheads of resin, in a barn at Valley Forge; but it was not until the 20th that the Guards and Light Infantry were ordered forward with some Dragoons to destroy the magazine. As they approached at five a.m. they were fired upon by the sentinels and an officer of the Guards was slightly wounded. They took the whole. This is Captain Montressor’s story which differs from that of the Americans. Montressor was Chief Engineer of the British Army.

Colonel Dewees with some help had labored all the night before in the removal of the stores by wagons and rafts to a place of safety. Washington, who was then in the vicinity of the Trappe, had sent his youthful aide-de-camp, Colonel Alexander Hamilton, attended by Capt. Harry Lee and six dragoons, with orders to destroy that which could not be removed.

Hamilton had provided a flat-bottomed boat at the river’s edge and warned of the approach of the enemy, he instantly ordered the remaining four members of his little party aboard. Lee, preceded by his two videttes, made a quick decision to regain the bridge and escape up Nutt road by the speed and soundness of his steed.

Since the stores were almost all removed, there was nothing the British could do in their rage but apply the torch to the saw mill, dwellings, store, charcoal, and iron storage houses and the forge, to the ruin of the proprietor, as he had anticipated.

Owing to Montressor’s entry in his journal as of the 23rd when they fired Valley Forge, there has been some doubt among later historians of the exact date of the destruction, of the forge. Historian Henry Woodman could not give the exact date but asserted that it occurred a short time previous to the massacre at Paoli. However, Colonel North, who was secretly observing the British camp from Mt. Joy, noted the conflagration on the 20th, and later, with William Jackson and George A. Baker, signed as witness. Captains John Davis and Benjamin Bartholomew estimated the damages sometime after the war, and in 1809, seven years after Dewees’ death, $7500 was allowed his widow.

Enroute to Warwick, Washington detached Wayne to threaten the enemy’s right flank as soon as he broke camp in Tredyffrin and attempted to cross over the fords of the Schuylkill. Smallwood with his division of Maryland troops, variously estiamted at from 1850 to 2600 men, coming up in the rear of the British army, was to reinforce Wayne as soon as it became prudent to attack, and he was to also act in conjunction with Maxwell’s Light Infantry and Potter’s Pennsylvania Militia ordered to the enemy’s left flank , if it could be accomplished without too much loss of time.

Wayne’s Division moved from Yellow Springs in the early morning of the 17th September to above Paoli and on the 18th selected a camp site on the Ezekiel Bowen farm, later occupied by Griffith, south of the present town of Malvern, on the plateau a short distance west of the continuation of the Longford road leading up from the Warren tavern and about two miles above the Paoli inn.

As the division had lost most of its baggage at Chadds Ford, the camp was largely of huts of fence-rails and brsuh. Here Wayne was in a position for a qucik attack and he believed his presence was unknown to the enemy four miles away.

Acting Division Commander, Brigadier General Wayne’s command based on the known fact that some of his regiments had been reduced to almost company strength, consisted of about 1350 Pennsylvania Line troops, together with a company and four pieces of Field Artillery and two troops of Bland’s Dragoons, commanded by Lt. Col. Temple of Virginia, making a division of actaul, not paper strength, of barely 1500 men fit for duty.

Col. Caleb North was posted on the summit of Mount Joy, Valley Forge, and Whitehead Wetherby, a patriotic citizen of Easttown, on the South Valley hills, to make observations of the British camp. In the early hours of the morning of the 19th, word was passed back that the foe was beating reveille and the Division marched by its left flank to White Horse, but as the enemy did not move, the troops returned to camp before dawn. Wayne, however, had secured reliable information of the enemy’s intention to take up his line of march for the Schuylkill at two a.m. on the 21st, so he sent Col. Chambers on the 20th to conduct Smallwood’s Division to the Paoli camp preparatory to an attack, while he, with Cols. Hartley and Temple, recommended the road leading to the enemy’s left flank, and as the night approached and it was raining, ordered his men to lie upon their arms and protect their cartridges with their coats.

Easger to be off as soon as the Marylanders arrived, he next ordered his horse led out in front of his quarters at the Hutchinson, later King farmhouse, saddled and holstered, with his cloak thrown over the saddle to keep it dry. Witha flooded river on the enemy’s front, Wayne wrote Washington “We only want you in their rear to complete Mr. Howe’s business.”

The British Commander was not nearly as supine as Wayne thought. He refused to move untila dangerous foe was driven from his rear and had spies and scouts abroad who secured not only exact information of the identity and number of troops, the approximate position of their camp and the roads leading thereto, but even their countersign and of Waynes intention to attack at an early hour of the morning, and Howe’s intelligence appeared common knowedge in the Light Infantry camp.

Between nine and ten o’clock of the evening of the 20th, a patriotic Welsn gentleman, Thomas Jones, a retired farmer of Easttown, came to Wayne withte information that a bound boy, a servant of William Clayton, lanlord of the Black Bear tavern, had wandered down the Bear road in search of a cow and had been detained in the British camp for a short time, where he heard some Light Infantrymen speak of an attack to be made that night upon Wayne’s camp, Col. Hartley, Broadhead, and Temple were present during the interview.

Wayne instantly ordered out additional horse pickets to aptrol all roads leading to the British camp and planted two new pickets, making six in all, exclusive of the horse picket under Captain Stoddard, well advanced on the Swedesford Road. Brigade Major Nichols, going the rounds, missed a sentinel, but a light horseman dispatched to the spot returned to report that the man was on duty and all was well. Wayne testily advised Nichols to go to bed.

The enemy detachment was already assembled on the Swedesford Road in the vicinity of the Davis Schoolhouse and Howell’s tavern, commanded by Major General Grey, the same cold-blodded officer who later superintended the surprise and slaughter of Baylor’s regiment near Old Tappen, New York, and who was finally rewarded with the title of Earl.

His force consisted of the 2nd Battalion of Light Infantry composed of the best drilled and most active companies from six regiments, the 42nd and 43rd Regiments, and some Light Dragoons. The 42nd of “Black Watch” was the famous Scotch Highland Regiment, and the whole command seemed well fitted for the desperate enterprise. Grey, sensible of the difficulty in distinguishing friend from foe on a night expedition, ordered the charge drawn or the flints removed from all muskets and the attack to be made with bayonets and swords only From the 2nd Brigade there came the 40th and 55th Regiments under Lt. Col. Musgrave, as a reserve. They filed off over the fields to the left at eleven p.m., gained the (Old) Lancaster road at the Bear tavern by way of the Bear road, and took position across the road and fields at the Paoli tavern. They were not engaged. A detail searched the Wayne homestead for the General and even thrust bayonets through a large boxwood bush at the corner of the house, hoping to find him, but otherwise behaved with politeness to Mrs. Wayne, though they carried off her two men servants.

Grey’s column advanced on the Swedesford road at ten p.m., preceded by an advanced guard of four Dragoons, a company of Light Infantry, a company of Riflemen armed with swords, and one or two troops of Light Dragoons, whose duty was to dispatch all sentinels.

At or near Bull’s Corner, the advance was challenged two or three times and fired upon by one of Stoddard’s videttes, who then put spurs to his horse and escaped. The column turned south on the Longford Road (at Valley Store) where the first sentinel challenged, fired and escaped, and another likewise near Warren tavern. Tradition states that the British made use of the American watchword but the sentinel discovered they were not Americans and fired.

Every adult male inhabitant along the route was hustled out of bed and taken along to prevent an alarm being given. It is related that a corporal’s guard entered the home of Captain Bartholomew on Swedesford road and took an aged uncle clad only in his night shirt. Tradition holds that he died shortly afterward from the exposure and rough treatment received at their hands.

Peter Mather, landlord of the Admiral Warren, was pulled from his bed and, unclad as he was, forced downstairs and out to a row of tall poplar trees in front of the tavern, where there was a crowd of civil prisoners coupled together like malefactors and under guard. Mather was bound to Squire Barthomomew, a man of almost eighty years. Mrs. Mather forced her way to her husband and helped him on with his buckskin breeches.

Here a party was sent to fetch the blacksmith, whom they forced to guide them to the picket a few hundred yards up the road. Two sentinels were dispatched by the riflemen’s swords after they had challenged and fired. Lt. Samuel Brady of the 6th Regiment was on guard and lying down with his blanket buckled around him. The British advance was nearly on the picket before the sentinel fired. As Brady jumped a fence, an infantryman struck at him with his musket and pinned his blanket to a rail; the officer of the picket tore loose and ran. A dragoon overtook him and ordered him to halt. He wheeled and shot the horseman dead, then escaped to a small swamp in which he hid until morning.

The expeditionary force, steered by the straggling fire of such of the retreating pickets who had escaped their bayonets and swords, reached the summit of the hill and saw at their right the line of huts by the dim light of the dying campfires and the glimmer of a few stars. General Grey then rode to the head of the column and commanded, “Dash on, Light Infantry!” Without another word, the whole battalion dashed into the woods and gave such a cheer that made the wood echo.

Many of the Americans were taken completely by surprise. Some with arms, others without, ran barefooted in all directions. The Light Infantry bayoneted every man they came up with, while the Dragoons raged, sabers in hand. The 44th Regiment followed to bayonet all who had escaped the first line, and the 42nd Regiment followed in close rank.

Even some of the British officers were horror-stricken at the havoc. “The shrieks, groans, shouting, imprecations, deprecations, the clashing of swords and bayonets, no firing from us, little from them, except now and then scattered shots, was more expressive of horror than all the thunder of artillery,” so wrote a British officer.

The enemy gained the plateau about midnight, hence the slaughter was consummated in the early morning of the 21st. Howe stated in his report “about one o’clock.” The attack was made in the most fiendish manner, the enemy shouting “No quarter to the Rebels!” and in derision the American watchword: ""Here we are and there they go!"" Many were awakened by the cry, “Up, men, the British are on you!” and could offer no defense while they endeavored to form, and in consequence were routed from the field. Grey followed the disorganized Americans who had fled out of all possible support, but soon satisfied with the damage inflicted, sounded the recall and returned to the camp in Tredyffrin with eight captured baggage wagons, many arms, and a reported loss of Captain Wolfe and three men killed and four men wounded.

Exclusive of the two regiments in reserve at the Paoli inn, the British probably numbered about 2000 men, while at no time were there over 200 Americans in active opposition to them. The total American loss cannot be definitely known. It has been placed at from 150 to 300 men, with a probability that the former is more nearly correct.

Historian Charles Stille gives the loss in slain as 61 men. There are eight Revolutionary soldiers buried along the wall south of the gate to St. Peter’s church cemetery some of whom tradition indicates as the pickets slain	the field and interred in a double row in a trench 12 by 60	feet by the yeomen of the neighborhood. Another body found two weeks later in the woods was buried where it lay.	

The poor, mutilated bodies were wound in their blankets,	with squares of linen cloth over their faces. The linen	weaver, James Neilley of Old Cockletown (now Berwyn)	claimed to have furnished the sheets from which his wife	Infantry and Grenadiers passed over Fatland ford and cut the squares for that purpose.

The local people have always referred to this as the Paoli massacre and how nearly correct they are may be told in	the report of Howe and the journals of his officers. Of the 71 prisoners carried off, 40 were so badly wounded that	they had to be left at different houses along the road.

In the early hours of Sunday, September 21, immediately	after the return of the detachments from Paoli where	trumped Washington’s ace with Grey, the British army in Tredyffrin broke camp and took up their line of march directly for the Schuylkill An observation party had found the Swede’s ford strongly guarded on the opposite bank with cannon behind breastworks. Here was General Armstrong with the Pennsylvania militia.

Picked corps from the British army could and often did move with rapidity, but the ponderous army as a whole seldom averaged above five miles in a day. The forward movement began at five a.m. by way of the Baptist and Gulph roads to Valley Forge and out Nutt road. The evening’s camp extended along that road from Fatland ford to Fountain inn (Nutt road and Bridge street, Phoenixville, the direct road to Gordon’s ford) The site today is marked with a boulder as the farthest inland point reached by the British invasion of the Northern Colonies during the Revolution.

Howe’s move up the river was interpreted as a threat to gain Washington’s right, prevent the juncture of Wayne’s and Smallwood’s divisions with the Continental Army, and to destroy the military magazines at Reading; so, on the 22nd, Washington moved westward on the Reading Road as far as Limerick and then bore right on the Swamp road and encamped in the vicinity of Falconer’s Swamp southeast of Fagleysville.

British couriers reported that Washington had retreated toward Reading, so on the 22nd at five p.m. the Hessian Grenadiers passed over Gordon’s ford, under cover of artillery and small arms fire, and returned again to deceive chance observers, and at the same time the British Light Infantry and Grenadiers passed over Fatland ford and took position on the eastern side.

On the 23rd just after midnight, the whole army moved over and by ten a.m. the last had passed over with the heavy baggage without opposition. At Gordon’s ford the Dragoons were in advance, followed by the Hessians who began to chant their German hymns as the water reached their knees. Cornwallis accompanied this column and Howe at Fatland ford. American scouts shot and killed two British officers at the upper ford, but there appeared no serious opposition.

Howe with the right wing united with Cornwallis at Bean’s tavern via Ridge and Swedesford roads, and on the 26th entered Philadelphia, the goal of forty days on the high seas and thirty-two more days on land, having marched, as one of their generals recorded, a hundred miles cheerfully and successfully, subsisting on the country and with nothing to drink for many days but water. If they had not dependable guides as volunteers, British gold or the prick of the bayonet secured all necessary information.

The damage sustained by the peaceful inhabitants of our neighborhood through the emissaries of “His Most Graceous Majesty King George the Third” that “fusty old drone from the German hive,” in less than three days occupation, is almost beyond belief, since they wanted everything except arms and ammunition.

One farmer bitterly characterized Howe as a falsifier of his word and a plunderer of private property. Another wrote, “Not even a spoon left to eat my victuals nor a comb to comb my head.”

There is a long list of damages for the loss of stock, grain, forage, provisions, wagons, harness, saddles, tools, household furniture, metal and earthenware, linen blankets, personal apparel, objects in gold and silver, but not a single firearm, and only one silver-hilted small sword, that of Surgeon Davis. One Negro slave valued at 130 pounds was stolen from Samuel Havard.

Samuel Jones (Howe’s headquarters) lost all of his crops and livestock except one horse which they were unable to catch. Abel Rees (Cornwallis’ quarters) lost everything including the two ends of his barn and his apple orchard, and Christian Workizer (Agnew’s quarters) likewise, including thirty apple and peach trees destroyed.

Since none of the Quaker families and few of the Mennonites made returns, and others neglected to do so, it is difficult to estimate the total loss. Possibly the listed damages represents fifty per cent of the neighborhood cost of entertainment and that the total damage reached $50,000, a large sum for those days.

If there remains any question whether our community remained undecided, pro-Whig or pro-Tory, we might take into consideration the contrast in the treatment of the inhabitants by the haughty invader and by the paternal American Commander. Howe left a path of desolation, while Washington was always considerate of the right of the farmer.

Less than three months later, on December 19, 1777, with the British firmly in control of the capital city of Philadelphia, General Washington led his troops from their positions on the hills at Whitemarsh into winter quarters at Valley Forge. There the soldiers built log huts for shelter and the officers quartered in stout stone farmhouses of the early Welsh settlers.

As winter settled in, encounters between Continental and British troops were largely minor actions west of the Schuylkill involving American militia and British provincials. The achievements of Potter’s Pennsylvania militia, Morgan’s riflemen, and of other heroic outposts, may never be told, but the traditional stories handed down to us, and history itself, prove that they strove valiantly and well to confine the enemy within the narrow limits of the fallen metropolis. Franklin was right, “Philadelphia had taken Howe.”

Had the outcome of Whitemarsh been less fortunate, the encampment of the Continental Army during the winter of 1777-1778 would not have been at Valley Forge, but in all probability, deep in the rugged hills some where between Lancaster and Reading, leaving open to depredation of the enemy much of the rich agricultural and industrial region of Pennsylvania. The selection of Valley Forge constrained Howe to sporadic incursions in a greatly restricted area.

Let not the reader be deluded by a mental picture of a camp of wretched humans shivering in idleness around open and smoky camp fires. The winter was of average mildness, the huts snug and warm, and from first to last the camp was one of intense and constant activity. It is related that Captain John Davis of Wayne’s brigade, whose home was within the picket line, had leisure to visit his house on only one or two occasions during the encampment. These men toiled for a cause they believed just. What men of courage, fortitude and endurance could do, was done.

Easttown’s own General “Mad Anthony” Wayne was quartered at the home of Joseph Walker on the corner of his farm not far from today’s Gateway Shopping Center. Nicknames usually begin at home; Wayne’s originated with his own men. The circumstances have been variously related but differ only in minor points.

A subordinate in a state of intoxication reported to Wayne and received a blistering reprimand. “He was a mad Anthony,” said the sobered and chastened man on his return to his quarters, to the delight of his cronies who were acquainted with the caustic temper of their General, and as soldiers have to laugh, the remark quickly spread through the Pennsylvania ranks and soon the whole army. “Mad” in the local vernacular means “angry,” but it assumed an entirely different meaning with the troops of other Colonies, of which “rash” is the mildest and “crazy” the harshest definition.

Beyond the line of pickets of the main camp there were outposts with a more or less complete system of communication with Valley Forge. One of these connected Signal Hill at the crossing of Sugartown and Newtown roads, half a mile or so south of old Cockletown (now Berwyn). This outpost was commanded by Captain Henry “Light Horse Harry” Lee who had a line of signal trees from his quarters to Mt. Joy, Valley Forge. They were large chestnut trees with their tops lopped off to permit the erection of rude scaffolds for the observers to signal to camp the detection of an approach of the enemy or of a farmer hauling supplies to the City market.

An observatory of this nature stood in the middle of Cassatt avenue, half way between Conestoga road and the Turnpike, Berwyn, until removed to grade that avenue. Another stood in the clearing of the Burn farm, nearly on the rear line of the present Bair estate (Hillcrest). A third stood on a private cartroad which may easily be traced along the Burn and Reese woodlots and on down into the valley to the Samue!Jones (Griffith John) plantation.

There was probably another tree along Waterloo avenue bordering the Coates estate, and, of course, there was the one on the crest of Signal Hill. The exact method of communication employed is unknown but it is thought that the report of gunfire brought one after the other horse picket to his observation post where messages were conveyed by means of flags, mirrors, or torches.

On the highest point along the Newtown Street road, in front of the David Thomas house, now the Aronimink Golf Club grounds, there was a sentinel or signal tree, an oak, now gone. This tree top commanded a view to the City on a clear day, and, it linked with two others on the north with Signal Hill. By the aid of those obser-vation posts, the vigilance of Lee and his troopers intercepted a large part of the supplies intended for the City market. The drovers usually received a stated number of lashes upon their bare backs and their produce was confiscated.

The late William Wayne jr. had a letter from General Wayne to his wife which throws some light upon the prevailing habit of all classes to evade the embargo on provisions. Probably through Captain Lee, General Wayne had received unofficial word that his thrifty wife had been detected in her attempt to run the blockade. In his note to her the General wrote, in substance, “Though British gold seems more desirable than Continental notes, the American army is striving hard to keep supplies from the enemy and your actions, if repeated, may compromise my honor as a Continental officer.”

Since the British were in great need of country produce, and as Lee had been particularly active in stopping the supply from this quarter, a scheme was formed in January, 1778, to surprise and capture him in his quarters at the stone house owned by James Scott, later the estate of Dr. Stout (now the daycare center, A Child’s Place). The same buildings were also used as a storehouse until the goods could be transported to the camp.

A force of about 200 dragoons, led, it is said, by the notorious Lt. Col. Banastre Tarleton, made an extensive circuit on the night of 17 January probably by way of Gray’s ferry, Darby, and Newtown roads. They seized four patrolmen without giving an alarm and arrived at dawn in a most daring raid. According to tradition in the Tryon Lewis family, one of the women in the farmhouse along the Darby Creek road observed the long line of horsemen as they passed, but being a Quakeress and in fear of bloodshed, she did not awaken the men.

Lee’s force, at his quarters, was insignificant, five men and four officers including Major Jameson who commanded two troops on the eastern side of the river and here present on a visit. One of the men saw the British coming and Lee had a moment’s warning. The quartermaster sergeant attempted to save some of his stores, was severely sabred, and made prisoner.

The British dragoons immediately surrounded the house, sounded a parley, and demanded instant surrender or the house and its defenders would be burnt. Lee’s reply was, “Who but a fool ever threatened to burn a stone house?” Meanwhile the patriotic owner, who, at the first alarm, had succeeded in evading the enemy, carried word to a detachment quartered in the Great Valley and Colonel Stevens was dispatched with a battalion of infantry to the rescue.

The doors were immediately barred and though there were not enough men to guard all the windows, Lee placed his men so effectually that he repulsed an assault. One of the bravest was Ferdinand O’Neil and but for the flashing of his carbine, Tarleton would have fallen in his attempt to enter a window. However, he glanced up with the utmost coolness and exclaimed, “You have missed, my lad, for this time.” There was little protection in the yard, so the dragoons fell back, though their shots spattered the walls and woodwork of the house. Obviously the surprise had failed, so after half an hour’s indecision they turned toward the stable to drive out Lee’s horses, but drawn to the west windows, Lee^rs s men delivered a volley while the Captain shouted, “Fire away, boys, here comes our infantry, we’ll have them all,” and Lieutenant Lindsay, with the blood dripping from his wounded hand, rushed upstairs, opened a north window and eagerly beckoned, as if reinforcements were close at hand.

The ruse was successful, the enemy spurred quickly in the direction whence they came, having accomplished nothing commensurate with the boldness of the enterprise. They vented their rage upon unprotected farmhouses in their retreat by way of Newtown and Darby. Records of various claims are on file, among others that of David Thomas (Wyola), “To clothing and other articles taken out of my house by light horsemen on their return from an attack upon Captain Lee in Easttown -	5 pounds, 3 shillings, 2 pence.”

On 20 January, Washington, in his general orders, gave thanks to Lee for his gallant conduct, and later, recommended him and his officers to Congress as having uniformly distinguished themselves by conduct of exemplary zeal, prudence, and bravery. Congress, to reward their merit, resolved that Captain Lee be promoted to the rank of Major and empowered to augment his corps by two troops of horse. He later became a Major General and the father of the great Confederate General Robert E. Lee.

One of the most famous,	and in the eyes of the	British army, infamous,	residents of Easttown,	second only to Anthony	Wayne, was the Rev. David	Jones. He came to the	Baptist Church in the Great	Valley as pastor in April,	1775, even as the first shots	of the Revolutionary War	were fired in anger outside	Boston. He had most recently served as a missionary among the Indians of Ohio during 1772 and 1773 and had a reputation as a supporter of the cause of independence.

Within a year, he offered his services to the Pennsylvania Assembly and was appointed a chaplain to the Fourth Pennsylvania battalion. His unit was ordered to Fort Ticonderoga to support the armies of Gates and St. Clair. The next year he became chaplain to General Wayne’s brigade and was present at Brandywine, Paoli, and Germantown during the Pennsylvania campaign. Later, he ministered to Wayne’s troops when they joined the southern army at Yorktown and followed Wayne to Savannah for the closing days of the war. 

Rev. David Jones returned home at the end of 1782 to take up farming and preaching. While on leave from the army in 1781, and at the suggestion of General Wayne, Jones traded his property in the Great Valley for a parcel of land on Leopard road near Waynesborough. He was content to build his farm and supply the pulpits of many churches for the next two years. In 1786, he leased the farm, withdrew from the Valley church, and became pastor of Southampton Baptist Church (Bucks county), but in 1792 returned to Easttown, finally agreeing to again serve the Great Valley church “... until a more favorable situation presents itself.” No such favorable situation arose during the next twenty-eight years.

Indian wars were vexing the new United States of America. President Washington appointed Anthony Wayne Commander-in-Chief of the U.S. Army, with the rank of Major General. He was about to undertake that which Generals Harmer and St. Clair failed to accomplish after a fearful loss of second only to Anthony	life, the defeat and subjugation of the Indians north of the Ohio river. Wayne, in turn, appointed Rev. David Jones chaplain of the army. His commission was	dated May 13, 1794, and as he had traversed this region on missionary work some years before, he proved valuable as a guide to the expeditionary force, which administered a crushing defeat to the Indians at Fallen Timbers on August 20 of the same year.

Wayne negotiated the Treaty of Greenville with the Indians in 1795 and returned to a hero’s welcome. Within four months, however, President Washington asked Wayne to travel west again. Under the terms of Jay’s Treaty, the British were to surrender the Northwest forts, and Wayne was to receive them for the United States. The mission accomplished, Wayne retraced his steps toward home but was stricken and died at the U.S. Fort Presque Isle, today’s Erie, Pennsylvania, on December 15, 1796, just sixteen days before his fifty-second birthday.",NULL,"EastT",,,,,,,"Chapter 4: Revolution and Early National Period","document",NULL,"1","Meg Wiederseim, Heidi Sproat, and Mike Bertram"
"951","1798 - 1833","Easttown, Old in History, Young in Spirit, 1704 - 2004 by C. Herbert Fry","Chapter 5: Turnpike Period

1798 - 1833

All but the eastern end of Cockletown, on the Old Lancaster road, was in Tredyffrin, but upon completion of the Philadelphia and Lancaster turnpike in 1798 by a company of progressive business men, nearly all of the transient traffic moved to a parallel line south of old Cockletown and mostly in Easttown. 

This was the first toll road constructed in the country. The more direct route with graded and stone-paved roadbed, at once justified the expenditure by the increased stream of travelers requiring “entertainment for man and beast,” hence the numerous taverns that appeared along the road. There were drove, wagon, and stage stands, the latter being by far the best conducted.

All of the pre-Revolutionary stands left stranded on the back road were speedily put out of existence and their owners compelled to rebuild on the pike in order to hold their custom, but wherever the turnpike happened to occupy the old roadbed, the fortunate landlord opposite reaped an increased trade. Of the more fortunate were the Black Bear and the General Paoli. 

The General Paoli, named in honor of Pasquale Paoli the Corsican patriot, came to be the Democratic headquarters, the polling place of Easttown and several other townships, and by the addition of several wings, offered an imposing front. It was owned by the Evans family for over a hundred years; Joshua Evans 1769-1814, Joshua Evans jr. 1814-1846, and John D. Evans 1846 until 1873. The Evanses, however, did not keep tavern continuously, for there were several early landlords, including Richard Robinson in 1799 and for some years after. 

Joshua Evans jr. was the political and military leader of the district. Paoli was crowded on election day, the voters sometimes lined up for a quarter of a mile, and as every district had its bully, fights were numerous and often became general. The landlord on important election days disposed of two or three barrels of whiskey, besides quantities of cider, cherry bounce, and other liquors. In 1812 a regiment was mustered at the Paoli and neighboring taverns.

Isaac Wayne was also a political leader. He frequently got in difficulty at the Paoli inn when it was filled with an election or military muster crowd, and his trusted son-in-law, William Hayman, usually came to his rescue. “Isaac Wayne! Are you in trouble again?” “Yes Billy, come here!” and Billy would plunge through the packed mass, pushing men to the right and left, until he reached the side of Isaac and took his part in the fracas.

The Springhouse, the successor of the Fox tavern on the Old road, was located in what is today the east end of Berwyn It was built by William Torbert for John Llewellyn, a brother of David Llewellyn of the Fox, and in 1814 bought by the Kuglers. From 1825-1830 it was leased by John Dane, later by his widow, when it became known as “Peggy Dane’s” tavern, the rendezvous of many a rustic beau, for the landlady had a bevy of dark-eyed daughters. Later it was occupied by the owner as a residence, a member of the family that made Kugler’s restaurant famous in Philadelphia.

This tavern was situated at the head of the Darby creek, with ample yard room and an abundance of spring water. It became known as the Big tavern. Samuel White who had sold his Valley Forge farm, moved there in 1855, but after he had occupied the building a single day it caught fire from locomotive sparks and burned down. It was rebuilt on part of the old walls by the Rev. John McLeod.

The new Drove bore an evil reputation for drunken brawls and gambling. It catered to a rough class, the drovers. It was popularly believed that unknown patrons were robbed and perhaps murdered in their beds, through a system of easy entry to the bedrooms by means of trap doors from cellar to garret in superimposed closets. Here, also, scandal whispers, a sporting member of the Reese family staked a farm on the throw of the dice and lost!

The older building was demolished by Henry Fritz in 1869 to make room for his residence. Curious neighbors wished to dig in the old cellar for traces of bodies but the owner filled it up with the remark that as he expected to live there, the less he knew of former trouble the better. 

,	The Reeses appear to have been a kindly people, fond of sport of all kinds, and they naturally attracted the noisy, sporting class. They imported the first thoroughbred stallion for breeding purposes, in all this neighborhood, and the Old Lancaster road through Cockletown provided an excellent half mile dirt track upon which the improved type of horseflesh was exercised by their owners. The turnpike had drawn off most of the traffic, and the Sunday impromptu races down the Old road lined the fences and filled the trees with spectators, some of whom bet freely upon the result. Later, the Reeses built a track in a field west >of the Howellville road (later occupied by the nursery of W.H.Doyle) and altogether spent a great deal of time and money on race horses.

The new Drove stood on the northeast corner of the turnpike and the Howellville road, built against the bank so that the occupant could step from the second story rear door to his backyard, and the rear rooms of the ground floor were dark and damp to the extreme. The singularly graveyard repellent odor of the Judas tree, the enormous boxwood bushes, and the greenish unhealthy-looking fruit lying crushed under the large Osage orange, heightened the evil effect. 

It is certain that John Reese, a reputable farmer on the Old road, was the proprietor in the early 1830s and that the Rev. William Henry Rees occupied one of the buildings while preaching at St. David’s and St. Peter’s churches. Abel Reese may have been the last landlord.

Of the new hostelries, the Lamb (now Roughwood, a private residence), corner of the Turnpike and Line (Great or Baptist) road, Devon, was built about 1805 by George Rees who was later Sheriff of Philadelphia county, and a country store was kept there by Jonathan Jones, 1805-1812. John Lewis was first tavern landlord in 1813, followed by Jacob Clinger, 1815-1830.

The Stage Coach (later part of the lawn of George D. Woodside’s mansion, Devon) was owned by John Havard Davis, 181O; John Lewis, 1810-1812,-Alexander E. Finley, 1813-1830, perhaps later, and was followed by a German by the name of Shenaman, who was the last landlord. Finley was a Scotch-Irishman of some political influence anda “colonel” of the militia. The Stage was often called the “Militia house” since the Glassley commons where it was located was scene of many a military muster of Easttown.

The signs of both the Lamb and Stage were the work of a self-taught artistic genius, James McGuigan, of Glassley commons. All inns in that day had signboards with pictures on them. This was necessary, for many of the teamsters along the road could not read.

The old Blue Ball of Mt. Airy (now known as Daylesford), had been left out of the line of travel and a new tavern was erected close to the new pike. It was also known as the Blue Ball, though oftener called “Prissy’s” tavern after the notorious Prissy Robinson who kept it for many years and died, at the age of one hundred years and six months, after outliving three husbands. The estate, except a few acres, was in woods, and Prissy was for many years before her death under the necessity of selling ginger cakes and molasses candy to the children at nearby Mt. Airy school for the few pennies she could make. 

The Black Bear was the only tavern in this vicinity on the south side of the pike. It stood near where today’s Route 252 crosses Lancaster avenue and served wagoners and drovers.

The General Jackson built by Randall Evans, brother and bitter rival of the landlord of the Paoli, was headquarters for the Farmers’ Lodge of Freemasons, No. 183, from September 12, 1822 to about 1830 when it was constrained to forfeit its charter during the anti-Mason craze. Evans was succeeded by Evenson, who called it the Franklin, and it was later known as the Hinkson house. Much later it was the headquarters of the local branch of the Red Cross, during World War I.

It was the custom of the times to abbreviate the names to Stage, Ball, Bear, etc. There were 62 taverns or inns located along the 62 miles of the turnpike between Philadelphia and Lancaster.

The Paoli was a stage stand of excellent reputation. Many of the others were frequented principally by the wagoners and drovers who were usually content if they could find a spot on the barroom floor for their blankets, and sometimes while they lay in a drunken sleep, the crafty landlady would extract produce from their wagons to serve up for breakfast!

Robert McClenachan, late of Ireland, styled a Philadelphia merchant, married Amelia Harrison, who had inherited a large tract of Easttown land. In 1800, shortly after completion of the turnpike through a part of this property, McClenachan laid out on paper the new town of Glassley with wide streets, squares, and lots, on a tract about equidistant between the Lamb and Springhouse taverns.

Beginning on the north at Old Lancaster road running east and west there were in succession: “North”, “Turnpike,” “South,” and “Pearl” streets; beginning on the west running north and south there were “Green”. “Harrison,” “Franklin,” “Washington,” “Thompson (now Fairfield),” “Wayne,” and “McClenachan (now Valley Forge)” streets. But beautiful Glassley never became a town. It looked good on paper, but it had no industry to attract prospective residents.

McClenachan donated a piece of ground in his model town “on the side of the hill near a spring of water” for a school. At that time there was a schoolhouse in Howellville, one near Strafford, and one near the edge of Newtown, but all were too far away to accommodate the children of Easttown. With the ground having been provided, people gave either money or work as best they could, and in 1808 Glassley School House was completed and opened to children who could attend.

After selling some lots, the disgusted founder returned to England and there died. For many years this fenceless tract was known as the “Glassley commons.”

Here Major Wetherby, Captain Rowan, and Ensign Hampton proudly exhibited and exercised their gaudily clad militia, which later degenerated in ever more of a farce. Every male over 16 years of age was supposed to turn out once a month for military drill, according to the law. The military spirit was at low ebb and there were no active leaders and the men and boys tramped about at random, often armed with cornstalks, to fulfill the letter of the law.

Later they persuaded landlord Finley of the Stage to assume charge, dubbing him “Colonel” though he knew nothing of military matters. However, he was not loath to lead them to the field and exclaim, “Line up b’ys, line up with your backs to the turnpike and your faces to the gum tree and stand still until I gov’ the word halt!”

General Anthony Wayne was buried at Fort Erie where he died in 1796, and years later his son Isaac disinterred his bones and brought them home packed in the body of his sulky. On June 6, 1811, the local military companies assembled at Evans’ (Jackson) tavern, Paoli, and moved out the Lancaster road to meet the Norristown cavalry and the funeral cortege, which they conducted to Old St. David’s church.

Samuel Smiley, an old soldier under Wayne, insisted upon marching on foot in front of the hearse the whole distance. Chaplain David Jones was present and upon the solicitations of the assembled neighborhood, mounted the platform to relate once more the horrible details of that awful night when under the command of the cold-blooded Grey, the British surprised Wayne at Paoli.

Wayne’s war horse survived him many years and was often ridden by his son on the muster days of the militia. Col. Isaac Wayne inherited from his distinguished father a taste for military matters which he often exercised on the old Valley Forge parade grounds.

In the second war with Great Britain, or War of 1812 as it was called, local men took a prominent part. Cromwell Pearce, was appointed Major General of the Third Division, Pennsylvania Militia. Isaac Wayne was offered a colonelcy in the infantry, but refused, preferring to enlist troop. Benjamin Wetherby was Captain of the Fourth company in the 65th Regiment, Pennsylvania Militia. The local companies did not see a great deal of action, but the officers in higher command were in several hot engage-ments. In 1812 Cromwell Pearce resigned his empty title of Major General of Militia to become Colonel of the 16th U.S. Regulars, and while second in command under General Pike, captured York (now Toronto), Canada. In the battle of Chrystler’s Field near Williamsburg, Canada, November 11, 1813, in which the Americans were victorious, the command devolved to him after General Covington was mortally wounded.

It was announced during 1816 that Wetherby’s company would be paid off at the Paoli tavern on a certain date. Doubtless Joshua Evans had extra heavy receipts on the appointed day when “the ghost walked.”

On September 20, 1817, the Republican Artillerists, headed by Col. Cromwell Pearce, and with the local military companies, dedicated the first monument to the dead at Paoli. Five years later, Col. Pearce and his wife conveyed about 23 acres adjacent to the graves as a place of parade forever. The Paoli Battle had taken place next to the Pearce family farm when the Colonel was five years old.

The intrusion of government into the lives of Easttown residents was very slight. County officials (commis-sioners, judges, etc.) were situated in West Chester. Justices of the peace represented the county judges locally, but most served districts comprising three or four townships Easttown was paired with Willistown and East Whiteland. The first Easttown appointee as Justice of the Peace was Whitehead Wetherby in 1800, followed by Benjamin Wetherby in 1817.

The Fiftieth Anniversary of the evacuation of the Continental army at Valley Forge was celebrated on July 26, 1828. That late date was to accommodate the farmers who were busy with cultivation on June 20th, and harvesting crops on July 4th. It was ostensibly a Harvest Home but actually a Whig political gathering of the local admirers of the grand old sage, John Quincy Adams.

We are told that the morning was ushered in by a salute of cannon and that some venerable survivors of the Revolution were seated upon the stand with the orator of the day, Col. JC. Watmough. Abisha T. Woodman contracted to provide lunch for the entire company on thirteen tables, each 164 feet long, and seating 1600; about 3000 were fed here and many others dined elsewhere.

Jonathan Roberts presided over the dinner at which thirteen toasts were scheduled: George Washington, John Quincy Adams, Henry Clay, Richard Rush and Anthony Wayne were extrolled, and Andrew Jackson, Timothy Pickering, Livingston of Louisiana, Eaton of Tennessee, Giles of Virginia and other Democrats, condemned.

Except for commerce transacted at the taverns and inns along the pike, nearly all of Easttown’s 600 inhabitants were involved in day to day subsistence agriculture for their livelihood. Some small amount of grain crops and meat produced were considered surplus and sold at market, but the greatest portion of what the farm produced was used on the farm itself.

Most farms were fifty or more acres in size and generally stood at a distance from each other. A traveler, some years earlier, with perhaps some exaggeration, noted that between Philadelphia and Lancaster he found “not any two buildings standing together except at Downingtown.”

Opposite the fifteenth mile stone on the turnpike (Classley) Samuel Stirk, wheelwright, and Patrick McCuigan, blacksmith, were established. Blacksmiths, and often wheelwrights, flourished also near the inns at the Paoli, Leopard, and elsewhere.

The little community that served Easttown was of scarcely any importance, known at this time as the “Sixteenth mile stone,” advertised as late as 1832 by Van Leer and Channel, who had moved their stand from Tredyffrin to the “spacious store house on the Lancaster pike’ at Newtown road where they sold dry goods, groceries, and liquors; or as “Peggy Dane’s” or the “Drove.”

The coming of the railroad was soon to displace pike traffic. The road, not an engineering wonder, was as crooked as a meadow brook and was at first operated by horse power, but on April 1, 1834 the first locomotive, the “Black Hawk,” ran in eight and one-half hours from Philadelphia to Lancaster. By 1836 steam had displaced horse power. Abel Reese viewed the first steam-drawn cars with tears running down his face, and he exclaimed to his neighbor, Peter Burns sr., “Our farms are ruined!” Burns sacrificed a valuable colt racing the returning engine into Philadelphia.

The stage and freighting business on the turnpike was indeed soon ruined, and although the decline of the tavern was gradual it was more or less complete, and it was high time for the common tap-room was demoralizing the people. The barroom had become the social life of a certain proportion of the male inhabitants and swearing, quarreling, habitual drunkards infested every neighborhood.

Of the taverns before mentioned, the Lamb, Blue Ball, and Jackson became, for a time at least, private residences; the Stage, Springhouse, and Paoli were destroyed by fire; and the Drove and Black Bear were demolished.

Dr. John P. Lewis, local Quaker physician, had a wide practice. He and Dr. Thomas B. Evans, a cousin of Anthony Wayne, are said to be the first physicians to practice in Easttown. Lewis’ daybook of 1827 shows that he charged $1 for a single visit including medicine, though often no greater sum for two or three visits. He charged 25 cents for extracting a tooth or for bleeding. Vaccination came high at $1.50 to $2 and the reduction of fractured members, from thumb to leg, ran from 75 cents to $5.

Easttown residents continued to make their way on Sunday to the three old meeting houses, St. David’s, Valley Baptist, and Valley Presbyterian.

For nearly a score of years St. David’s Church was without a regular rector. Little had been done at Radnor to arouse the congregation from the spiritual apathy caused by the Revolution and the hierarchical split with the Church of England. Its pulpit was at last filled by the Rev. Samuel C. Brinckle 1818-1832, in whose term was inaugurated the first Sunday school with the venerable John Hunter as superintendant.

Then followed the Rev. William Henry Rees, 1833-1838, who was a native of Cockletown as was his father before him. The Rev. Rees, late of the Diocese of Maryland, had been called from the Church of St. James the Greater, Bristol, and left this vicinity for Mt. Vernon Institute, an Episcopal Church school at West Chester.

Dr. Henry Yates Carter was the first secretary of the St. David’s vestry of this time. He was born in London, 1750, and died at his home opposite the Drove tavern, 1849. He had been assistant surgeon on board Lord Nelson’s flagship at Trafalgar.

The Rev. David Jones was again the pastor of the Baptist Church in the Great Valley from 1792 to 1820 with frequent leaves of absence. In February, 1799, the Church was incorporated, and in 1805 a new stone meeting house was built. The oak logs of the original building were sold for $55 and dragged up Valley Forge road to be used as an addition to the Lamb tavern on the turnpike. The parsonage was built in 1816 and the barn in 1823. The little creek, Nantyr Ewig, which flows through the meadow, was dammed and here the converts were baptized at all seasons of the year until a pool was provided in the new chapel at Berwyn. It was popularly believed that no one had ever taken cold from baptism as practiced by this denomination.

In August, 1821, the Rev. Thomas and Elizabeth Roberts, Evan and Elizabeth Jones, Isaac and Rachel Cleaver, and John Farrier were dismissed to form a mission to the Cherokees in Tennessee, the first fruits of the Missionary Society organized in 1816.

It is noteworthy that after this little band of zealous Baptists had labored long to reduce the tribal dialect to a written form, they found that an illiterate half-breed Cherokee, Sequoyah, or George Guess, with nothing but a split shingle and a piece of charcoal, had devised in 1826 a syllabic alphabet by which he rendered the language completely expressive. The missionaries discarded their own attempts, although they had already printed a spelling book, and were pleased to adapt Sequoyah’s arrangement. A son of Evan Jones, the Rev. John B. Jones, born on the mission field, translated the Scriptures into Cherokee many years later.

The closing days of the Turnpike era marked a season of great religious activity under the Rev. Leonard Fletcher. It is said that during his pastorate 447 converts were baptized and 26 admitted by letter, and at this time and for more than a score of years later, especially under the leadership of the Kauffman family, the choir enjoyed an excellent reputation for music.

The Baptist Church in the Great Valley became the parent through missions of the following Church organizations: Lower Merion, 1808; Phoenixville, 1830; Norristown, 1832; Willistown, 1833; West Chester, 1834; Radnor, 1841. This last, it is true, was secession from the Great Valley church, when 79 communicants in sympathy with Rev. Fletcher’s antislavery views, asked for and received their letters to form a church in Radnor.

Great Valley Presbyterian Church had but one pastor during all of this period, the Rev. William Latta, 1799-1847. He was born in 1768 and died in 1847. He made a memorable prayer at the West Chester reception for General Lafayette in July, 1825. He was a son of the Rev. Dr. James Latta and a brother of the Rev. Francis A. Latta.",NULL,"EastT",,,,,,,"Chapter 5: Turnpike Period","document",NULL,"1","Meg Wiederseim, Heidi Sproat, and Mike Bertram"
"952","1834 - 1859","Easttown, Old in History, Young in Spirit, 1704 - 2004 by C. Herbert Fry","Chapter 6: Beginning of the Local Industrial and Educational Period

1834 - 1859

The	Philadelphia and Columbia railroad, an undertaking of the state “Main Line of Public Works,” was crooked, uneven, and full of high grades. Its light rails were laid in slotted iron chairs which in turn were bolted to stone sills about 22 x 14 x 12 inches or less. This proved unsatisfactory and eventually gave way to wood ties. The first cars were horse drawn and, as horseflesh is ever unequal in speed, a schedule could not be maintained. 

The first light engines had comparatively high smoke-stacks which were hinged to lower while going under the low overhead bridges, and a man had to go along the track after every train to drive in wedges loosened by vibration of the engine.

When a locomotive ran off of the track, the train crew and perhaps some of the passengers would pry it on again with a couple of fence rails. The first passenger injured met with an accident which occurred through carelessness. The man stood up in his seat to pick an apple hanging froma tree over the right of way and struck his head against a limb; he fell under the car and had a leg severed. For a long time the engines burned wood, which gave the sawyers much employment. Hugh J. Steen had a contract to furnish wood by the cord, and he often joked about certain crooked logs rejected by the sawyers which formed the base for new stacks and were measured again and again!

The Columbia railroad was commenced previous to 1828 and completed in 1833. The first train hauled by the famous ’Black Hawk” locomotive passed over the road on the last day of February, 1834. The Pennsylvania Railroad, incorporated April 13, 1846, built a road from Harrisburg to Pittsburgh and took over the old Columbia road on August 1, 1857. The railroad was originally surveyed in 1826, on a line in the Great Valley near the northern slope of the South Valley hills from Warren tavern to the gap opposite Spread Eagle, where it was planned to enter the hills. This would leave Paoli inn, which had so long been enriched by social, political, and military preferment, high and dry. Joshua Evans jr. was a man of energy and of influence, however, and he pulled every wire to have the railroad pass his door.

The story is told that a gang employed in some preliminary work was quartered at the Davis tavern, Howellville, which was on the proposed railroad. Something had gone wrong at the hotel; the landlord was inclined to be grouchy, and the men complained that they were not getting good service. The hostler, doubtless an emissary of Evans, intimated that if they would go to the Paoli inn they would be treated right. It appears that they went to Paoli and were kept dead drunk for five days during which time the officials were vainly searching for them and wild rumors spread of their capture by Indians.

It is possible that the valley was the ostensible route projected to obtain concessions from the owners along the turnpike, but at any rate Joshua Evans felt that he had obtained a victory, as indeed he had. The Paoli inn was admirably situated to cater to the increased trade that the trains brought to its doors. The bustle of the military muster and elections was succeeded by the rush of passengers to eat and “liquor up,” but after some years of prosperity the roadbed and equipment improved so much that the time to and from Philadelphia became all too brief to admit of lengthy stops; from this time on the Paoli inn gradually declined.

To the east, the community dwelling near the “Sixteenth Mile Stone” on the turnpike settled down to a long period of quiet, simple, rural life. A few buildings had sprung up between the Springhouse and Drove taverns, notably John Lewis’ (later Frank Matson’s) log house, William Sloanaker’s store on the corner of Newtown (later Waterloo) avenue. William Gamble's single and double stone houses, better known as the cigar factory because of the Spanish and half-Spanish cigars made there, and a few other buildings including a store-house for grain from the valley on the northwest corner of Howellville road and Lancaster pike across from the Drove Jonathan Moore’s, formerly Dampman’s, a drover). The farmhouses of the Carters, Potters, Wetherbys and Smiths were close by. It formed a somewhat modernized duplicate of the ancient hamlet of Cockletown.

A small frame and plaster office had been erected early in the century for the use of Dr. John Wilson Rees until his death in 1840 in the 34th year of his age. This stood opposite the Drove, between the pike and railroad. Here the Rev. William Henry Rees, rector of Old St. David’s and St. Peter’s, established a Sunday school with 45 scholars and three teachers in 1837, and here Clara Davis kept a private school in 1865.

The indefatigable Rev. Rees also established a select school for boys in his residence at the Drove tavern until his removal to West Chester in 1839, to devote his whole time to his Mount Vernon Academy.

This easternmost building, sometimes called the Drove, was then occupied until 1850 by Noble Heath and his Reeseville Boarding school. In this connection it is well to mention that Noble Heath, in 1855, published “A Treatise on Arithmetic,” which was very superior and very complete. 

The place was not of sufficient importance to justify even a flag stop on the railroad; the turnpike had become almost deserted and badly out of repair, yet it became apparent that the village needed a name. About 1835 a sign appeared on the little schoolhouse announcing “Reeseville” to all who passed. The Reese family was among the early Welsh settlers of the neighborhood and the name was the logical one for the place, though it created considerable criticism and some opposition.

The Sloanaker store had recently been leased by a man named Clarence, and after he renovated the buildings he put up a sign “Clarenceville”. Not to be outdone, Rev. Rees put up a board in his meadow opposite Clarence’s store, lettered “Mount Vernon,” apparently were never generally accepted, and the village settled into a comfortable familiarity with the name Reeseville for the next forty years.

Before the establishment of the public school system a few scholars attended private academies, but so called “pay” or subscription schools were the norm. Youths in Easttown usually attended at the Wayne school, on the border of Wayne’s plantation, along Bear road and a few hundred feet north of the Bear tavern, or at the Glassley school south of the Lancaster turnpike, in McClenachan’s Classley development, where “reading, writing, spelling, and ciphering” were taught. In common with the parochial school at St. David’s church, they were all tiny, one-room affairs capable of accommodating an average, perhaps, of fifteen or twenty children. The masters often taught school in the winter when farm work was light and worked as a farm hand in the summer.

With the implementation of the Common School Act, in 1835 and later, the trustees managing each school were replaced by an elected board of township school directors. School tuition was eliminated in favor of tax support which came partly in the fonn of levied school taxes and partly in the fonn of a subsidy from the state. The St. David’s school was torn down by the church in 1844, but two new schools were added by Easttown township.

Foundations were dug for a school on Church road between the Smith and the Adam Siter farms. Adam Siter was the schoolmaster of the Old Eagle school - “Hop and Go Fetchit” the boys called him. However this site was not used, for John Ogden of Hickory Hill about 1850 offered a part of his ground and $500 to build on the site selected by him; this became known as the Ogden school which name it retained even after the old building and site were abandoned for the new one just below.

The Leopard school was built about 1852, on Leopard road behind the old inn. It was originally one story but a second was added in 1872 being designed for a town hall for elections, school entertainments, political meetings, the lyceum, religious services, etc. It replaced the Wayne school and became the most efficient school in Easttown.

The Public School Report for 1865 shows that Easttown had three schools, Glassley, Ogden, and Leopard; a nine-months term, 76 male and 82 female scholars; the male eacher receiving $35 and the female teacher $30 a month. The school and building tax was 4.5 mills, a total tax for the year of $1694. Tredyffrin seemed less forward to school provision though in the aggregate spent a larger sum. There were nine schools Howellville, Presbyterian, Tablet (Salem), Walker's (near Calder’s blacksmith shop), New Centerville (Fairfield), Carr’s, Eagle and Mt. Airy, with a seven-months term, 177 male and 145 female scholars; paying teachers $28 alike; the tax was 6.25 mills and amounted to the sum of $2554 for the year.

The Tredyffrin side of Reeseville attended the Mount Airy school along the turnpike on bleak Skelp Level (now Daylesford), sharing the single room of the stone building with the youths and maidens of Paoli. This school was adjacent to Prissy Robinson’s of Blue Ball notoriety, and now and then Prissy stormed the school door, ax in hand, in pursuit of some offending pupil.

She had a perpetual grudge against the railroad for destroying the tavern business. One day a locomotive killed her heifer which had wandered upon the track. Prissy rendered the tallow and greased the track. A late train tried all night to reach Paoli, and the ancient crone stood on her doorstep, shook her fist and swore she would give them tallow as long as the dead heifer held out! The next day an official came from Paoli and settled for the cow.

The decade of the 1840s appeared to be the time of reconstruction and replacement of many of the old log buildings with the more durable stone. Masons were in demand more or less steadily every season up to about 1851, at a daily wage of from $1.00 to $1.47 and ½ for masons and 50 cents a day for tenders.

During harvest time the weaver, mason, carpenter, and able-bodied men of various other trades quitted their normal occupations to help the farmer gather his crops. This condition of affairs was extremely advantageous to the farmer, for it gave him help close at hand just when he needed it, and at the same time it was beneficial to the artisan in the matter of cash and change of labor. Old timers enthused upon the sight of ten or a dozen expert reapers, cradles in hand, encircling a field of golden grain. The day began at 6 a.m. and ended at 7 p.m., with an hour for noon and short rests at 10 a.m. and 3 p.m. for lunch. Five meals a day found!

A farmer on what was later the Sharp farm paid in cash every evening after supper the day’s wage of sixty-two and a half cents. One afternoon at 5:30 o'clock a thunderstorm drove the harvesters to the house for an early supper, and their employer passed from one to another with the “cash upon the nail” reiterating, “Three-quarters and half a quarter” until he reached the last, who happened to be an Irishman, who refused to be docked an eighth of a day, exclaiming, “A whole day or nothing!” The mildly astonished farmer paid him in full, and, after another visit to his strong box, painstakingly refunded to every man in pennies and half pennies the amount for “half a quarter” day.

Squire Benjamin Wetherby, an old bachelor who owned much land south of Reeseville, was something of a character. Tradition states that he once collected a debt through the devious processes of law from Prissy Robinson and that she paid it with a barrel of large copper pennies and half pennies, remarking that, “The counting will give the old devil something to do!” 

Wetherby took great delight in the parade of the militia, in fact he once commanded the 38th Regiment. One evening, sometime in the 1830s, a small barefoot boy on a nearby farm heard the sound of fifes and drums issuing from the front of the cigar factory where a newly married couple had settled. He ran as far as the railroad bridge and there halted, for it held the proud figure of Squire Wetherby who, with cane at shoulder, paraded back and forth all by himself, and the boy heard him exclaim in a voice pitched high with emotion, “Benjamin Wetherby! Justice of Peace! Major of Militia! My! How I love martial music!”

It must not be supposed that military science and leadership of this neighborhood had wholly degenerated into showy parade, a volley of blank cartridges and a rally around the bar of the tavern, for this section continued to produce leaders of the game of war. Israel Vodges of Paoli was admitted to West Point July 1, 1830, and commissioned 2nd Lieutenant, 1st Regular Artillery, July 1, 1837, and Samuel B. Hayman accredited to the same place was admitted July 1, 1838, and commissioned in the 1st Regular Infantry, July 1, 1842. Both these officers attained the grade of Brigadier General for meritorious conduct on the field of battle.

In the early days Easttown and Tredyffrin were more evenly divided between the Whig and Democrat, and elections were bitterly contested. The astute county politicians used to wait eagerly for these township returns, especially on account of the old saw, “As Easttown goes, so goes the county.” In 1840 the Easttown polls were removed from Paoli to the sign of the Leopard, kept by Philip Kirk, the political if not the geographical center of the township; and in 1843 Tredyffrin removed to the Ramrod, kept by Evans Kendall, at New Centerville.

Valley Forge continued to be a great rallying place for the Whigs. In 1840 many thousand persons were present at a Harrison meeting to hear the great Daniel Webster speak. Four years later the protective tariff was an issue and there was a long procession in which various industries were represented, including nails and other articles being manufactured, in the moving column. A rival company of Democrats followers of Polk were rushed by the Clay adherents, and the Polk stalks of their political enemies were strewn along the route.

In 1852, during the Scott-Pierce presidential campaign an ox roast was given to the many thousand people present in one of the clay pits. Protection of home industries resulted in the development of water power for the early Scotch-Irish handlooms, and the English immigrants, deprived at a livelihood at home, found it profitable with limited capital, to run small independent mills on tiny but never-failing streams in more or less remote localities. Nearly all of the local textile mills were just beyond the bounds of our township, but nevertheless added to the wealth and industry of our inhabitants. William Crosley bought 178 acres of land on Darby creek below the Easttown line and in 1828 erected a woolen mill and conducted a large business for many years until the factory burnt down. It passed into the possession of Dr. Henry Pleasants in 1861 and from him in 1865 to Casper S. Garrett, who erected a paper mill. Unfortunately, some years later this mil too was destroyed by fire.

At Valley Forge, Brooke Evans of Sheffield, England, leased the property, converting the saw and rolling mills vacated by James Wood into a gun factory, and made 20,000 rifles of a beautiful pattern. The mill was later enlarged and converted into a cotton and woolen factory which prospered a long time.

The only woolen factory in Tredyffrin was located in Howellville on the swift little stream that comes down from Prissy’s hollow, known as Crabby Creek today. The original mill was leased from about 1835 to 1850 by Robert Webster and his two sons, John and Joseph. They were from Yorkshire, England and expert in the manufacture of woolen cloth, blankets, etc. The dam was an eighth of a mile above the village, the breast now part of a farmhouse lane, and the race is still traceable down the meadow.

There was a time , about 1845, when five or six men were employrf in carding, spinning, and weaving flax in the old store shop on Howellville road on the property later known as Doyle”s Nursery.

The old Hammer Hollow tiltmill owned by J. B. Newman was converted intoa bobbin factory by William Cundy, an Englishman, and in some of the small teant houses below the high dam breast of this remote hive of industry, a cigar factory was managed by the elderly Brown who employed several workmen. The cheap Spanish and half-Spanish cigars were rolled on the benches and tied up in bunches of a hundred each without boxes. Brown later became afflicted with a religious mania, climbed up on the great water wheel, jumped off, and killed himself one night.

The spools or bobbins were slender and perfect little articles made of dogwood, which Mrs. Cundy placed in bags, heaped into a cart drawn by “Fatty”, her horse, to the Eagle station, where they were shipped to various destinations. The bobbin factory stood just below the high dam buttressed by outstanding cliffs capable of withstanding enormous pressure. The remains of the lower dam, similarly positioned, can still be located, but the turning mill of pre-Revolutionary times, and the stone cottages have disappeared entirely.

The decline of the small operator began with the perfection of steam power, great improvements in machinery, and the introduction of large capital, which permitted the scrapping of equipment about once in every seven years to keep up with American labor-saving devices. Then, too, the English-born owners made so much money at the start that they fell into expensive habits. Gradually the little country factories, so far removed from the market and lacking cheap and quick transportation, became abandoned and soon fell into ruins.

Although Reeseville eventually became the generally accepted name of the place, it had not gained local popularity as late at 1847 when Lodge No. 290 of the Independent Order of Odd Fellows was instituted, for it was officially known as Paoli Lodge. It met in the little stone building at the head of the lane of the Old Drove (later the residence of H.B. Rumrill), on the Old Lancaster road opposite the Burns homestead. Two years later the institution of an encampment composed only of Scarlet Degree members was known as the Paoli Encampment, No. 89, in the new Odd Fellows hall built in 1848 at Howellville by Hugh J.Steen, who had a store on the first floor.

The Paoli Lodge became very prosperous with several hundred members drawn from a wide extent of territory. Mr. Ritner, father of Rev. Ritner, then living in the little log house about where Dr. Okie’s gate posts later stood on the Old road, served oyster stews below stairs, especially to members driving long distances. After a time some members succeeded in having the lodge removed to Holly Martin’ s in Paoli, opposite the Bear tavern on the turnpike, and the large membership eventually split up into half a dozen lodges situated at Radnor, Newtown Square, Sugartown, Pickering, Valley Forge and Port Kennedy.

The parent lodge later returned to Howellville and met over Beitler’s store, and after some years it again removed to Paoli on Darby road where it erected the present hall.

“Paoli Grove” for a time was a popular Sunday resort about 1850. The railroad put in a switch at the Bear and ran excursions from Philadelphia until it became the resort of toughs and an unbearable nuisance to the neighborhood, when it was discontinued.

The road leading from the old Fox tavern to Wilson’s corner was opened about 1854 after a great deal of contention among the small landowners over the almost impossible grade, and the name, Contention lane, appears on later deeds.

Abel Lewis and his son Jonathan owned the small place by a spring below the Old road and between the Valley Baptist road and Contention lane. It was subsequently sold to their cousin Jackson. Jonathan kept a carpenter and coffin shop and was the father of Eugene Lewis and Mary McClure. George Lewis, uncle of Abel, resided near the head of another spring a few hundred yards west across Contention lane and was the father of Morris and Washington Lewis.

Joseph Lewis, father of Lewis Lewis, plasterer, lived on the Old road. Westley Jones bought the double house, used as a cabinet-makers shop and dwelling, and carried on shoe-making until he sold to a family of Whites, one of whom married his son Robert many years later.

Bill Laws, a colored man, lived in the old log house on the hill back of Neeley’s after it was vacated by Philip Upright and worked at “tending” mason for Isaac Burns as early as 1848.

Mordecai Davis, son of Joseph Davis of Willistown, lived on a farm at Waterloo Mills from about 1800. The property belonged to his wife, who owned it with her sister. Mordecai bought the sister’s share. He and his wife are buried at Radnor Meetinghouse. The land passed to son, John W Davis, who continued to farm and enlarge the property. In 1850, through a sheriff’s sale, he purchased the parcel across the road containing the mill. For a short time the Davis family controlled the entire community of Waterloo Mills, including the only gristmill in Easttown township.

Through the influence of John W. Davis, it is said, Waterloo Mills on January 1, 1853 became the first post office in Easttown. Tenant miller William Steele, Davis’ brother-in-law, was postmaster. Stephen Stout, the mail carrier from the Spread Eagle, often carried the mail in his hat or pocket, and the chance patrons were apt to find the day's mail lying on a stump in the woods where the carrier was engaged in felling trees. This post office was discontinued September 25, 1867.

Old-fashioned people insisted on calling the place “Cabbagetown,” a name originating about 1830 when a greedy miller became unscrupulous in the amount of toll exacted from the grain delivered by nearby farmers; to “cabbage” in old English was to purloin or steal. The name stuck long after this miller had departed for lack of customers.

There were also half a dozen houses and a blacksmith and wheelwright shop. Charles Stout was here for fifteen years, and his son, D. Bernard Stout, established a general blacksmith and carriage business from about 1865 when he returned from the Civil War, to 1891, when the old shops were replaced by a more modern stone building. After that, he operated with the aid of his son Frank until the shop was abandoned. “Nard” Stout was a thorough mechanic of the old school, able to build and finish a carriage from wheel to top-wood and iron.

A quarter of a mile above on the road leading out to the Newtown road above “Pinchtown” on	Darby creek stood the old sawmill of	Jonathan T. Morris, son of James and Honoria (Thomas) Morris, who was born in 1805 and operated the mill “up to 1843,”	followed later by Eber Beaumont. Neal, Van	Leer, and others with stout teams hauled great	logs here to be converted into boards and timbers. The dam was a good one of several acres in extent, but finally it burst, carrying the Cabbagetown dam with it. The latter was repaired but the former was not. It is now a tussock swamp and maple thicket; the boulder-faced dam is filled with soil and the old left-sided race may still be traced to the site of the mill.

The only other saw mill in Easttown stood on the same stream at Judson Campbell’s place on the west side of Newtown road at South Leopard road, just north of the Darby creek bridge, where years ago the ruins of the old wheel and timbers could be detected midst the sycamore trees. This mill also at one time ground plaster.

A small but thriving village of about fifty inhabitants had grown up around the Leopard tavern on the Darby road a mile and a half south of Wayne’s manor house. The tavern operated for almost a hundred years and was licensed last in 1863.

The village was mapped as Evansville by John Kauffman, a rising young surveyor, about 1858, in honor of his wife’s family, owners of the tavern and some other property, but like some vaccinations it did not take. The Leopard comprised the tavern (later a store kept by John W. Hayman), blacksmith shop, Porteus’ store, and perhaps eight or ten dwellings with many more houses within a short distance, making it undoubtedly the only considerable hamlet in Easttown at this time.

William Porteus was the Justice of Peace and storekeeper (later Kelley residence), and Still’s little store on the road to Willistown contributed to its activities, though it did not become a post office, under John Hayman, until April 2, 1866. Samuel Buley carried the mail from Reeseville at a yearly recompense of $100, and he was followed by George Stanley at a $50 increase.

The Darby road became for a time the Plank road in the early 1850s but soon wore out. Squire Porteus’ son was killed by the stumbling of his horse in a hole on this road. 

“Sawmill Woods” on the Yerkes place between Leopard road to Newtown and Waterloo road to the same place, about three- quarters of a mile east of Leopard, is so called because a steam sawmill operated there for some years to supply timber for the Plank road. The planks were two inches thick and laid upon sleepers. The project was abandoned about 1857, however, when the tolls collected were not sufficient to maintain the road and replace worn or rotted timbers. The remaining planks were sold to the highest bidder.

The temperance wave that swept over the country about this time resulted in numerous lodges of the Sons of Temperance being organized and their halls erected. A ""“Sonny’s” hall was built on the road to the Leopard, half a mile south of Reeseville, and undoubtedly it did some good even if some of its members would occasionally blackslide. The activities of this laudable secret order were apparently short lived, since the hall was vacant in the early 1870s and remodeled for a dwelling about 1875. Eventually it was torn down.

The winter of 1856 - 1857 was remarkable for a great snowstorm which buried the railroads for a week or more. Evans boarded the stranded passengers at the Paoli inn until the trainscould be shoveled out. This winter was long remembered for the thirteen weeks of sleighing.

R. E. Lewis kept a general store at Lewis’ corner. now known as Wyola, and his trace extended throughout Easttown. His daybook of 1856 shows the prevailing prices of the staples of the period. Flour $7.50, corn meal .75 - $1.29, and potatoes 0.28 a bu., sugar .07 - .10, coffee .16, tea $1,00, rice .10, cheese .12, butter .25, crackers .08, and soap .05 - .06 a lb., vinegar .10 - .16; and molasses .65 a gal., salt .16 a bag; eggs .12 - .16 a doz., tobacco .12 - .37 a lb.; meat shoulders and hams .10 - .14, veal .10, and pork .06 - .16a lb.; boots .88 - 3.50, shoes .45 - $1.31 apr.; hats .12 - $1., shirts .75 - .88, coats or pants $1.25, muslin, print, drill, anf gingham .10 - .13 a yd.

St. Davids Church: The Rev. Willie Peck, 1838 -1845, should not bring up visions of an effeminate youth for he is said to have been six feet four inches tall and to have fought under General Pike at Toronto and General Jackson at New Orleans. He was the first resident rector of St. Davids, for the original rectory was built during his term of office.

The Rev. Breed Batcheller, 1845 - 1847, and the Rev. John A. Childs, 1848 - 1850, had very short tenure, the latter “at a salary of $350 or more if it can be raised” explains the reason Rev. Rees devoted his latter days to school teaching. An infant child of Rev. Batcheller is buried in the churchyard. The Rev. Henry G. Brown, 1851 - 1855, and the Rev. Richardson Graham, 1851 - 1861 followed

Baptist Chruch in the Great Valley: The pastors were the Rev. Charles B. Keys, 1841 - 1845; the Rev. James F. Brown, 1846 - 1854; the Rev. George Spratt, 1854 - 1858, and the Rev. William M. Whitehead, 1856 - 1861. The Church was noted for the large number of ministerial and missionary candidates raised from membership during this period.

Many of the Baptists had long been abolitionists and some of the Radnor members are known to have maintained stations on the “underground railroad.” The Clingers reserved a room on the ground floor for runaway slaves, and many a black man sat down at their breakfast table who had not been present the evening before. Apparantly John Milton Campbell of Easttowns Willowdale farm also was interested in abolitionist activities.

At Great Valley Presbyterian Church, the Rev. William R. Brigham, a native of York County, Pennsylvania followed the long ministry of the Rev. Latta and served from 1848 to 1859. A split in the Presbyterian church occurred in 1835 between the conservative old school and the more liberal new school which was more pronounced against slavery. The two constituties reunited after the Civil War.",NULL,"EastT",,,,,,,"Chapter 6: Beginning of the Local Industrial and Educational Period","document",NULL,"1","Meg Wiederseim, Heidi Sproat, and Mike Bertram"
"953","1860 - 1875","Easttown, Old in History, Young in Spirit, 1704 - 2004 by C. Herbert Fry","Chapter 7: Civil War and Reconstruction

1860 - 1875

When Reeseville was so named there were only a log house and a store between the Springhouse and the Drove. In 1860 the village was a widely scattered community of about thirty houses and no local industries beyond farming and small trades. 

There were on the Lancaster pike, beginning at Glassley, the homes of J. Root, Robert Gamble, Joseph C. Smith farm (later Wynburne), Thomas Mathews (later Francis), John Kugler, Charles Thompson (later Matson), S.D. Hunter store occupied by Milton Fussel, single and double dwellings of Robert White, J. Brooke (Fritz), Mrs. Williamson (Drove), and Mrs. Jonathan Moore, nearly all with small farms attached. Leopard road: Mrs. Carter, Mrs. W.A. Potter and Stephen M. Leamy farms,- Waterloo avenue (Newtown road): Benjamin Wetherby farm. 

On the Old Lancaster road there were the small houses of J. Gowdy, George White, T. Williamson, Peggy Dane, Abel Reese, Peter Burns farm, J. Brooke (Old Drove), and Mrs. Reese (later Bentz). Howellville road: John Neeley, Robert Neeley, and Richard Evans farm,- Contention lane: B. Suplee and George Lewis small farms, with some other small parcels of land not considered of sufficient importance to map. A family of Whites in which there were several grown daughters, lived in the little house of logs (Dr. Okie gateway) and during the Civil War made flags for the government.

The frame store and dwelling on the southeast corner of Lancaster pike and Waterloo avenue had a variety of tenants, few of whom made ends meet in a community able to supply most of its own necessities. William Sloanaker, Van Leer and Channel, Clarence, Hunter, Fussel, et al., have already been named as former merchants, and there had been another, one John Law, who married Eliza Bell, daughter of the proprietor of the little store in the old Fox tavern on the Old road. He had been a sober industrious young man when he moved into this building and stocked up with the usual line of liquors in addition to general merchandise. 

Milton Fussel, father of the well known physician of a later period, was here 1859-1861, at least, during which time the property was in the name of S.D. Hunler. Fussel was the first postmaster when Reeseville received official sanction in 1861. George W Downing succeeded him in 1867.

Isaac A. Cleaver occupied the store in 1868 and a year later was named postmaster. In 1870, Cleaver built a large frame store and dwelling a square east of the old store and of course moved the post office.

Henry Fritz of the Gulph road near Carr school, an enterprising carpenter and builder who had made a stake in the Askin’s operations at Wayne, married local girl Mary Lobb on December 24, 1863 and settled here soon after. He built himself a mansion, the coal, lumber, and feed warehouses, and the four tenant houses (west of Howellville road on the Turnpike) known as the Brown row or “Scienceville.” He was deservedly popular, took great interest in the welfare of the church and the building of the parsonage, but unfortunately his life was cut short by an accident at the Eagle railroad grade crossing in 1870.

Rev. McLeod built the blacksmith, wheelwright and saddler shops, the cottage in which Sammy Buley village sexton lived, and a triple dwelling known as the “Beehive.” Joseph Ernst farmed for the McLeods and John Mains, popular young man, was the village blacksmith.

Charles L. Thompson, president of a street car line in Philadelphia, built the double house where “Jake’s” store (Lichtenfeld’s) later stood. His family was a live one: Charles, Joseph, William, Morton, Hetty, perhaps others, and they were fond of sport and horses. A married daughter and her family, the Parks, occupied one side.

Strange though it seems, Reeseville did not appear on the schedule of the Pennsylvania railroad as late as 1871. The neighborhood was distinctly agricultural. The Lamb was occupied by the Clingers, the Stage by Eber Beaumont and the Leopard by Mrs. Evans, all as private residences. Miss Finley lived in a small house east of the Stage, which her brother kept so long. Mrs. Dane moved into what was once Cockletown on the Old road, in a house soon to be pulled down to make room for Clayton Lobb’s modern house. Her daughters were all married and living near by. 

Abel Reese puttered about his farm in summer and shot game for the market during the fall and winter. He was a crack shot with a sawed-off shot gun and received 25 cents a brace for quail or rabbits, double that sum for woodcock and pheasants.

Easttown’s sole grist mill, Waterloo Mills, was owned by J. W. Davis, and Tredyffrin’s Great Valley Mills, owned by Joseph Jeanes, operated with M. Beaver and Lewis L. Worrell, 1864, as miller; a combination grist and saw mill up the north branch of Valley creek operated by G. Pechin, and a saw, sometimes a sorgham, mill, by G. Clemens, on the south branch. The textile mills of Samuel Wood at Howellville and the bobbin factory of William Cundy at Hammer Hollow were still in operation. There were blacksmith and wheelwright shops at Paoli, Leopard, Waterloo Mills and Glassley, and general country stores at Black Bear, Reeseville and Leopard; though most of the inhabitants transacted much of their business in the larger towns.

The “home” town of lower Tredyffrin was Norristown, and Phoenixville was considered the same by part. Easttown patronized Newtown, Media, and Philadelphia, and the neighborhood of Paoli dealt in Malvern, which was becoming a thriving village commercially; West Chester was of course the resort for legal and political business. Had these townships been placed according to the inhabitants’ preference socially, economically and geographically, lower Tredyffrin would have been attached to Montgomery, and Easttown to Delaware county.

Many of the Easttown farms received names: Hawthorne, Fairview, Green Bank, Rockwood, Hillside, Evergreen, Sunnyside, Willowdale, and Sharon, an innovation not yet in vogue in Tredyffrin, and no longer bore the names of old Welsh settlers.

A more recent wave of Scotch and Scotch-Irish immigration had distributed in this neighborhood many farmers possessed of the requisite perseverance and rigid economy to thrive upon the hill soil, for after the first bloom of the virgin soil the farms had become poor and sold cheaply. The new owners were seldom really natural and skillful agriculturists, their maxim was not that of the German-American, “A rich farm makes a rich farmer,” but they made an attempt, at least, to maintain the balance of nature, taking off no more than they put in the soil, and as a class, with their alert intellects, were a distinct asset to the community.

There had been Union, followed by Presbyterian services, in Dr. Reese’ s office opposite the Drove, as early as 1849, but the incoming Scotch-Irish Presbyterians longed for a church of their own. The Rev. John McLeod, who had recently bought and set up his residence at the unoccupied Springhouse tavern farm formerly owned by the Kuglers, gave the site for the church building and laid out the intersecting streets as well. Ground was broken on September 28, 1861, and the following year the building was dedicated free of debt. On January 4, 1863, a few days after Lincoln's Emancipation Proclamation freed the slaves, the congregation, known as Trinity Presbyterian Church, was officially organized with 20 founding members. Thus was the first church erected in Easttown, a township then in operation for almost one hundred and sixty years. Rev. McLeod became the first minister serving as “stated supply” until 1864.

The Civil war stirred the community as it never had been stirred before. The churches, which had almost without exception advocated anti-slavery, now reaped what they had sown for all loyal citizens were called upon to sustain the cause by vote and taxation if not by force of arms. The Republicans quite generally supported Lincoln’s war measures. The Democratic voters split; many of them soon became known as War Democrats; while a minority bitterly opposed to coersion were known as Copperheads. The primary motive to oppose all innovations is ingrained in the character of some people; with others it is, no doubt, coupled with a sense of loss of political prestige or the passing away of some long established privileges.

John D. Evans, owner of the Paoli inn, was a Southern sympathizer. It is said that he swore that he would not cut his beard until the South triumphed, and in consequence he wore his long whiskers buttoned under his waistcoat until his death. The Lincoln administration removed the Paoli post office to Green Tree, where it remained although still known as “Paoli”, until Johnson came into power. Thus the one time powerful Evans regime lost its last prop and Howellville became the political center of Tredyffrin.

Twenty-five or thirty years before the opening of the Civil war, the community had sent two of its brightest young men to be educated at West Point, and they were still in the Regular Army and with their military training, at the disposal of the government. One was Samuel B. Hayman of Easttown, who graduated at West Point and received his commission as Second Lieutenant of the 1st Infantry, July I, 1842; Captain March 3, 1855; Colonel New York Volunteers September 22, 1861; Brevet Lieutenant Colonel regular service, May 3, 1863, for gallant and meritorious services in the battle of Chancellorsville; mustered out of volunteer service, June 22, 1863; Brevet Colonel May 6, 1864, for gallant and meritorious services in the battle of the Wilderness; Brevet Brigadier General of Volunteers, March 13, 1865, for gallant and meritorious services in the battle of Fair Oaks, Virginia; Lieutenant Colonel 17th Infantry September 15, 1867. He retired July 1, 1872 and died May 1, 1895 in Missouri.

At the beginning of the war there was plenty of raw material. The second floors of the Leopard and Howellville schoolhouses were requisitioned for armories to accom-modate the “Home Guards.” Apparently no effort has ever been made locally to record the names of our enlisted men, a most difficult proposition at this late date, since the boys most eager to go joined singly and in small groups various regiments as opportunity permitted, and drafted men were assigned different organizations also. In fact, there was not a single company composed entirely of Easttown or Tredyffrin recruits. Natives of these two townships joined at West Chester, Phoenixville, Norristown, Philadelphia, Chester and even Harrisburg, the regiments of their choice.

A resident of Howellville, John Eyre Webster, had the honor to be one of the First Defenders. Leaving a wife and six young children in the care of his father-in-law at Reeseville, he joined the Allentown Greys mustered in the U.S. service April 18, 1861; he later served as quartermaster sergeant and died at Baton Rouge, Louisiana, June 21, 1864, from fever contracted in the Red River expedition.

Doubtless more local volunteers appear on the muster rolls of the 97th Infantry, commanded by Col. Henry R. Guss of West Chester, than of any other. The Rev. WM. Whitehead of the Baptist Church in the Great Valley was its first Chaplain. Three members of his church, Henry Kauffman jr., Isaac A. Cleaver and James J. Dewees, enlisted in Company C, which was known as the Paoli Guards, because the first recruits were raised at Leopard near Paoli. The Baptist boys tented together until the first was promoted to a lieutenancy; the second, wounded in the heel at Cold Harbor, became a sergeant; and the last as corporal on one occasion commanded the Company while going into action, received a scalp wound from a spent ball, and later was invalided home after receiving a flesh wound through both knees while advancing on the skirmish line. Each member of this trio subsequently became deacons in the Baptist Church.

Company K, the Wayne Guards, was commanded by Captain William Wayne, who later became Major of the 82nd Volunteers, but soon left the service on account of his health. Company F, in which Lewis P. Malin went out as Lieutenant and later was promoted to Captain, contained some local men.

John, brother of Henry Kauffman, enlisted as a musician, and Henry, a brother of James Dewees, was in the three months service. Joseph Dewees was so enraged at his boys for enlisting that he exclaimed: “I hope the Rebels gobble up all of you!” The hired man said, “Why Joe, if the Rebels gobble them up, they will come on and take all you got, cattle, grain and all!” “I would drive the cattle into some thicket and hide them,” answered he in some doubt. “But they would find them and give you nothing.”

Henry C. Burns, farmer, of Reeseville, was rejected at West Chester recruiting office on account of his teeth. He went to Harrisburg and there enlisted in Company H, 7th Pennsylvania Cavalry (Wynkoop’s Troop) which was transferred at once to the Army of the West. Early in 1864 he returned home on a furlough and conducted some new recruits to the camp when the regiment was recruited up to 1800 strong for the final drive. Burns was struck with a musket ball in the leg at the battle of Gaylesville, Alabama on October 21. He died in the hospital at Chattanooga on November 19, 1864 and is buried in the National Cemetery near there.

Preston Lobb enlisted on August 9, 1861, in Battery F, 5th United States Artillery (Ayres’ Battery). The artillery held attraction for a recruit; generally artillerymen got to ride in wagons, avoiding long marches that infantrymen made, and they were not assigned to dangerous picket duty. Nonetheless, Lobb saw action in some of the fiercest fighting of the war, at Ball’s Bluff, the Peninsula campaign, Antietam, and Gettysburg. At the end of his three-year enlistment in the summer of 1864, he came home (the Lobb family owned a large farm located along both sides of Sugartown road south of Reeseville), one of only five men in Battery F who was not a war casualty; the unit had numbered 295 men.

Ethelbert and Clayton Lobb, two of Preston’s brothers, entered the service in 1864 before he arrived home. Ethelbert was a recruit who returned to camp with Henry Burns to serve with Company H, 7th Pennsylvania Cavalry, during the last year of the war. Clayton served with Company N, 192nd Pennsylvania Infantry, one of the “100 day” units called up in July when Confederate General Jubal Early again threatened invasion of Pennsylvania.

Samuel H. Tompkins, born in the original log house in Lewis’ hollow, enlisted in Birney’s “Fire Zouaves” of Philadelphia. He had been associated with Good Will Fire Company and grown tough Before their departure they had marched to the church, heard a sermon on patri-otism and received pocket testaments. Early in Sam’s army life, on one occasion he drank heavily and broke all restraint. He said that when the Captain ordered him gagged with a frosty bayonet, balled and chained, and placed standing on the head of a barrel, he beat in the head, fell through and rolled down the hill. The Colonel came up and reprimanded the Captain with the remark, “I know they are bad, but I will not have their mouths ruined so they are not fit to fight. If I hear of you doing this again I will have you served the same way!” With the aid of a comrade, he learned to write while in the army and came out an industrious and trustworthy man.

When Lee’s Army of Virginia crossed over the border of Pennsylvania to Gettysburg, it was thought that they outstripped and outgeneraled the Army of the Potomac and that nothing would stop them from marching down the Lancaster pike to Philadelphia. Robert Glenn, farmer and drover on the old Blue Ball farm at Mt. Airy and reputed Copperhead, became alarmed and rode out to the neighboring farms of JW Sharp and William Wayne, with the oft repeated query, “What are you going to do? They will slaughter all our cattle!” Wayne replied that he was going to send his family to Philadelphia and himself remain on the farm.

As Early’s scouts appeared above Wrightsville on the western banks of the Susquehanna, the Union troops, including the City troop, retreated across the Columbia bridge which was the longest covered bridge in the world, being over a mile long. Union troops first tried to blow up the bridge, but when this did not work they set it on fire to stop the advance of the Confederates. On the return march, some tarried at the house of the widow Camble at Classley to partake of a peace offering of doughnuts and cakes meant for the dreaded Rebel cavalry.

Confederate prisoners taken at Gettysburg were quartered at the Paoli parade grounds and helped gather the harvest. One “Cracker” veteran remarked that in Pickett’s charge he found himself standing alone, “like a fool,” so he threw up his hands and surrendered.

The outrageous treatment of prisoners of war by the Confederate authorities was the occasion of the “waving of the bloody shirt” in after years. As a local member of McCall Grand Army Post remarked to a reconstructed ‘Greyback’ at a reunion of the Blue and Grey at Gettysburg. &ldI can forgive you for everything except the way you treated your prisoners” “Friend!” replied the ’Cracker, “We-uns would not have treated you-uns that-away. It was shirkers at home, who never saw a battlefield.”

Among the prisoners released from that awful slaughter pen at Andersonville, Georgia, there was one who returned to the little tenant house of John Rees on the OLd Lancaster road, to die in a few weeks. He was reported to have been in the most pitiful condition, a mere skeleton from vermin, disease, and stavation. Another was Jonathan Smiley, Company A, 8th Pennsylvania Cavalry, of Howellville, prisoner for almost a year, he lived to be almost the last survivor.

James A. Cornett, Company F, 5th Pennsylvania Cavalry, captired when he had almost served his entitlement, was confined at Andersonville, Georgia , and Florence, South Carolina for several months. He was exchanged, brought home to die April 29, 1865, and buried at St Peter’s.

During Lincoln’s second campaign for the Presidency, Easttown has marching clubs, or “Wideawakes” as they were called. The ranks were filled with returning soldiers whose perfect alignment was the pride of their partisians, and they carried with the stars and stripes at the head of the line a beautiful banner presented by the patriotic ladies of the township.

When Benjamin Harrison, a few years later, conducted his successsful presidential campaign, Easttown had probably the largest and best drilled club of the times, and in the midst of the campaign, the leaders, mostly men who were ignorant of local tradition, suggested that the name of the club be changed to Berwyn, since few people outside of the county knew where Easttown was situated. D. Bernard Stout, an old soldier and resident of Waterloo Mills, arose in meeting and made an impassioned speech against this, he pointed to the old banner on the platform, still borne at the head of the line, inscribed with the name of Easttown, and recited its history with rough eloquence. When he sat down there was an impressive silence for the space of a few minutes and nothing further was said of changing the name of the club.

Area farmers in Colonial times returned more than a score of Negro slaves in local tax rolls, the descendants of these and of some acquired probably via the “underground” route as cheap farm labor, had squatted mostly in wooded folds in the hills, and up to the Civil was formed a very small percentage of the population.

With freedom came a hegira northward of Negro families fresh from the towns and plantations of the south, bearing all the humility of a long subdued race. Being inoffensive and somewhat irresponsible they gave no cause for personal violence from the irreconcilables and even had the latter been disposed to interfere, the new comers had the protection of the so-called “Black Republicans.”

Among the local arrivals was a deep-chested old man, Tommy Ross. His sons cam with him. Ben had belonged to a black regiment and had been wounded in the leg in the assault at Pettersburg, under Burnside. When the surgeon decided to amputate. Bem was so scared that he crawled out of the hospital where he saw arms and legs piled up like cord wood, and hid in the woods. When they found him the next day his leg was so much better they decided to save it, in consequence it served him well for nearly half a century more. He later deserted to join another regiment, and it was under the name Isaacs that he received a pension. He worked in Reeseville, later Berwyn, for 16 years as a mason tender, gradually learning the trade which he followed in after years.",NULL,"EastT",,,,,,,"Chapter 7: Civil War and Reconstruction","document",NULL,"1","Meg Wiederseim, Heidi Sproat, and Mike Bertram"
"954","1876 - 1885","Easttown, Old in History, Young in Spirit, 1704 - 2004 by C. Herbert Fry","Chapter 8: The Centennial Period

1876 - 1885

During the Centennial period the little village of Reeseville was considered one of the most quaint and charming places along the Main Line. 

Altogether it contained about forty dwellings, a Presbyterian church, Cleaver’s general store, Fritz’s coal, lumber and feed yard (operated by Preston Lobb, widow Firtz’s brother), James Kelley’s tin shop (real Welsh tin), Morris Lewis’ carpenter shop, Thomas Aiken’s carpet weaving shop, Egbert Bloom’s harness shop, and McLeod’s blacksmith and wheelwright shop (occupied about this time by William Epright). Altogether there was a population of about two hundred. 

Some of the inhabitants were not at all pleased with the lovely name of Reeseville and determined to make a change without offense to their Welsh neighbors. At length it was proposed to name the village after the Berwyn hills overlooking the beautiful valley by the river Dee, Merionethshire, Wales. The village looked over the beautiful pastoral valley of Chester from a commanding height, and its positon was positvely thought to be the highest point topographically along the Pennsylvania railroad between Philadelphia and Columbia. As a citizen stated in 1878, “the name gives universal satisfaction because it is short, significant, and euphonious and because it is the only name of the kind in the Western Hemisphere.”

Berwyn received the official recognition from the United States Post Office Department in 1877, and the same name has since been adopted by towns in New York, Maryland, Illinois, Nebraska, and Oklahoma. There were no new roads or avenues except Church avenue from the station to the Presbyterian church and Berwyn avenue from Waterloo to the same edifice and a little beyond, to provide egress for the newly built dwellings of Harriet Davis and Willim Clark, the latter an imposing mansion. As near as can be ascertained, Church avenue was renamed about the beginning of the year 1886. Miss Sara Nuzum has said that there was a note in the paper dated January 6, 1886, “Wanted a good reason for naming Church avenue ‘Main’.” 

The village from east to west included the McLeod farm which originally extended to between Church and Waterloo avenues; Aiken farm from Waterloo to near Bridge avenue; and the Dr. Henry Yates Carter farm to the Potter line. A southern tier included the Coates, Leamy, and Potter farms. North of the railroad were the Smith, Mathews, Fritz, Williamson, and Moore farms of no considerable extent; with a northern tier mainly on the Old Lancaster road of the Jones, Williams, Lobb, Reese, Burns, Neeley, and Morrison tracts

Old “Cockletown” or “Cream Ridge”, evolutionized into North Berwyn, had lost half a dozen houses demolished mainly by the ravages of a century of time, and gained only half as many, for local building without the facilities of supply meant a great deal of labor. The shingles for the roof of John Neeley’s house built by Isaac Burn, in 1846, had been wheeled by Parsons the carpenter all the way from Spread Eagle in a wheelbarrow! Reeseville had no station and was only a flag stop as late as 1871.

The Centennial Exhibition at Philadelphia in 1876 to celebrate the one hundredth anniversary of the Declaration of Independence had stimulated amazing economic growth for the city, already boosted by the post Civil war industrial revolution. Slightly more than eight million tickets were sold for the 159-day event (the population of Philadelphia was then only 750,000) and the Pennsylvania railroad expanded facilities to allow it to carry close to five million passengers.

The railroad was in the midst of replacing iron rail with steel, and in 1877 it rebuilt the roadbed through Berwyn to reduce grades and eliminate the numerous short curves previously deemed necessary. David Ryan was awarded the grading contract between Glassley and Mt. Airy, and purchased the Abel Reese farm for the stabling of his horses and the housing of his employees. They were all Irish and like the contractor were devout Roman Catholics. The warm-hearted Ryans became a part of the social and business life of the community.

The Carter farm house and barn and the old Newtown and Howellville road bridge were demolished, the Aiken houses and the Fritz warehouse moved back by an expert mover, much to the astonishment of the inhabitants, without disturbing the tenants, and two dangerous grade crossings at either end of the village eliminated.

It was a stirring sight at quitting time to see the horses and dump carts come in, each wild Irish cart boy lashing his horse into a gallop to see which arrived first from the dump, for at supper “first come, first served.” The horses were stabled in the long, low, log barn of the old Reese farm where the stable boys probably slept on the straw In the rear, one field back, at the edge of the woods a shanty of hemlock boards housed the magazine of 300 kegs of blasting powder, quite enough to blow up the place, yet the reckless fellows often entered with pipes lit. Powder was plentiful for Fourth of July or for shooting rabbits. When Friday came the water boy complained of sore arms for that was the day when the salt cod fish appeared on the supper table and every one was thirsty.

Work was not begun by the railroad on a new depot in Berwyn until early April of 1881. The brick building was designed to be 54 feet long by 20 feet wide, with first story 15 feet high and the second story 10 feet. Construction was near complete and grading around the new station started by mid-December of 1881. All was finished by early January the next year.

Enos Reese Lewis, a contracting painter had made some money on the painting of the Girard	avenue bridge over the Schuylkill, married a wife with some more money. He	bought the Carter farm and laid it out into building lots in 1878. The new avenues,	Bridge and Central, were designated by posts	a long way apart and strung with a strand	of telegraph wire.	

Little or no attempt was made to grade or	gutter, and during the greater part of the year	there was literally no place to plant a booted foot, yet the lots of this tract and those of the Aiken farm on Waterloo, Berwyn and Knox avenues sold rapidly. A waggish correspondent of a Philadelphia newspaper wrote, “This old town, after sleeping for over a half a century, is taking a second growth.” The first buildings on the Lewis development were his own mansion, later the site of a school, and those of Huffington, Mrs. Barnett, and William Hayman. Lamentably, Mr. Lewis met an untimely demise at a railroad crossing on March 4, 1879.

The building boom was largely due to the incorporation of the Berwyn Building and Loan Association the previous year. Almost anyone possessing a lot could borrow the money on easy terms to build a home.

In building there was a regrettable lack of restrictions as to grade, alignment, quality, architecture, etc. Lumber of the best grade and skilled labor were cheap; carpenters received $1.75 for a day of ten hours. The result collectively left everything to be desired artistically, though many secured comfortable homes, stove-heated and cistern-watered to be sure.

Later when bathrooms became within reach of many, wells were drilled by Frank Leamy and everywhere the windmill erected its whirling, squeaking head. There were so many windmills that the prediction was freely made that the village would eventually be pulled up root and branch during some big wind and whirled to parts unknown.

The windmills, from a bare derrick of rough skeleton timbers, evolutionized into weather boarded, painted structures with elevated tank lofts, and then degenerated into the Charles Quimby-built single heavy uprights with heavy guy wires insecurely attached to buried stones, none of which survived the first heavy gale. 

The laying of water pipes by Springfield Water Company and the forcing of Pickering creek water from Diamond Rock reservoir eliminated the windmill annoyance, but Berwyn continued, in comparison with rival rural towns, to suffer from the lack of competent supervision and cooperation in building.

The incorporation of a Hall and Library Association in 1878 with shares at $20, in which I.A Cleaver and J.W Sharp were active, led to the construction of a town hall on Church avenue behind the Presbyterian church and the organization of a Lyceum in the new Hall in which local talent was discovered. Also, lectures by professionals, elocution, musicales, magic, etc., enlivened the winter season, and a whole week’s dissipation in the Local School Institute, in which Enoch Wells’ poorly disciplined Mt. Airy pupils carried away three first prizes to two for Miss Eyre’s Glassley pupils, much to the latters’ surprise.

Henry Troth Coates presented the library with many standard works, and the reading room, with chess, checkers, and backgammon became quite popular. A former resident whose late son was a Naval Surgeon, presented the library with a large collection of minerals gathered from all parts of the world, but it was not exhibited. The library was open Saturday afternoon and evening.

The Coates brothers of Philadelphia bought parts of the Wetherby, Carter and Leamy estates on the southern border of the village and in the 1880s remodeled or built themselves country seats. Henry T. Coates, the eldest of the brothers, was a partner in the publishing firm of Porter and Coates. The firm had built up a profitable trade by republishing the standard works of the best and most popular English and American authors unprotected by copyright, Scott, Dickens, Thackery, Cooper, Simms, and a host of others. thers. While this may have been piratical since there were little or no illustrations, no translations, nor artists or authors to be paid, only a matter of printing and a cheap binding, yet these cheap volumes and sets were a distinct benefit to the general public.

In 1878, Mrs. Martha (Freeman) Doran, wife of James T. Doran, the lame Secretary of the Corn Exchange, with her maiden sister, Miss Sara Freeman, opened the Spring Cottage Seminary at their residence on Church avenue. The large shaded grounds then extended to the pike, and the school was filled to its limited capacity for some years by the youths and maidens of the neighborhood, eager for a higher education than the public schools could afford. The ladies taught French, Latin, and mathematics superficially, and English and vocal and instrumental music rather competently. Later James Doran, who was a perfect genius mathematically, took over the school and a new building was erected for the purpose. When Mr. Doran moved his private school from Berwyn to Malvern April 1, 1888, he was described as a “popular educator” who would provide a “proper education.”

Isaac Abraham Cleaver, the enterprising merchant of Berwyn, was the son of Hiram and Jane Abraham Cleaver who resided on a farm near Leopard. At age 18, Isaac Cleaver enlisted in the 97th Pennsylvania Volunteers and served throughout the Civil War. Wounded in the left foot at Green Plains, Virginia, May 20, 1864, upon recovery he received his discharge. In January the next year he married Mary, daughter of Henry and Sarah Kaufman, farmed for three years, then opened a general store in Berwyn. He became not only the leading merchant, but a citizen of great value to the community. He was a deacon in the Baptist Church, Sunday school superintendent and Bible teacher. He was a school director and was prominent in Masonic circles. Although he held the township of Easttown “in the pocket of his vest,” politically he never realized his ambition to be sent to the State Legislature.

The Rev. Thomas Jefferson Aiken was an eloquent preacher, and his brother, Dr. James Aiken, practiced all his life in and about Berwyn, a kindly, charitable man, especially skillful with the illnesses of children. Dr. Aiken broke down under the strain of the influenza epidemic at the time of World War I and died soon after.

Francis Henry Stauffer, known locally as “Frank,” a newspaper writer and reporter, moved to Berwyn in 1874 from Mt. Joy, Lancaster county, where he had edited the Mt. Joy Herald. He bought the former Thompson house on the turnpike which had been remodeled and replas-tered on the exterior to resemble cut stone work, a triumph in the plasterer's art. This well kept property extended back on Waterloo avenue and was one of the show places of Berwyn.

He had also been Assistant Assessor of Internal Revenue of Lancaster county during Lincoln’s administration. As a writer he contributed to various magazines including Good Housekeeping. In 1876 his collected poems were published by Lippincott in book form, entitled “Toward Sunset, and Other Poems.” Later, in 1882, he published a compilation of prose called “The Queer, The Quaint and The Quizzical.” In the language of a prominent critic, his poems possess unusual purity and healthfulness.

Later he accepted a position on the editorial staff of the Daily Evening Call. He edited the juvenile columns under the pen name of “Uncle John.” This paper was deservedly popular as a family newspaper but failed in time. He then opened a real estate office in Berwyn, became Justice of Peace of Easttown, and built up quite a comfortable local business.

There were many other Easttown residents who may not be entered here because of lack of data and there were many who lived nearby and took part in the village life. John Campbell, traveling salesman, who devoted his leisure to elocution; Hannah Epright, the self-styled “grandmother of the local graded schools;” Elijah H. Wilds, with his wonderfully clear memory of past events, and others.

Captain William Wayne was a frequent visitor to Berwyn, and his son opened the first real estate office in the building later occupied by Mr. Sachse. William Wayne Evans was born 1828 and died in 1901. His line of descent from General Anthony Wayne was on the “distaff” side, there being no survivors in the male line. Evans, who received the rank of Captain in the Civil War as a company commander, was authorized by court proceedings in 1854 to drop the name Evans.

The Captain took great delight in showing the historic room at Waynesborough with furnishings of the Revolutionary period. General Wayne’s sword and pistol were there and his portrait and any barefoot country boy might see them, but the Devon inn proprietors had to remove the Wayne homestead from their list of local attractions. Society folk who rode out to view the interior of the house sometimes tried to pilfer a souvenir and ascend the stairs for a more intimate survey of the home. “Madam,” the courtly owner would admonish, “This is a private house!”

An ice cold streamlet flowed past the back porch of the Wayne home, and winter and summer the Captain bathed his feet in its clear water every morning. He did it and never suffered from cold feet. In later life he became very methodical, his program included a daily walk to the Paoli post office and a visit to the freight office where he sat and conversed for a time. He always returned home by the Darby road until he came to a path in his own meadows bordered by the little stream.

William Wayne represented the Eastern District in the Pennsylvania State Legislature and was keen in repartee, as James T. Doran once remarked after a banquet in West Chester, “Monaghan always prides himself on repartee, but Wayne went him one better.” He was also a most charming conversationalist. He was put to the acid test on one occasion. Picture to yourself a lot of mechanics drawn from scattered homes from Berwyn to Sugartown after working ten hours without heat in extremely cold weather. The work day ended and dusk was falling into night and Captain Wayne was seated in the harness room when the men congregated to get their lunch pails and overcoats preparatory to a long walk home. They were held there by the conversation of one man, the very workmen who an hour before were so eager to be on their way. The spell of his voice attracted them. The subject of the conver-sation was the rise and fall of Henry Askin of Wayne.

To return to village matters, John F. Kauffman organized and conducted a singing school each winter. A “string band” or orchestra, was also formed with a German teacher. This met in practice at various homes before an audience of admiring friends. It consisted of violins, violincello, cornets, and piccolo. They gave one or two concerts. This was the forerunner of the Berwyn Cornet Band organized in 1884 with Peter Trego, George Taylor, William H. Fritz, Ernest Shank, and others.

The neighborhood had heretofore enjoyed a reputation for sober, law-abiding citizens, but in the later 1870s it awoke to the fact that it had some suspiciously idle and dissolute persons about, mostly “black sheep” of honest Scotch-Irish parentage.

Many public and private buildings within a radius of half a dozen miles were entered and robbed. The Presbyterian church was even stripped of its carpet! The leading citizens secretly formed the “Berwyn Protective Association” and employed Detective Johnson. It was the midnight conversation of a group of half-intoxicated men and the discovery of a lounge in a cabin, covered with a piece of carpet stolen from the house of Hiram Cleaver near the Leopard, that led to the discovery of the “Hammer Hollow Gang” as the criminals. Later the remainder of the carpet was found buried in the yard of Pete Mullen, Hammer Hollow and he was induced to turn state’s evidence.

Joseph Smith conducted a public sale east of Berwyn, and it was the scene of sensational arrests while the cattle were being sold. Singularly enough the detective was unfamiliar with the faces of the men against whom he had secured evidence. He knew their names and recognized their voices, so a member of the Protective Association pointed them out to him as the persons wanted strolled about the grounds.

Four men and one woman were tried and convicted, including the young woman “hired out” to leave a door or window open for the easy entry of her confederates. The supposed leader, an Englishman, known by an alias, disappeared, and the criminal gang was broken up. There had heen possibly twenty persons, including the Norristown “fences,” who received the stolen property.

The village of Berwyn was strategically situated as a rural vicinity of Howellville, Valley Forge, and New Centreville, on the south lay Waterloo Mills and “Pinchtown.” The Darby creek paper mills, the rich country about “Wyola,” Newtown, Leopard, and White Horse were near. There was Glassley to the east and Mt. Airy west. The farmers came here to buy and sell, to engage workmen, and to attend meetings of a sacred or secular nature.

It was the era of high tide in the local production of foodstuffs. Dairy farmers supplied milk daily from large herds of cattle to the Philadelphia depots. The milk train stopped regularly at Berwyn to load the numerous rattling milk cans.

There were other prosperous farmers from the southern borders of Berwyn and out Leopard way. Some of them marketed their produce personally twice a week at the farmers’ market houses in Philadelphia. Beef, veal, mutton, lamb, poultry, eggs, butter, and cheese were sold. There was a limited supply of fruits and vegetables in season, and pork, scrapple, lard, and sausage were sold during the colder months.

Always on Tuesdays and more and more on Friday afternoons, the heavily laden farm wagons plentifully besplattered with mud, rattled down the streets of Berwyn. The study teams of farm horses were driven by farm boys. There would be a final burst of speed as they entered the village. On every wagon, seated beside the driver, was the farmer himself “dressed in his Sunday best” for it was his pleasure to“stand” in the market stall. He would be there bright and early in the morning and dispose of his produce to his regular customers. In winter when the roads were covered with snow, the farmers arrived in great sleds and it was glorious fun for the school children to “steal a ride.”

The Berwyn market railroad car was often insufficient to hold all the dressed meat, butter tubs, and egg boxes. It was a matter of pride to have sausage, scrapple, etc., of surpassing excellence and consequently in great demand. Most of the farmers were men of character and substance who established an intimate clientage. Family teamwork was essential, but the returns were immediate and satisfactory. The decline of the market followed the refrigeration of produce from the cheap western lands, increased city rentals, and the abandonment by city cooks and housekeepers of their personal marketing. 

Under the leadership of Henry Kauffman jr. a flourishing afternoon Union Sunday School was organized. This was held in the hall over the Leopard School in 1871 and continued every winter until about 1883. The “Union” was of the Great Valley and the Newtown Baptist churches, therefore demoninational. Under the magnetic Superintendant, with Lucy Morris at the organ, with John Kauffman’s mellow tenor and Clara Stanley’s clear soprano to lead in the golden hymns, this was a great success. A visiting enthusiast, a Mr. Eldridge, in 1874, offered to bestow a silver medal on every pupil who was present every session. At the “Jubilee” at the Great Valley Baptist Church there were seventeen medals awarded at a cost of $85. Later at Berwyn Mr. Eldridge made a similar offer, a gold medal. Provision was made that if Mr. Eldridge should die his promise should be carried out, This promise was not kept because the estate would not permit it. No explanation was ever made to the scholars.

The little town hall of Berwyn was the cradle of four of its village churches: Baptist Chapel, 1878 - 1882; St. Monica Roman Catholic, 1878 - 1889; Methodist Episcopal, 1883 - 1888, and the First Baptist (originally called Peoples’ Baptist), 1893 - 1903.

Samuel J. Randall was a familiar figure in Berwyn for many summers. He was the able Democratic leader in the lower house of Congress from the Fourth Ward of Philadelphia, whic he represented from 1863 until his death in 1890. There is a story that postmaster Isaac Cleaver had advertised the rental of the furnished farmhouse of his father near Leopard. In response to this the brother-in-law of Randall asked for a Sunday afternoon appointment to look over the farm. He was too busy to spare the time any other day. Cleaver, with the thought that his prospective renter was a roughneck from the toughest ward in the city was inclined to refuse. Finally he consented to meet him at the station and drive him to the farm. He discovered that Mr. Randall was an unassuming gentleman and that he was well pleased with the place.

Randall’s summer home became the Mecca of hordes of office seekers after the first election of President Grover Cleveland. The first applicant for office was a sturdy old fellow who had trudged out to the farm and as he mopped the sweat from his face, he said, “Mr. Randall, I want to get in the Mint right away!”

Frederick Engle, Mr. Randall’s coachman, was a German-American, well educated and a member of our Library. He had aspirations. Randall’s private secretary before the election, said, “Fred, you are a Republican and aspire to the position of doorkeeper to the House of Representatives; if you vote the Democratic ticket it is possible that Mr. Randall might recommend you.” The statesman, having heard the matter from his Secretary, called his coachman in and asserted gravely that this seemed too much like bribery, and that he should not consider changing his politics for a position.

Isaac Cleaver expressed his entire willingness to turn over the office of postmaster to his successor, whomever he might be, and begged Randall to allow no consideration of friendship to interfere. “Mr. Cleaver,” said Randall, “you are a man after my own heart and there shall be no change in the Berwyn Post Office as long as I can prevent it.” Because Speaker Randall was a protectionist and fought the efforts of the administration to lower the tariff, he lost his influence, and after a time Samuel Kromer became postmaster of the place.

The local military spirit sought an outlet in the Washington Troop, organized December 11, 1873 at the Union Hall. This was a fine body of men who participated in the occupation of Pittsburgh during the “Railroad Riots” of 1878. They erected barracks at the Paoli parade grounds with stables below and a room above.

On September 20, 1877, Washington Troop Captain Wilson M. Matlack led the military parade at the 100th Anniversary of the Paoli Massacre and the dedication of the new monument. The 22 acres were literally packed with citizens of the surrounding countryside. Easttown brought up the rear with a banner on which was inscribed, “Easttown, the home of General Wayne.” Dr. J.B. Wood was chairman of the monument committee; Washington Townsend delivered the historical address, and Wayne MacVeagh the oration. Governor John F. Hartranft was present with his staff.

At Waterloo Mills the mill was purchased in 1877 by Allison Alexander who refitted it with improved rollers in an effort to compete with western flour milling. Alexander operated the mill into the early 20th century and also used the millpond for an ice-harvesting business, a winter time activity at many mills.

The Lancaster Avenue Improvement Association, an investment syndicate in which Alexander J. Cassatt, a vice president of the Pennsylvania Railroad, was a prime mover, bought in 1880 a section of the Lancaster Turnpike from the owners for $20,000. This section of the road began at Overbrook and ended 14 miles west in Paoli. It was said the strategy was to prevent competing trolley lines from acquiring the property. The turnpike had been very much out of repair and the new company put it into excellent condition. The bicycle fad filled the pike on a Sunday with “century” runs of City Clubs, scared the horses and made the wheelmen liable to damages. The League of American Wheelmen defended their members and, after a time, induced the toll roads to make a charge for bicycles.

The 1880s brought rapid growth along the railroad corridor west of Philadelphia in Easttown township. City residents, encouraged by railroad promotion, looked for accommodations in the country where they could spend time away from the workaday world. They built elegant summer homes, near the train stations, where they lived a gentlemanly country life of farming and sport and, as well, escaped the heat of the City.

There were only a few widely scattered farms in the eastern part of Easttown in the summer of 1881 when two Philadelphia merchants, Lemuel Coffin and Joseph B. Altemus, purchased over 600 acres of land and hired John Kauffman, Esq., surveyor of Berwyn to lay out building lots along the railroad in Easttown. They named their model community Devon. In the summer of 1882 they erected a large hotel similar in its appointments to the hotels built earlier at Bryn Mawr and Wayne and began the development of a fine summer resort “in the English manner,” in pleasing surroundings. A new railroad station was added to serve the development. William Reed Lewis, the station-master, was also named the postmaster when a post office opened on May 25, 1883. Lewis lived with his family in the upper floor of the building. He later served as Consul to Tripoli during Cleveland’s first administration.

The east-west streets, from north to south, as laid out by Coffin & Altemus, were Arlington, Berkeley, Chester, Devon (but it was an old road and continued to be known as Sugartown), and Exeter. They ran from Valley Forge road, on the east, west to a swampy area drained by the many small streams that are tributaries to Darby creek, in the area west of Fairfield road.

The north-south streets, from east to west, were the aforementioned Valley Forge road, Dorset, an unnamed boulevard running from the railroad station to the Devon inn (the inn occupied the block bounded by Berkeley, Dorset, Chester, and Waterloo roads), Waterloo (another old road), Fairfield, West Arlington, and Lakeside (now considered the eastern border of Berwyn).

The names of these streets all project a strong English flavor, and were selected to be compatible with the name Devon selected by the railroad for its new station. The east-west streets, with Fairfield, also provide an alphabetical sequence to the street names. ",NULL,"EastT",,,,,,,"Chapter 8: The Centennial Period","document",NULL,"1","Meg Wiederseim, Heidi Sproat, and Mike Bertram"
"955","1886 - 1900","Easttown, Old in History, Young in Spirit, 1704 - 2004 by C. Herbert Fry","Chapter 9: Beginning of the Suburban era

1886 - 1900

Coffin & Altemus, developers of the so called “Devon estate,” had to overcome adversity very early in the course of their undertaking. The Inn at Devon, opened in August of 1882, was destroyed by fire a year later in the middle of the 1883 season. The blaze was apparently caused by a defective flue over the kitchen. Fortunately none of the guests were injured. 

Work to replace the Inn with a new one began immediately. A grand reopening took place on June7, 1884, and, if anything, the new Inn was even more grand than its predecessot. Larger than the original hotel, it was 334 feet long and 58 feet wid - longer than a football field - more spacious and better arranged with accommodations for fifty more guests. It was built in the same Queen Anne style, but it had four, rather than three, stories plus an elevator and an emphasis of fire protection. Incidentually, all of the rooms were equipped with electric lights a few years later in 1891, probalby the first use of electricity for lighting in Easttown. The current was provided by the new Wayne Electric Light Company. 

The Inn was usually fully booked, and the remainder of the visitors to Devon choosing to build residences adjacent to the Inn continued to increase.

The Coffin & Altemus tract had originally been laid out into 140 some lots of two-and-one-half to five acres each. Some purchasers along Waterloo road opted to buy multiple lots that aggregated as much as 15 acres. William B. Mann purchased 6 lots on the west side of Waterloo road opposite the Inn, as did Dr. John H. Packard further soputh on Waterloo. He named his estae “Tregarick.” Dr. Amos R. Thomas and his son Charles took a 17-acre parcel along the north side of Arlington road (Lancaster avenue today) which they called “Llangollen.” Other early purchasers were Henry Mather Warren, “Fairfield,” and Theodore Kitchen, “Brendon.” 

Some lots, perhaps bought on speculation, also began to turn over. One such transaction involved the William B. Mann tract which was soon purchased by George H. Earle jr. Mr. Earle’s son, also named George Earle, was born in Devon on December 5, 1890. He served one term, 1935 - 1939, as govenor of Pennsylvania and consequently can be claimed by Easttown as a native son.

In April of 1892 ten men from the Devon area met at the home of J. Lewis Twaddell on Valley Forge road. Their purpose was to start a Sunday School in Devon; it was soon known as the Devon Chapel. Hoping eventually to become a Presbyterian Church, they applied to the Chester County Court of Common Pleas for a charter which was granted on June 14th, 1893. Named as subscribers were the leaders: J.H. Jefferies, of Wayne, and F.E. Hastings, J. Lewis Twaddell, Louis Warner, and S.D. Walton, all of Devon.

Coffin & Altemus, donated a piece of ground on Berkeley road for the chapel. During the summer of 1893 a frame building was erected on the site. It was dedicated on August 20th. Among those taking part in the service were: The Rev. William H. Gill D.D. of Philadelphia, Rev. William Patton of Wayne, Rev. John G. Booker, Rev. Thomas J. Aiken, Rev. Charles Straw of Berwyn. (An early map shows that apparently Coffin & Altemus gave a like-size piece of ground for Devon School next to the chapel site). 

The membership of the Chapel increased as the town of Devon grew, and in 1897 a full-time minister, the Rev. Joel Swartz D.D., was called in anticipation of becoming a full-fledged Presbyterian Church. Early in 1903 a petition presented to the Presbytery of Chester was approved, and the congregation adopted the name St. John’s Presbyterian Church.

The future of Devon was dealt a severe blow on January 4, 1895 with the death of Lemuel Coffin, one of the principals in the firm of Coffin, Altemus & Company. Apparently Mr. Coffin died intestate with dependent minor children, and it was not until March of 1898 that a decree of the Orphans Court of Philadelphia permitted dismantling the real estate venture. In the aftermath of settling the estate, Edward T. Stotesbury and James W. Paul jr., partners at the Drexel investment firm, purchased the unsold lands at Devon later in 1898.

The location of the little town growing up at Devon began to attract the attention of Philadelphia’s wealthy who were seeking a retreat, perhaps a summer place, but not necessarily a working farm. They could afford larger tracts than those available around the Inn. Besides, land further away from the railroad stations was more reasonably priced yet close enough for easy commuting to the city.

Charles Custis Harrison was one of the first to usher in the era of large landowners. In 1891 he purchased several hundred acres along the Darby Creek watershed which he named Happy Creek Farm. Over 100 acres were located in the southeast corner of Easttown, with an even larger tract and newly constructed residence in adjacent Newtown. Harrison had been president of the Franklin Sugar Refining Company and a member of the brokerage firm of Harrison, Frazier and Company. He was also a Trustee of the University of Pennsylvania and later served as its Provost.

Another Philadelphia businessman, William Nelson Wilbur, bought a house and forty-three acres just south of Devon in 1894. He later increased his land holdings to 100 acres and called the estate ldlewood Farm (we know it today as Hilltop, location of Easttown township offices and park). Wilbur presided over a chocolate manufacturing enterprise which made the famous Wilbur Buds.

Apparently the Wilburs fitted right into the Devon community as their children, Lawrence and Willie, took part in a performance of The Devon Dramatic Association just after Christmas 1896.

The horse was still the primary means of transportation. Good harness horses were a necessity to Devon folks as well as an attractive pastime, as many of the splendid homes were far removed from the station. Recognizing the need to develop good horses for their carriages and wagons and other vehicles, a dozen local horsemen and farmers met on the lawn of the Devon Inn, the side toward Waterloo road, in 1896 to form the Devon Horse Show Association.

The group elected Henry T. Coates (who was in the book business) the president; Lemuel C. Altemus and Henry Mather Warren, the vice-presidents; E.W. Twaddell, the secretary; and David B. Sharp (who lived at “Hawthorne,""” Leopard, where he operated a stock farm), the treasurer. Also included on the executive committee were C.Davis English, John W. Patten, A.B. Coxe, and R. Penn Smith.

In early May the Association sent an invitation to friends	and neighbors, inviting them to a meeting at the Devon Inn. “Dear Sir,” the invitation read, “In order to effect an organization for the purpose of holding a Horse Show at Devon, a meeting of gentlemen, interested in the breeding, showing and ownership of horses, is called for Friday evening, May 22, 1896, eight o’clock, at Devon Inn. Please attend and invite others who may be interested.”

Their efforts met with success. The first horse show, a one-day affair, was held on July 2, 1896 (the date was selected to avoid conflict with the Philadelphia Horse Show usually held on Decoration Day), with entries closed June 27th. It took place on the field of the Devon Polo Club (the present site of the show) diagonally across from the famous and fashionable Devon Inn.

There were 26 classes altogether in this first horse show. The number of entries in each class ranged from two to ten, the latter number entered in the class for the best roadster owned by a farmer. In addition to ribbons, prizes of $10 for first place and $5 for second place were awarded for entries “owned by farmers.”

“It was seen early in the morning of July 2nd,” it was reported, “that a beautiful day was in prospect,” and the crowd “arrived early.” The judges for the show were Barclay Warburton, Dr. Thomas E. Parkes, and M. Peach, and it was noted that they “did their work well and promptly, and their awards evidently gave entire satisfaction to the spectators if not in all cases the exhibitors.”

The outstanding horse in this first show was J.C. Young’s brown geding Governor Brown who won the blue ribbon in three classes and shared first place in another class with its stablemate Senator Quay, in the class for the best pair of harness horses.

The 1897 show was also held at the polo field, but in 1898 it was moved to the “spacious” lawn of the Devon Inn, where it was also held in the next two years. In 1898 the show became a two-day affair, held on June 7th and 8th. By that year there were entries from places as distant as Lionville, Northbrook, Ercildoun, and West Chester. But, unfortunately, after the show in 1900, for reasons not known, it was not held again until 1910.<. 

Meanwhile, in Berwyn the pace of development continued to be brisk. About 20 dwellings, the Berwyn National Bank, two stores, a real estate office, and the Methodist church took shape within the village in 1888, while other building under way included St Monica Roman Catholic church, a graded school (cost $7000), and six more dwellings, which were completed shortly after. The village then had 500-600 residents and four churches. Real estate that sold eight years before at $35 an acre now went for $1175.

William Henry Fritz turned age 21 on December 21, 1885 and claimed his inheritance, the coal, feed, and lumber business started by his father Henry before his death. Uncle Preston Lobb, steered him through a period of apprenticeship and left him in full charge. The timing could not have been better as demand for building supplies was at an all-time high.

In 1885 a part of the Joseph C. Smith and Davis Taylor farms was purchased by Charles N. Thorpe, president of the Keystone Watch Case Company, then of Philadelphia, and his wife, Mary Warren Thorpe. They immediately developed that part lying west of the Glassley Commons in the limits of Berwyn by opening Warren avenue (the name perpetuates the family name of Mrs. Thorpe), dividing the tract into lots numbered 16 to 28, and erecting five dwellings which were sold and occupied immediately.

That portion of land acquired within Glassley town, lots numbered from 1 to 15, contained no buildings save the bare walls of the old Smith barn and a shed (the Smith farmhouse was west of the line), but the substantial walls of the barn were utilized in the construction of a large building, with frame annex, which in all contained 60 rooms; upon it was bestowed the name of Wynburne Inn (Berwyn turned around).

This building was erected by W.H. Burns for the Thorpes, and it became a summer boarding house of varying fortune and changes in management. Completed in time for the summer 1887 season, it was said to be rented to a lady who was keeping a fashionable boarding house on Spruce street, Philadelphia. Later, William W. Downing and wife, who managed it for ten or more years, were perhaps the most successful in catering to the city business man who wished to be with his family and still have them in the country. Under another management and under the name of the Lincoln Inn, the building later burned down.

A “Village Improvement Society” took form in June of 1885. It devoted its efforts chiefly with the placing of some hundreds of feet of boardwalk from the pike to the Presbyterian church and to Cleaver’s store, and the erection of a dozen coal-oil street lamps. William Nuzum, caretaker at the Town Hall, was the lamplighter. This association ultimately died of malnutrition, for in July 1889 the local paper stated that it had expended a grand total of $1440, the boardwalk was badly in need of repair, and the streets were in darkness.

About this time James F. Kromer of Lehigh county, near Allentown, bought a property on the pike opposite the hitz establishment, and started a livery stable and hotel business. His home was on the north side of Berwyn avenue behind his place of business. Kramer’s younger brothers, Samuel and Alfred, also lived in Berwyn. With increasing travel between the city and the local area, there was a great need for a place where visitors could rent a horse and a rig to get about in the country.

Julius Friedrich Sachse, born in Philadelphia, lived at the Leopard during this period. He was a manufacturer of fine shirts for many years. He gave the name “Sachsenstein” to his place of sixty acres, after an old castle said to have been the ancient family seat near Erfurt, Germany. At first it was a summer retreat, but it later hecame his permanent residence.

He had business reverses, after which he conducted an office in Berwyn. He was Justice of the Peace of Easttown and Deputy Coroner of Chester County. He had one-half of the small box-like shop near the station, the other half was occupied by David Preston, shoemaker. There you could get your shoes half-soled and listen, at the same time, to testimony in a law suit.

Squire Sachse was also a journalist, historian, and photographer, who wrote with such vivacity that trifling civil suits, petty criminal cases, and sudden deaths became of interest to every one. Often his items were given front display column space. He collected from the oldest inhabitants many local traditions and wrote in 1892 a piece, “Devon and its Historic Surroundings,” primarily for the advertisement of the fashionable Devon Inn. Later, he published the material he had collected about the old inns along the Lancaster turnpike. In this way Julius Sachse was successful in preserving much infor-mation about the history of the area which would othenvise have been lost.

An examination was held in West Chester in the spring ol 1888 for the admission of cadets to the Naval Academy at Annapolis. Two students at Glassley school, Howard W. Huffington and Harry E. Pennell passed successfully, Howard as first and Harry as third, over competitors from private and high schools. They both went to Annapolis and successfully passed the entrance exams, but as Chester county was entitled to only one cadet, only Howard Huffington was appointed.

The Glassley one-room school house became overcrowded and unable to accommodate all its pupils. The school seated sixty pupils and then had eighty-six on the roll. Commencement exercises for its last graduating class were held in the Baptist Chapel on June 5, 1888. It was decided to construct a	new, larger school in Berwyn. The	School Directors bought for $775	the tract of land on Bridge avenue	across from the present Fire	Company building. In April, 1888,	W.H. Burns contracted to build the	one story stone school building for	$5175. It was dedicated August 28,	1888, with Board president Captain	William Wayne presiding. Known	as Easttown Grammar School, it	opened on Monday (no Labor Day	holiday then) September 3, 1888,	with Hannah Epright in charge of	the Grammar Department and Mary A Pyle of the Primary Department.

Manual Training was introduced in 1890. The fifth grade boys had class one hour a week in a part of the basement partitioned off and fitted up with work benches. In 1893 a second floor was added to the building containing three rooms, of which two were immediately put to use. A new principal, J. Alexander Clarke, took over. Mr. Clarke later taught in Philadelphia, but lived in Berwyn until his death many years later.

On September 10, 1894, Easttown opened a two-year high school on the second floor of the Bridge avenue building. Stenography and typing were added to the curriculum. The new school held no commencement until June 2, 1896, when a class of five graduated in a ceremony held in Trinity Presbyterian Church. Members of this first graduating class were: Bertha Rogers, salutatorian; Mary E. Gordon and H. Oscar Broadbelt, who read essays; Laura Beaumont, who read the class history; and William G. Armstrong, valedictorian. In 1904 the first four-year high school course was begun at the school. At about the same time, the high school students began to become involved in organized sports with other schools. In 1912 the Berwyn Primary School, across Central avenue, was built to care for increased enrollment. In 1920 the Leopard School was closed and in 1922 the Ogden School, last one-room school, closed. All school facilities for Easttown were now located in Berwyn.

Local residents and businessmen had to travel almost nine miles round trip to Malvern if they wanted to access banking services. There was an obvious need for a village bank. On June 5, 1888, a group met at the home of Isaac Cleaver to take the first steps toward forming Berwyn National Bank. In addition to Cleaver, those attending the organization meeting were William Coates, Joseph Sharp, William H. Fritz, Preston Lobb, and about a dozen others. William H. Burns, local builder, received the contract to erect the building, located across from the railroad station. It was completed at year end and opened for business on June 1, 1889. Joseph Sharp served as first president.

When U.S. Census figures for 1890 were tabulated they showed what a powerful growth had taken place in Easttown in the decade of the 1880s. The population had doubled to 1682 citizens from 845 ten years earlier. The railroad produced the growth stimulus. It was the employer of choice and, in addition, actively promoted the advantages of suburban living to stimulate traffic into our area.

Before the phonograph, motion pictures, radio, and television, there was the “lodge.” A report in a local newspaper observed, “There are about a dozen lodges in Berwyn, all with good membership, and in looking over the meeting nights one wonders whether the men of this pretty village ever stay home o’night.” A lengthy list of lodges and meeting nights followed:

In Odd Fellows Hall -

-Monday night, Order of Independent Americans, No. 362;

-	Tuesday night, Berwyn Lodge, No. 998, I.O.O.F.;

-Wednesday night, Carpenters’ and Joiners’ Union;

-	1st and 3rd Thursday night, Ladies of the Golden Eagle, No. 84;

-2nd and 4th Thursday night, Berwyn Castle, No. 142, Knights of the Golden Eagle;

-Friday night, Wyomissing Lodge, No 231, I.O.O.F.;

-Saturday night, Daughters of Liberty, No. 21...

Meeting Elsewhere -

-Berwyn Division, Ancient Order of Hibernians;

-	Thomson Lodge, No. 340, Free and Accepted Masons.

In addition to all these were the meetings of the Fire Company, the Building and Loan Association, and the Berwyn Social Club, and “yet the women of Berwyn seem to be a happy and contented lot.”

Berwyn Lodge, No. 998, I.O.O.F. (Independent Order of Odd Fellows), had been instituted on May 28, 1884. It first met in Old Hall behind the Presbyterian Church but then moved to Steen's Hall (believed to be in Howellville). In 1890 the lodge bought from Frank Stauffer a lot on the east side of Waterloo avenue as the site for its new hall. Built in 1892, the two story structure housed the lodge on the upper floor while the first floor was used for public meetings, political rallies, benefit entertainment performances, musical recitals, and concerts.

The fire company also traces its origins to the last decade of the nineteenth century. A destructive fire in 1891 which consumed the shop of the blacksmith George Krider and the carriage builder and wheelwright Frank Krider, prompted the men of Berwyn to organize a fire protection effort.

A book containing the Constitution and By-Laws adopted July 23, 1894 contains the following: “Danger from Fire Prompts us to United Action.” The preamble reads: “We citizens of Berwyn and vicinity, for the better protection of property from destruction by fire, do hereby associate ourselves under the name and title of ‘The Berwyn Fire Company’ ....” The organization was completed with receipt of the charter, dated November 20, 1894. Each volunteer fireman provided his own equipment - a leather bucket and a section of ladder. These were kept in their own home and carried to the fire where the ladder sections were joined.

Henry T. Coates, was the last of the Coates brothers to take up residence in Berwyn. Although he had begun assembling acreage for a “country seat” off Leopard road in 1880, his mother’s death had intervened, and he remained in Philadelphia to care for his father. After his father died in 1893, Henry Coates and his wife (they had no children) moved into their new estate. He named it “Langdale,” in deference to his ancestor, Mary Langdale.

Under the provisions of his father’s will, Henry Coates was left in control of the book business, and the name of the firm was changed to Henry T. Coates & Company. Coates was a bookish man who accomplished much work in a few years, a man of quick and generous impulses, sociable, excitable, loveable, active, though somewhat impractible in home affairs. He had been on more or less intimate terms whith many of the most prominent men in social life, and in the business and professional life of the East.

The organizers of the Devon Horse Show Association met to organize the first show, they elected Henry Coates president. He apparently was very fond of horses. In 1901 he wrote a “Short History of the American Trotting and Pacing Horse.” Coates cared for old thoroughbred horses at his farm, but never raced them. It would appear that, to spare them from the “glue factory,” he bought them up and looked after them at Langdale. When age claimed them, they were interred at a private cemetery back of the house. There were nicely rounded head-boards, painted white and lettered carefully in black, with each horse’s name and dates of birth and death.

During the McKinley presidential campaign of 1896, with the gold standard an issue, Coates acted as chairman of some interesting Republican meetings, in which Berwyn attained prominence through the high quality of the speakers on the local platform. Ex-senator Edmonds of Vermont, then stopping at the Devon Inn, made the speech of the campaign in the stuffy little Odd Fellows Hall, a speech that was extensively copied and circulated by the Republican Nationa Committee.

Apparently Henry Coates took the village to his heart during the sixteen or so years he resided here, His naemappears on an early list of members of the Berwyn Fire Company, and he was a patron of a series of four lectures held in the Easttown School for which the School Board granted permission in 1900.

The boom of the 1880s, as is often the case, soon came face to face with the reality of the 1890s. The financial “Panic of 1893” brought with it a period of ecomonic uncertainty, including bank failures and business bankruptcies, the first of which in this area was the Philadelphia & Reading Railroad. The publishing business declined without corresponding cuts in expenditures. Coates was heard to say that many of his employees had grown old in his service and that he could not turn them off. The firm continued until 1904, and was then acquired by John C. Winston Co. Its former efficient head died at his beautiful home in Berwyn, almost unattended. His widow, a sister of his brother William’s wife, lived out her life there also. The property was sold on April 1, 1920 to Helena T. Devereux, and today is known as the Whitlock Center of the Devereux Schools.

The retail store owned and operated by Isaac Cleaver was known as the “Beehive.” In April of 1895, when electric light wires were at last extended to Berwyn from the plant at Wayne, the first and only electric light in town beamed forth brightly from the pole in front of Cleaver’s store. For nearly 30 years the store supplied the inhabitants of the growing town of Berwyn with many of its material needs. Its inventory included general merchandise, grocery products, flour, vegetables, fruit, fish, dry goods and notions, horse blankets, clothing, boots and shoes, drugs and medicines, coal oil, and a wide selection of farm and garden needs, even pianos, organs and sewing machines.

The store was extensively patronized and it was widely known that Mr. Cleaver sought but reasonable profits on legitimate transactions. Unfortunately, the business did not continue to prosper. It has been suggested that perhaps Cleaver’s many and diverse community activities may have interfered with his business, that it may have been in part due to competition from newer stores, or that his liberal credit policies were at fault. (It was reported that he had about $36,000 in uncollectible accounts on his books.) Whatever the cause, as a result, in 1896 the business was sold for $500 at a Sheriff’s sale.

Trinity Presbyterian Church: A meeting of the congregation was called for February 6, 1889 to consider building a new church sanctuary. The first church building had been dedicated in 1862 when Reeseville, its name then, numbered only about ten houses. Although some of the older members had an especially strong attachment to that “little brown church,” now a larger church was needed and a grander church was a possibility.

The pastor at the time was the Rev. Thomas Jefferson Aiken who, as a young man, had served the church from 1868 to 1874 and who had returned again as pastor in 1885. The congregation agreed to build, and over the next two years plans were put in place. The architect was John Fraser, of Philadelphia, just returned from Washington, D.C., where he had supervised construction of the U.S. Treasury buildings. Local builder William H. Burns won the contract to construct the church.

The plan was to first erect the Sunday School Annex against the old church. The last service was held in the old church on September 6, 1891, and it was demolished soon after. The cornerstone for the new church was laid on October 22, 1891, precisely thirty years after the cornerstone was placed for the first church.

Baptist Church in the Great Valley: The Berwyn Baptist Chapel was built on Cassatt avenue, near the railroad station, in 1886 by Morgan Ruth of Malvern, at a cost of $6822 according to the church account. The exterior is part frame and part Easttown stone in rubble work, being of the “Up John” period. The cornerstone was laid with ceremony on September 14, and on November 28, the first services were held, when the Sunday School celebrated their anniversary.

For a time they seemed to prosper. An itinerant evangelist, one George Williams, conducted a “union” revival service in the Chapel during the winter of 1891-92, with marked success in respect to the number of converts, most of whom joined the Baptist Church through the activity of “Brother” Cleaver. It had been agreed among the church leaders that inasmuch as it was to be a union service, that the converts should not be influenced to unite with this or that church.

On July 26, 1895, the Chapel was damaged by fire supposed to have been of incendiary nature; the interior was remodeled by W.H. Burns, and the building reoccupied in December of the same year. Many were pleased that some of the clashing color effects produced by an exorable taste in the “fighting” windows, were replaced by more artistic leaded glass. The renovation was largely at the expense of the insurance company, of which Deacon Cleaver was the local agent.

Perhaps there is no more distasteful task than that of recording church dissentions. Early in the pastorate of the Rev. John G. Booker, 1893-1895, a native of England, personalities between a few leading members spiraled into a most bitter feud until nearly all were involved on one side or another, resulting in the withdrawal of the greater part of the congregation, many of whom were recent converts, but taking with them several whose traditions ran back to the very foundations of the Baptist Church in the Great Valley. The bone of contention was not disclosed save that it was understood to be of a sordid nature.

The First Baptist Church: Claiming to have been locked out of the Chapel, a number of Baptists met in the old band hall over the plumber shop on the corner of Waterloo avenue and the Pike, September 23, 1896. On the evening of the 30th an organization was effected, at first called People’s Baptist Church, later First Baptist Church of Berwyn, with James J. Dewees, Abraham S. Latch, Theodore L. Wiggins, and Pusey Pennock as deacons. This church was recognized March 2, 1897, by the Baptist Council of the Philadelphia District, a body independent of the regular organization.

Berwyn Methodist Church: After being forced to find new quarters when the roof of their frame chapel at Devon collapsed in a heavy snow and rain storm in the winter of 1883, the embryonic Methodist congregation met for a time in the Berwyn Town Hall. The adjoining sheds of the Presbyterian church were used for horses and carriages. The Sunday School opened May 4,1884, after a preaching service. The church was connected with the Salem Charge, and the Rev. Edward Townsend of Salem was pastor. Later that year they purchased a lot on the west side of Church avenue (now Main) extending through to Waterloo. At the Conference of 1885 Berwyn was set off from Salem, as a separate charge, and the Rev. Daniel Hartman became the first pastor.

St. Monica Roman Catholic Church: St. Monica is named, as are most Catholic churches, for a saint - in this instance for the mother of St. Augustine, which is appropriate since the church owes it beginnings in Berwyn to the Augustinian fathers in Villanova. The Town Hall erected in 1877 on Church avenue, served as the religious center for Catholics of the Berwyn area until December 24, 1889 when Mass was celebrated in the basement of their still uncomplete church.

Prior to 1873 they had to make an eight-mile trip to the chapel of Villanova College. In 1876 the Rev. John Fedigan O.S.A., pastor of Villanova, was asked by a boyhood friend, James Kelley, to attend a meeting to discuss the needs of his fellow Catholics in Reeseville (name soon changed to Berwyn). As a result of this meeting, the firstMass in Berwyn was celebrated on January 12, 1879 in Mr. Kelley’s home, at the corner of Lancaster pike and Waterloo avenue, which was to serve as the area’s Catholic religious center until the Town Hall rented shortly afterward.

George and Cornelia V, Tobler, who owned a 1.4 acre tract on the south side of Berwyn avenue, transferred half of it to the Augustinian fathers on June 2, 1888 for a consideration of $2800. By Christmas eve 1889 work had progressed far enough to permit holding the first Mass in the basement of the structure, but it was not completed until three years later. The church was dedicated on May 28, 1893. In June the Augustinians turned over the new church to the Archdiocese of Philadelphia, ending their association with the parish. For a while St. Monica operated as a mission church served by Father Hand and Farther Ward of St. Katherine parish in Wayne. On January 11, 1897 St. Monica received its first resident pastor, the Rev. Hugh J. Dugan, and thus was accorded full parish status by the Archdiocese.

St. David’s Episcopal Church: Upon the death of Rev. William F. Halsey, October 15, 1882, the Rev. George A. Keller, then assistant rector of Christ Church, New York City, was called to the vacant charge and began his ministry there early in 1883. Rev. Keller died March 4, 1902, after a ministry of nearly twenty years.

The deaths of there men, Frank H. Stauffer, 1895, Thomas Aiken, 1897, and John F. Kauffman, 1898 was participated importantly in guiding the small village of Reeseville to its maturity as Berwyn, were recorded in the waning years of the nineteenth century. Stauffer, was a leader in many local organizations, including the Presbyterian church; Aiken sub-divided his farm and it became the core of Berwyn and Kauffman surveyed the land and laid out the town of Devon. New names and faces would be needed in the new century.",NULL,"EastT",,,,,,,"Chapter 9: Beginning of the Suburban era","document",NULL,"1","Meg Wiederseim, Heidi Sproat, and Mike Bertram"
"956","1901 - 1929","Easttown, Old in History, Young in Spirit, 1704 - 2004 by C. Herbert Fry","Chapter 10: Rising of the Automobile Age

1901 - 1929

The average resident, if there ever is such a person, awoke on January 1, 1901, with little thought as to the changes a new century would bring. Much later, historians concluded that the passing of the frontier in America had already taken place in 1893, and some significant forces of change were at work in the nation. 

The center of population had moved west to southern Indiana and would continue to move toward the Pacific coast as each successive U.S. Census in the new century was recorded. Migration, nourished by mobility, was under way. 

A manner of some importance to the Pennsylvania Railroad at this time was assuring a sufficient water supply for existing and future needs of its steam locomotives.The company had perfected the technique of picking up water from troughs alongside the trackson the fly and installed this equipment along its main line at St. David’s and Glen Loch. The railroad retained American Pipe Manufacturing Company of Philadelphia to develop a distribution network for the sites, utilizing the Pickering creek water supply.

On July 23,1895, officials of the American Pipe incorporated the water companies: Easttown Water Company; Tredyffrin Water Company; Villanova Water Company, serving Radnor township; Willistown Water Company; and East Whiteland Water Company. One week later, Easttown Water was renamed Berwyn Water Company and it acquired the other four companies. 

During its four years of existence, Berwyn Water developed the Pickering creek pumping station near Phoenixville and built the Diamond Rock reservoir at the highest point on the line into the Valley. It had also laid pipes along Lancaster turnpike from Bryn Mawr to Glen Loch, providing public water to our local area. In 1899, North Springfield Water Company acquired Berwyn Water. The growing water industry, shared by many companies, was consolidated in 1925, when the community suppliers were acquired by Philadelphia Suburban Water Company.

Ice played an important role in the early days of the twentieth century, a time when fresh and perishable foods from other parts of the world became available, but electric refrigeration for homes was still in the future. Few homes in Berwyn had springhouses for cooling and storing food. The swinging shelves, usually found hanging from basement rafters, were at best unsatis-factory. The icebox was welcomed into the kitchen despite its drawbacks of emptying the drip pan or running out of ice at a crucial time.

The Berwyn Ice Company began operation October 7, 1901 on Lancaster pike at Woodside avenue. It advertised its product as “pure ice manufactured from pure spring water”	at the source of Darby creek,	old Springhouse tavern. The	plant was managed for about	two years by Charles Z. Jones	of Kromer avenue. Jones was	succeeded by George Turner	who took up residence at the south east corner of Berwyn	and Woodside avenues, a block	from the plant. 

Cash flow was a problem. The plant was mortgaged in 1906. When the company defaulted in 1913, Bryn Mawr Ice Company became the owner. Shortly after this the tall red-brick building used for ice storage was erected. It had the capacity to store two thousand tons of ice. The sign atop the building read, “Ice Never Fails,” and remained a Berwyn landmark for many years. But ice manufacturing finally did fail and its operations ceased around 1950. In 1971 the tall brick building and its sign came down. The long, low building which once housed horses, delivery wagons, and later trucks is today Yang’s Market.

A “Town Meeting” was held in the Odd Fellows Hall on October 3, 1905, at which about 125 “citizens and ladies” were present, to discuss and offer suggestions “for the improvement of Berwyn.” 

A number of suggestions were made, and, as reported in the Minutes of the meeting, “These suggestions took a tangible form in a motion ... that a Committee of 3 (later changed to 5) be appointed... to secure all information possible relative to improvements and to draw up a constitution and by-laws to form an Improvement Society whose object shall be to improve conditions in Berwyn.” The motion was passed by the meeting, and Henry 0. Garber, William Fritz, George Maxton, the Rev. R.N. Powers, and AM. Snider were appointed to constitute the committee.

Two weeks later the committee presented its report, and “after carefully considering and amending the same” it was accepted and adopted. It was then moved “that a permanent organization called the Berwyn Town Meeting be formed under the Constitution and By-Laws” that had just been approved. This too was approved, with 24 persons enrolled as charter members. (In the following March the name was changed from the Berwyn Town Meeting to the Berwyn Citizens’ Association.)

From the beginning, the establishment of a reading room and library was the major project of the organization. At the same time, the extension of street lights and sidewalks in Berwyn and the disposal of garbage were also areas of improvement to which attention was given.

At the meeting of October 3, 1905, a committee of five was appointed to inquire further into conditions, sites, etc., for a new library. This committee reported the following at the second Town Meeting: All attempts must be on a modest basis; other near-by libraries had reported very small beginnings and meager interest; at least $500 would be needed a year, and they suggested means of obtaining this money.

At the November 16 meeting the Reading Room Committee was instructed to secure a room for six months with the privilege of extending the time to one year. By January 1906 the minutes show the Reading Room in operation on the upper floor of what was then “The Bakery” on Waterloo avenue and a Special Committee was appointed to purchase tables and games, these in addition to magazines and papers already subscribed for.

About this time evidently the Committee was greatly enlarged. The additional names were 16 in number. Mr. William Fritz and Mr. George Hutton were largely responsible for financial support. Members of the Committee shared the work of a Librarian. A Special Committee headed by Mr. Coates examined all books offered or secured for the Libraiy. By March 1906 the Committee requested that its quorum be lowered to but eight members.

An invitation was extended to the Women’s Auxiliaiy of the Chester County Hospital to use the room for its monthly meetings. Minutes likewise report that a loan of 50 books had been made by the Friends Library of Philadelphia. Books had also been loaned by the State Library at Harrisburg.

There was need for a Librarian. Mrs. Elsie Jardine was appointed in November of 1906. In 1910 the Library moved to the Yerkes Building on Lancaster Pike. Here the first book stacks were built. Money was raised by “candy made and sold by the members.” The shelves were built by Mr. J.P. Lamborn. A standard system of cataloging was also installed and the Committee spent many long hours in cataloging all the books. Townspeople worked unceasingly that the Library might succeed, and it today is the result of the untiring efforts of many citizens. (The Reading Room/Library then established, incidentally, later became what we know as the present-day Easttown Library and Information Center.)

Berwyn’s largest manufacturing enterprise,	the American Bronze Company (later	reorganized under various names, the last	of which was American Non-Gran Bronze	Company) operated between 1907 and 1959 in the building known	today as the Bronze Building. It produced castings of a	special bronze alloy which	were machined into bushings	and bearings used in	automobile and aviation	engines. The technology	employed was contributed by	Englishman Alfred Hodgson Smith, a metallurgist	who had worked out and brought to this country	with him an idea for a special type of alloy. (Smith,	by the way, was over 65-years of age when he came here to pioneer the new company. He died at his home in Berwyn in 1919.) Jack Watson, of Wayne, handled administrative matters and was the financial backer.

The new company grew rapidly. Within two years the original foundry building was enlarged, the number of furnaces and employees was increased and more lathes were added to the production line. By 1912 the quarters were outgrown again, and a new modern foundry with a “saw-toothed” roof for maximum lighting and ventilation was erected. This was the period of immigration to America from southern and eastern Europe. Brothers Henry and Fernando Toroni came from Italy to Berwyn and worked at the “Bronze.” Both made their homes here and held important supervisory posts in the plant. In the beginning the products were used by automobile and truck manufacturers. During the first World War, every truck sent overseas was equipped with a kit of bronze bushing material for emergency field repairs.

Later the company began to work in the aviation field, providing bushings for Pratt & Whitney engines. Bushings from the Berwyn plant were said to be in the Wright engine that powered Charles Lindbergh’s “Spirit of St. Louis” on its historic non-stop trans-Atlantic flight in 1927, one of the great achievements of the twentieth century. 

The picture post card craze in the United States was at its peak during the period 1905-1912. Especially appealing were real photo post cards showing images made by a local photographer. Berwyn had such a photographer. She was Miss Lucy Sampson who lived on Francis avenue with her sister, Sarah, and her sister’s husband. 

Lucy Sampson took numerous photographs of Berwyn and the adjacent Main Line area and had a most extensive collection of picturesque rural and sylvan scenes, historic buildings, interiors of stately homes, and group and individual portraits. Some of her work can still be found at post card shows, auction sales, and flea markets.

During the first decade of the century the deaths of three of Easttown’s most respected citizens were recorded. They were: Joseph W Sharp (1828-1908), who established his country estate, “Hawthorne,” near Leopard upon the death of his father in 1856 and was instrumental in organizing the Berwyn bank; Preston W. Lobb (1844-1903), who managed the Fritz lumber yard for many years and had an important role in the founding of the First Baptist Church of Berwyn; and William H. Burns (1856-1910), the proprietor of the Berwyn Planing Mill and builder of homes and many larger public buildings such as schools, churches, railroad stations, and business houses.

In 1907, the Pennsylvania General Assembly passed a supplement to its earlier acts governing high schools, which gave two or more adjoining townships the right to erect and keep joint high schools. On May 23, 1907, a joint meeting of the school boards representing Easttown and Tredyffrin townships was held in the Easttown High School building on Bridge avenue “to consider the advisability of uniting the two townships in high school work.”

Members of the Devon Citizens’ Association attending the meeting asked for time to hold a meeting of their own to discuss having a joint high school as they were not sure that this was the thing to do.

George Hutton was elected temporary chairman of this first Joint School Board in the state of Pennsylvania. A joint committee (J.H. Dingee, JP Lamborn, HR. Wilson, and George Johnson) was appointed to investigate and confer in the matter of grounds and building.

On June 6, 1907, the report of the committee was received and the committee continued. On June 26, D. Knickerbacker Boyd was selected as the architect and a town meeting called to present the proposal to the taxpayers at the Easttown High School building. On July 11 the meeting was held but no test vote was taken. The sentiment of the meeting was favorable. A total of 26 attended. A Devon Citizens’ Association member asked for a meeting where they could hear more from the Easttown Board.

On August 3, the Boards voted to buy John Beadle’s ground (on the southwest comer of Conestoga and Howellville roads, across the street from the North Berwyn school) and moved that the Committee get an option for 60 days at $4500. The Committee reported on August 16 that they could secure 3-1/4 acres of the Beadle ground of $5000. All Directors except Thomas voted yes. William H. Burns was the successful bidder at $27,835 to build the school, with an additional cost of $3590 for heating. On December 19, 1908, the building was deemed completed. Formal dedication took place on February 9, 1909, in a snowstorm, with 300 persons present.

The 1909	enrollment of the	school was 72	students; this grew to 107 by 1920, and 330 by 1930. The school closed its doors on June 15, 1955(it was demolished in 1970),superceded by the construction of Conestoga High School, with an enrollment of 479 in the three High School classes. The first principal of the joint Tredyffrin-Easttown High School was Hayes C. Taylor, of Kennett Square

New homes continued to be constructed in Easttown. One of Devon’s most exquisite country houses, “Grey Craig,” was built in 1902 for James W. Patterson along Waterloo road about a mile and a quarter from Devon station. Designed by architect William Price, the English Tudor house was erected at the crest of the hill (450 feet elevation) overlooking 76 acres.

Another new estate was Philadelphia attorney William C. Bullitt's 15-acre “Oxmoor” (named after the ancestral home near Louisville), south of Exeter road and west of Waterloo. One of his sons, William jr., was the first ambassador to the Soviet after it was recognized in 1933, while the other, Orville, was one of the founders of the local Blue Cross and chairman of the board of the Philadelphia Orchestra. Oxmoor today is known as “Rosedon” but is still a landmark Devon address. 

George Wharton Pepper, Philadelphia lawyer, threw in his lot with Easttown when he decided to become a resident. He tells the story in his autobiography, “The choice lay between a small tract of high-priced land near a railroad station and a large tract in the more remote farming area. We decided in favor of a farm, and in August of 1907 bought ... a beautiful tract of farmland and woodland. The tract comprised 177 acres. The property had once belonged to the sisters of General Anthony Wayne, and we were glad to find his signature as an attesting witness to one of the old deeds.” Pepper continued, “Upon the land there stood a stone farmhouse somewhat more than a hundred years old. There was a stream running though the property; and as foxes -	as well as other small game -were plentiful, we named the stream Fox Creek and to the place itself we gave the name Fox Creek Farm.”

An elaborate country house named “Kelso” after a family ancestor, constructed about 1907 off Berwyn-Paoli road was the summer home of Philadelphia investment banker, J. Gardner Cassatt. As early as 1860 the 124-acres had been the Jonathan T. Morris farm. Yes, it is likely that artist sister Mary Cassatt on a visit to Philadelphia at Christmas 1908 did get to see the new house. It is now the Upper Main Line YMCA.

The Devon Horse Show resumed in 1910, after a nine-year hiatus. The president of the Association then was John T. Windrim, architect, who had built an exquisite home in Devon at the corner of Sugartown and Fairfield roads, with J. Gardner Cassatt, of Kelso Farm in Daylesford, the vice president. Much of the credit for the success of the revival of the Devon Horse Show, however, is usually given to the untiring efforts of William T. Hunter, who owned a small farm near the grounds and was treasurer of the Association.

When the show resumed in 1910 it was, as one writer described it, “already large” and “veering from rusticity to brilliance."" (This is reflected in the composition of the Board of Governors and their selection of honorary vice presidents of the Association. Among the honorary vice presidents, for example, were Philander C. Knox, Charles Custis Harrison, Charles Lea, Dr. Charles B. Penrose, George Wharton Pepper, and Edward T. Stotesbury, while William C. Bullitt, Victor Charles Mather, A.]. Drexel Paul, M.A. Rosengarten, Welsh Strawbridge, and William Wayne were among the 32 members of the Board of Governors. Only D.B. Sharp, E.W. Twaddell, and Henry M. Warren were holdovers from the group that originally formed the Devon Horse Show Association in 1896). For the first time, the show was held over the Decoration Day (or Memorial Day) week end, a now three-day event on May 30th, and 31st and June 1st.

In 1913 William T. Hunter became chairman of the show, and in the following year it attracted more than 1000 entries and was described as “the largest outdoor show in the United States, and very probably in the world.” Its success has continued to build over the years. It is without doubt Easttown township’s preeminent sporting event.

The automobile had established itself as an economic force to be reckoned with. Automobile production in the United States since 1900 surpassed an aggregate of 1 million cars (statistics show 450,000 registered automobiles in 1912), but there were only 2.5 million miles of roads, most of them in towns and cities. Paving, if any, ended at the town line.

At this point Carl Fisher got involved. (He had already made a fortune by building the Indianapolis Motor Speedway and heading a company that made improved auto headlights.) Fisher went to a map and drew a straight line from New York to San Francisco, and declared that he would spearhead the construction of America’s first transcontinental highway. Fisher, an idea man who left details to others, was fortunate to attract as contributors two men influential in the world of car manufacturing: Frank A. Seiberling, president of Goodyear and Henry B. Joy, president of the Packard Motor Car Company.

On July 1, 1913, the road was officially named the Lincoln highway, and the Lincoln Highway Association was born. Joy was elected president of the association while Fisher, already elected vice president, was on a cross-country survey tour. In August, Henry Joy sketched out the chosen route for the Lincoln highway. In the East, a number of existing turnpikes were folded into the route, including the 63-mile stretch of the Philadelphia and Lancaster turnpike passing through Devon and Berwyn. Thus did the name “Lincoln Highway” come to be associated with our main street. (It was not until 1917 that the turnpike tolls were removed, and in 1925 Federal and state lawmakers voted to institute a new highway numbering system that meant the end of named highways. U.S. Route 30 came into being, but the name Lincoln highway did not easily go away.)

Henry Oscar Garber, a Schuylkill county native born in 1862, learned telegraphy and as a young man worked for the Pennsylvania Railroad a brief time in Berwyn. After marriage and starting a family, he returned to Berwyn in 1893. There he opened a newsstand and general store on the Lancaster turnpike just west of Waterloo avenue. He added an eastern section to it, so that the two-room storeroom had an upper and lower level. The store was a neighborhood meeting place where men sat around the stove and spun their yarns.

An ardent sportsman, Henry Garber had a keen interest in hunting and fishing. He kept a horse for fox-hunting and seldom turned down a hunting trip to Camp Lamoka, near Monroeton, for deer. Anyone who got a deer would hang it from the rafters in front of the store, and in the fall there might be several deer hanging there. His son-in-law was a local butcher.

During the years of the bicycle, Garber made runs to Atlantic City and was considered one of the finest amateur riders on the Main Line. He also took an active interest in the local baseball teams during the early days of the Main Line League.

Ever active in community affairs, he was a charter member of the Berwyn Fire Company, a Republican county committeeman for a number of years, a school director in Easttown township, and postmaster in Berwyn for ten years, from 1904 to 1913. Theodore Roosevelt signed the documents commissioning him postmaster. He tended his store to the very end and died on September 14, 1943.

Many stories exist as to who owned the earliest automobiles used in our area. Henry Garber was identified by his grandson Henry Pyle some years ago as having the first automobile in Berwyn, date not specified, a Cadillac. A newspaper reported in 1910 Garber had purchased a new Mitchell touring car. Mr. Pepper, in his book, says his place was more than four miles from Devon and in 1907 an automobile became a necessity. Charles Z. Jones, owner of the Berwyn Plumbing & Heating Company has been named by George Roberts as having had one of the first Model T’s (they came out in 1908), and C.C. Wilson’s first car was a 1905 Maxwell, according to his son Dave.

In later days, probably the 1920s, Berwyn had two garages - Fell’s, across from the Fritz lumber yard, a Buick agency, and Bill Trowill’s, at the other end of town, across from the primary school. (Who could have predicted then today’s strip of auto dealerships stretching from Devon to Berwyn: BMW, Mercedes, Jeep, Saturn, Toyota, Nissan, and Volvo.)

Although the automobile was making great strides, it was still in its infancy. The Pennsylvania Railroad continued to enhance its service and earn public good will. From the time the railroad rebuilt its line in 1877, it was said, four tracks came into Berwyn, and only three went on to Paoli. With the growth of the suburban commuters and commuter trains in the early 1900s ( there were 60 trains daily on the Main Line alone), the problem of handling the passenger traffic in and out of Broad Street station in Philadelphia became acute.

Following a study, in March 1913 the railroad announced plans to electrify the Main Line service for suburban traffic between Philadelphia and Paoli. The project included the construction of overhead wires and cables called a catenary. A by-product of electrification was the installation of light-position signals to replace the semaphore arms formerly used for signaling. Electrified operation was begun on September 11, 1915. The suburban terminus and yards of the railroad then gravitated to Paoli, and Berwyn was left, more or less, behind.

The European war which had commenced in August of 1914 grew ever more ominous. President Woodrow Wilson and the United States maintained a posture of strict neutrality. The announcement in January 1917 that the German navy would engage in unrestricted submarine warfare against all shipping to Great Britain prompted Wilson to break off diplomatic relations. The sinking of American ships led to a U.S. declaration of war early in April 1917. A Selective Service Act followed which made all men between the ages of 21 and 31 eligible for the draft. More than four million U.S. men were under arms when the conflict ended in 1918; U.S. deaths from all causes, including flu, totaled 112,000.

The names of local residents who served are preserved on the stone memorial put in place by the community next to the 16th milestone on Lancaster avenue (opposite the intersection of Waterloo road) on the second anniversary of the Armistice, November 11, 1920. The bronze plaque reads, “World War, 1917-1918, in honor of the men of Easttown and Tredyffrin Townships who answered their country’s call.” Inscribed are the names of 304 men (including four overseas workers). The names of nine men killed in action or who died of disease are marked with a star. They made the supreme sacrifice:

Thos. Levering Bolster

Chas. J. Kramer

Carmiene Capuzza

Lewis G. Smith

LeRoy Dalton

Walter H. Walker

Everett Henry

Christian Wanzel

Edgar Weaver



The memorial, moved several times over the years, now stands on Lancaster avenue at the southern entrance to the new pedestrian way bridging the railroad tracks at the train station, called by some the new Berwyn town center.

Franklin Lorenzo Burns, known locally in Easttown township as “Frank Burns”, was a well known and highly respected ornithologist and	local historian. He authored	“The Ornithology of Chester	County, Pennsylvania,” a book	published in 1919, and later	in his career was a charter	member (1936), president,	and publication editor	of the Tredyffrin Easttown	History Club.	

According to his own written	record, Frank Burns was born at Sharp’s Corner in Easttown in 1868. His father built a house in North Berwyn for the family on the Old (Conestoga) road in 1876, and thereafter it would be Frank Burns' home until his death February 7, 1946. He chose painting as his career (an older brother, W.H. Burns, was an important building contractor), and for many years he was one of the prominent house and construction painters of the Main Line, having many men in his employ and accepting large contracts.

As a boy, his father instilled in him his own interest in nature and in local history, and from his youth Frank Burns began to collect data and specimens and to make notes on both these subjects. He was a great student of the birds of Chester county and of bird migrations. His ornithological records began in 1884 and his record of seasonal bird migrations began the following year. Later he often remarked that he had the longest record of bird migration reports being made to the Smithsonian Institution; this report record extended over sixty years. He had a little square house by his residence, near the street, where children curiously peeked in to see his collection of mounted birds and trays of eggs.

As he aged, his interests turned more toward local history, although through his life he had collected all available data on the subject, both from published books, local records, and informants' statements. Everything that he heard he wrote down. This information formed the basis for his many articles published in the Quarterly of the local history club and in the Picket Post, the publication of the Valley Forge Historical Society. He bequeathed a rich legacy of local history to us, indeed.

Frank Burns was also involved in the Berwyn Fire Company which took a long step forward when it dedicated a new fire house and community hall on May 8, 1929, at 23 Bridge avenue. Newspaper accounts of the dedication state that it was a “red letter day” in the history of Berwyn. William Fritz presented the key to Frank Burns and Frank F. Walker. Edward J. Redmond, Commander of Dalton-Wanzel Post of the American Legion, presented and dedicated a flag and flagpole. It is said the ladies of the auxiliary earned and gave the sum of $14,000 toward the building of the fire house.

The old fire house had been located around the corner on Berwyn avenue in a small structure erected soon after the company organized. Dr. James Aiken was president and Temple Gregg, secretary, when the first motorized equipment was acquired in 1917. That was the year the Ladies Auxiliary organized, to help raise funds for that first American La France engine.

Berwyn churches also moved forward when, encouraged by pastor Rev. Thomas J. Aiken, Trinity Presbyterian Church sponsored a mission Sabbath School in Paoli. The first exercises were held on July 2, 1892 in a building rented from Henry Schofield on the north side of Lancaster pike west of what is now Route 252. In time, a site on Darby road was secured, a Chapel was erected by Ottmer Palmer, a local contractor, and numbers grew sufficient to organize a church on October 26, 1899. Twenty-three founding members signed the charter; sixteen of them had been members in Berwyn given letters of transfer by Trinity Church.

On April 1, 1901, Rev. Aiken, twenty-two years pastor at Trinity, was called to the newly organized Paoli church, having been released with regret by the congregation in Berwyn. The Rev. Robert N. Powers accepted a call to Trinity. He was installed on December 10, 1901 and stayed until 1908. During the Powers pastorate the mortgage debt on the newly constructed Berwyn church building was completely repaid.

The tenure of the young Rev Dr. W. Potter Van Tries spanned the years 1908 to 1911. He resigned his pastorate, married Daisy Aiken, a niece of former pastor T.J. Aiken, on December 28, 1911, and accepted a call to a Presbyterian church in Altoona. Near the end of his career, he retired to Berwyn and preached on occasion at Trinity. On June 30, 1957, he preached his 50th anniversary sermon and died shortly thereafter.

Long pastorates were in vogue during the early years of the twentieth century. The Rev. Dr. J. Charles Levengood preached at Trinity Church in Berwyn from 1912 to September 30, 1940. The son of a Honey Brook doctor, he was dearly loved by the congregation. In 1929 he arranged to move the church cemetery to free up space for future building and obtained the necessary decree of Chester County court. Building plans and the cemetery move were delayed, however, by the depression and World War II.

Baptist Church in the Great Valley: The church continued in a quiet way during the long pastorate of the Rev. Dr. Joseph Evans Sagebeer, 1904-1926. He had a Ph.D. in psychology and was the son of the Rev. William Sagebeer who served at the Newtown Baptist church for many years.

The old church with a great past celebrated its bicen-tennial June 1, 1911. It was then the abode of the dead. One speaker, Dr. George Morris Phillips, of West Chester State Normal School (now West Chester University) stated that he had walked through the churchyard and observed the tombs of his grandparents, two great-grand-parents, two great-great-grandparents, and four great-great-great-grandparents. Letters were read from descendants of some of the former pastors and reference was made to ever faithful elders, deacons, and mission-aries, whose bones had long since mouldered away in the, at this period, best kept cemetery in the two townships.

The First Baptist Church: Rev. Fryer resigned November 30, 1904, and the Rev. Esco! S. Sellers, estimator for an engraving firm in Philadelphia, supplied until he was ordained as pastor on June 29, 1905. During Pastor Sellers’ leadership, the church debt was liquidated. He remained until March 1917 and was followed by the Rev. Herbert Hargrave, 1917-1921; the Rev. John G. Booker, former pastor of the Baptist Church in the Great Valley, 1922-1925; the Rev. George O. Read, 1925-1927; and the Rev. Franklyn W Wiley, a student from Eastern Baptist Theological Seminary, 1927-1935.

During Sellers’ pastorate the membership increased to 150 members, but later there seemed to be a distinct trend toward the mother church, the Chapel gaining ground. Wiley’s personality, however, consolidated those remaining into a compact and distinct organization holding much to themselves. Up until Rev. Read’s pastorate the congregation had sponsored numerous benefits, suppers, and festivals, but in January, 1925, it was decided that all money should come through direct sacrifice of the donor.

Berwyn Methodist Church: The Rev. Alden W Quimby, 1896-1922, has been characterized by a history writer as a “gentle and kindly” pastor. His commitment to his ministry was deep, and he always gave it his first priority. He was, however, an exceptional	individual. He enjoyed taking long walks	in the surrounding countryside, and was	well known to residents for miles	around Berwyn because of his frequent	expeditions on foot. His interest in	history eventually led him to write an historical novel about Valley Forge. As	an amateur astronomer, he was an active	observer of the sun for over thirty-two years,	and he willingly shared his love of astronomy with others. Rev. Quimby died on September 23, 1922 at age 66. The next year the church's pipe organ was dedicated as a memorial to him.

In conformity with Methodist custom, local pastors were changed by the Conference every few years. Following Quimby, the Rev. J.C. Tenant served as supply May 1922 to January 1923; then the Rev. Paul W. Poley, 1923-1925; the Rev. J. Carpenter Zook, 1925-1927; and the Rev. Frank Mack, 1927-1929.

St. Monica Roman Catholic Church: Father John Carey was assigned to the parish in 1906. During his tenure, the parish built a school, purchased a house to remodel as a convent, and stuccoed the wooden church exterior. The old horse sheds were taken down about 1917. Chester County Historical Society preserves to this day a bill receipted in Father Carey’s hand for “$6.00 rent of horse stable to Mr. W. W. Hoopes” dated April 16, 1911.

On September 8, 1916, the parish school was formally opened with three nuns who traveled each day from Immaculata College (now University) and taught in the church basement until the school was completed, March 19, 1917. Nine years later a house adjacent to the church property was purchased from the Armstrong family, and on March 19, 1926 nuns took up residence for the first time in the parish.

Father Carey died on November 6, 1939, a few days after his seventy-fifth birthday, having been pastor of St. Monica parish for thirty-three years.

St. David’s Episcopal Church: During the latter year of Rev. Keller's term he had been assisted by the Rev. James Hart Lamb, D.D., and at the Easter meeting of the congregation following Mr. Keller's death, Dr. Lamb was unanimously chosen as rector of the church. He began his ministry on Sunday, April 6, 1902.

Dr. Lamb presided over the commemorative exercises celebrating the Bicentenary of St. David's Church held on September 4-5, 1915. He was succeeded by the Rev. Crosswell McBee, 1922-1945.

The automobile, no doubt, brought an end to the days of the glorious Devon Inn. In April 1914 owners John W and Ellen Simmons Patten sold the Inn and about 14 acres of ground. For a while the building was occupied by the Devon Manor School for Girls. In 1926 it reopened as the Devon Park Hotel for two years, and after remodeling, it became the Valley Forge Military Academy with Captain Milton Baker as the superintendent, a staff of thirteen, and 117 cadets. A few months later, on January 18, 1929, a disastrous fire swept through the old building and totally destroyed it. The famous and well-known landmark, the old Devon Inn, was no more. ",NULL,"EastT",,,,,,,"Chapter 10: Rising of the Automobile Age","document",NULL,"1","Meg Wiederseim, Heidi Sproat, and Mike Bertram"
"957","1930 - 1964","Easttown, Old in History, Young in Spirit, 1704 - 2004 by C. Herbert Fry","Chapter 11: Depression, Defense, and Development

1930 - 1964

Our local history writers have recorded little of their recollections of the “great depression” which afflicted the decade of the 1930s. Perhaps the memories are still too vivid, too painful, or too distressing to describe. 

Writers on a broader scale have left some facts to ponder. Gifford Pinchot entered into his second term as Pennsylvania's governor in 1931 and was faced by hard times and an increase of unemployment to alarming proportions. The state had only eight per cent of the population of the United States but had ten per cent of the unemployed. Agriculture was similarly affected. Farm prices, over the decade from 1919 to 1929, had dropped more than 50%, and then from 1929 to 1932, sixty per cent more. The farms of Easttown would never again meaningfully supply crops and foodstuffs for the marketplace. 

Franklin Roosevelt, newly elected president of the United States, quickly acted to shore up the banking system. Two days after his inauguration, he issued a proclamation on March 6, 1933, closing all banks until Congress could meet in special session. (Berwyn National Bank just three years earlier had embarked on a building program to enlarge and renovate its facilities on Lancaster avenue in accordance with plans and specifications prepared by Ritter and Shay, Architects. The project was completed in October of 1930). The bank was closed from March 10, 1933 until February 8, 1934, but no money was lost by depositors. In October of 1934 the death of William H. Doyle, a director, was noted by the bank Directors in a tribute in appreciation for his services both to the bank and the community, especially during the period of suspended banking services.

Any employment opportunity was greatly esteemed. A highway project which will resonate clearly with today’s Easttown residents, widening of Lancaster avenue through Berwyn, commenced about 1930. Pavement was extended from Grove avenue in Strafford, south of the railroad, to connect with Lancaster avenue in Berwyn (prior to this time the street we know as “Old Lancaster” north of the railroad was the only thorofare available). Then in April of 1931 the newspaper reported, “Berwyn property owners, as well as the Chester County Commissioners, are anxiously awaiting word from the State Highway Department as to the latest decision on plans for the widening of [Lancaster avenue] through town.	The original plan	would have resulted in the razing and altering of many business properties	and would have caused thousand of dollars in damages which the county would have to pay...”

As it turned out, the construction greatly altered the grade of the highway as can be noted from references by local writers in the Quarterly. The Walker twins, Merle (Lee) and Mildred Oones), writing about the Berwyn Pharmacy say, “In early days, before Lancaster avenue was improved in the 1930s, the drug store sat high on the street. Five steps led up to the door, wider steps at the bottom and a second set of narrower steps at the entrance to the store.” Also, Sara B. Nuzum writing about Cook's store (later Beadle’s, still later Williams’) at Lancaster and Bridge avenues says, “In 1930 the Turnpike was changed to four lanes. They took the porch off the store, and at that time Harry Williams remodeled and stayed in business until his death in 1941.”

The school authorities in Easttown decided to upgrade	the elementary school facilities early in 1930. They acquired a tract of land on the south side of First avenue, east of Bridge avenue, in Berwyn, from the Coates family, hired architects, and let bids for the construction of a new Easttown Elementary School. The new school was first occupied in the fall of 1932.

In 1933, the old Grammar School, previously closed in 1926, was razed. The south room of the annex, Building No.2, became, for the next eight years, the site of the Berwyn Library. It was also used for many years as a meeting place for Easttown township supervisors until the new Township Building was built in 1958 on Berwyn avenue on the east side of town.

In 1932 the Paoii Branch of the American Red Cross relocated to the other room of the former schoolhouse. The outbreak of war in Europe in 1939 brought a great increase in Red Cross volunteer activities. Negotiations commenced with the Easttown School Board to purchase the building The transaction was completed in April of 1943, the library having moved out some months earlier to the Aiken building (old Berwyn Pharmacy) on Lancaster avenue. From the Red Cross and others, the building descended to become headquarters for Surrey Services for Seniors today.

Storm clouds of war were again building on the horizon in Europe. Then came the surprise Japanese attack on the U.S. Naval base at Pearl Harbor on December 7, 1941.

“The regimentation of the physical, mental, and spiritual entities of a people to the will of a single mind, however efficient to accomplish a set and determined purpose, cannot result in the lasting good or happiness of the world.” So stated the editor of our local history journal in the first edition published after the attack. The response on the home front was immediate.

On December 9th, orders came through for full time observation of the overflight of all aircraft. (The U.S. Army had conducted a series of tests for observation of planes in this area in October of 1941.) At 6 p.m. the Berwyn Observation Post started on twenty-four-hour duty. With no protection against the weather, and having to go down a long ladder to telephone messages, Clarence Reifsneider, who had established the Post on the High School roof for the earlier tests, looked for a more desirable location. The Road Supervisors of Tredyffrin township were approached and they agreed to build a place on the roof of the township building on Old Lancaster road, about half a mile southwest of the High School.

The Army was agreeable, and Walter Eaves, Mr. Leighton, and Mr. Waterworth, the Road Supervisors, started work for the new observation post. They had a doorway cut through the south wall of the building, and a stairway with a railing and a platform constructed on the roof.A former traffic watch-boxwith windows on three sides and a door with glass was placed on the platform. A telephone and electric line were put in place and on December 16th the Post officially opened on the roof of the township building. Orientation marks which could be seen while telephoning were painted on the upper and lower roofs.

On December 19th, Mr. Reifsneider had to resign due to his connection with Bell Telephone Company. F. Alfred Patton was approached about taking over the duties of Chief Observer, which he agreed to do and resigned as an Observer on the Sugartown Post.

The first week on the job was to complete thr roster so that an observer would serve only once a week. With two people on a two-hour tour that would require 168 people. Several persons were on more than one tour, and Mrs. Franklin Wandless was on three times a week. Two Assistant Chief Observers were appointed: Mrs. Edith Reifsneider, who took care of the daytime observers, and William Armstrong, who handled the nighttime tours. In placing people on a tour, friends, spare time, and type of work or business were considered, which in the end paid dividends, because at the time of deactivation 90 of the original people were still included among the 157 people on a week’s duty. The Post was never without at least one observer on duty. The only difficulty encountered with manning it was during February when colds kept people away.

A flag pole was erected by Berwyn Plumbing and Heating Company and a flag bought by the observers. Franklin Wandless made an appropriate weathervane, depicting two observers, following a plane, and placed it on the roof.

A red flash message was reported just before 3 p.m. on May 26, 1943, when a plane crashed during a heavy rain storm on the Percy Wilson estate at Devon, two miles east of the Post.

When the Army distributed Aircraft Warning Service arm bands, the observers wore them while on duty. Later, when the Wings, in the form of a pin, were issued, the observers felt that they really were a part of the Army Air Force. The Post was deactivated in October of 1943.

Easttown was not without other talents. A young man with great musical ability graduated from Tredyffrin-Easttown High School in the wartime Class of 1942. He was Elliot Lawrence Broza, later known professionally simply as Elliot Lawrence. His family moved in 1936 to a house on the north east corner of Fairfield and Sugartown roads in Devon, and he grew up there.

His father was general manager and program director for radio station WCAU in Philadelphia and also producer and director of its popular Children’s Hour program, broadcast on Sunday mornings. Music was a normal accompaniment of Elliot Broza’s everyday life. From the age of two, he was fascinated by the piano, but as he grew older he also played the saxophone.

After the family moved to Devon, he took piano lessons from Stanley Gray, the music director for the Tredyffrin-Easttown school system, also doubling on the clarinet. This was about the time that the “Band Busters” was organized. An eleven piece dance band, made up of children between eleven and fifteen years old, the band used the third floor of the Broza home in Devon as a rehearsal hall. The group not only played on the Children’s Hour program, but also at private parties, for which the young musicians were paid from a dollar and a half to three dollars each. In addition to playing piano, saxophone, and clarinet in the band, Elliot Broza was its business manager, arranging bookings and handling all the band’s correspondence.

With this background it was inevitable that as a student at Tredyffrin-Easttown High School, Elliot Broza would be involved in just about everything pertaining to music, both instrumental and vocal. And he was.

After graduating from T-E, Broza entered the University of Pennsylvania, completing his course in a war-accelerated program in three years. He immediately took over as musical director of station WCAU, where he put together what George T. Simon, music critic and editor of Metronome magazine, later described as “the greatest studio band in the country.” The band featured vocals by Rosalind Patton and Jack Hunter, played sweet music, and achieved great popularity with the Philadelphia listening audience.

By the early part of 1946, Lawrence (as he was by then known) took the band on the road, with dates at prestigious venues, radio remotes, and recording contracts. Unfortunately, in the 1950s musical tastes changed and the days of the big bands were numbered. “Elliot Lawrence, his Piano and his Orchestra” will always be remembered fondly. If he had been born ten years sooner, there is no telling what he would have achieved.

Even though he had been bedridden in his mother’s home on Central avenue in Berwyn for several years, during World War II Bob Goebel wanted to be a part of the war effort. The result was “a monthly newspaper, published by Berwyn men and women on the Home Front for the Berwyn men and women on the Fighting Fronts.” The first issue appeared in April 1943, and its publication continued on a monthly basis until May of 1946, by which time nearly all those who had served through the war had returned home again.

Robert F. Goebel was seriously crippled when a disease, generally termed as arthritis, set in about a year after he graduated from Tredyffrin-Easttown High School in 1933. After an unsuccessful operation he was confined to his room. He conceived the idea of a home town newspaper, to be sent to service personnel during the war. Since there was no such paper, he volunteered to head the task as editor; the communications were to come to him.

A great volunteer effort ensued (there were 24 names on the masthead for the final issue) and the product was well received. Contributions of equipment, supplies and cash flowed in. The paper metamorphosed from four mimeo-graphed pages to a new and larger, printed format. In fact, so well did the Berwyn Post become a hometown newspaper that many of the local residents wanted it delivered to them too. A special December 1944 Christmas issue reached fourteen pages. From an initial circulation of 130 the numbers climbed to 2500 copies by the end of the war, including a large number of copies circulated locally.

A special thank you was given to Bob Goebel on September 22, 1944 when he received the American Legion Citation. The award was made in recognition of his work as editor of the Post, and was presented by William H. Kohlmeyer, service officer, and Clarence L. Reifsneider, adjutant, on behalf of Dalton-Wanzel Post No. 646 of Paoli.

Less than nine months later Robert F. Goebel was dead, at the age of 30. In early June he went to the hospital for an operation, and two days later, on June 13, 1945, he passed away. To the very end he displayed the same cheerfulness and faith that helped him meet and rise above the physical handicap under which he had labored, since a football accident twelve years before.

The war in Europe had ended, but in the Pacific hostilities continued. There was never any question about the future of the newspaper. The staff closed ranks and kept on producing the Post “in tribute to his memory.” Not until its 38th issue, May of 1946, did publication cease.

Fittingly, on the front page of the final issue was reproduced the program for the annual Memorial Day Service in Berwyn, to be held at 11 o’clock in the morning on May 30th at the Easttown Grammar School. A highlight of the service was the dedication, by Bill Pyott, assisted by members of Berwyn Girls’ Club, of a memorial plaque to honor Robert F. Goebel, to be placed in the Easttown Library.

Also, at the service, Dan Redman paid tribute to the Gold Star Veterans of World War II. A page in the last issue of the Post recognized twelve of them:

Thomas Armstrong

John Bartosh

Anthony Borzillo

Stephen Brooks

Daniel Connor jr.

Maurice S. Houston

Thomas E. Parlaman

Warren Phelps

Curtis K. Ritter

Alvin Stauffer

James D. Sweeney

John Carl Wright

No complete list is known to exist. A local committee for the erection of the Berwyn Veterans’ Monument is currently working on this. Likely the list eventually determined will be larger than that shown above.

For four days in June of 1952 the village, and most of adjoining Easttown and Tredyffrin with it, took time off to celebrate the 75th anniversary of the town named Berwyn. World War II had scattered close to 400 of its sons and daughters to the ends of the earth. With peace achieved, they returned with renewed pride in their home town to pick up the lose ends and seek a career. Many opted first for college and after four years, at graduation, found themselves faced with renewed armed conflict in Korea only weeks after receiving their degree. The feeling of patriotism, pride in nation and its accomplish-ments was at a high level, and everyone loved a parade.

Fourteen local organizations formed the sponsoring committee for the event. Paul L. Good was chosen general chairman, and veteran residents belonging to the community’s several organizations took up duties as committee chairmen and working members.

At noon on June 26 the fire whistle sounded the official opening of the celebration. All the buildings in town were decorated with flags and red, white, and blue bunting. Residents dressed up in old time costumes and special black derbies and top hats decorated with red bands. There was a hobby show open daily in the former Acme Markets building at the south west corner of Lancaster and Main avenues.

At 2 p.m. a memorial service at the monument on Lancaster avenue remembered deceased members of the community. In the evening at 6:30 p.m. there was a Little League baseball game between Berwyn and Devon-Strafford on the high school turf. The team uniforms were freshly washed and ironed for the occasion. A community church service and choir sing was held at the field following the game.

The next day, Friday, June 27, the Berwyn businessmen’s gala parade stepped off at 7 p.m. There were also ceremonies at the fire house following the parade to house the new 1000 gallon a minute Autocar pumper and burn the note on the new Cadillac ambulance.

Saturday, June 28 was set aside as Fireman’s Day. At 10:30 a.m. the annual meeting of the Chester County Firemen's Association convened in the fire house auditorium. After lunch, at 2 p.m. the firemen’s parade got under way featuring hundreds of thousands of dollars worth of equipment, with bands from far and near competing for prizes. It was a long parade on a hot day.

The celebration closed on June 29, with special worship services in the individual churches of Berwyn. On Sunday afternoon the results of the judging of vintage clothes worn during the week were announced. Charles Gibb took winning honors in the men’s division; Mrs. William Rambo in the women’s division; and Mr. and Mrs. Walter Brown were chosen the best dressed old-fashioned couple. It was, in short, a celebration not soon forgotten.

By 1952 even the youngest World War II veterans had completed their college courses. They were getting married, starting their careers, and the great “baby boom” had begun. Young families spent their weekends visiting sample houses.

Easttown Woods was Berwyn’s first post war housing development. Advertised as “surrounded by trees,” it offered homes at affordable prices just fifty years ago. The houses were appealing to new families. The location, of course, was superior, with the closeness of the Pennsylvania Railroad and the anticipation of the Schuylkill Expressway. And once on site, the young couple could appreciate the pains the architect and the builder, the Easttown Company, had taken to make an affordable home a truly fine place to live.

First, instead of following the usual method of clearing the land of all obstructions and laying out streets in grids, the builder left standing the large, medium-sized, and even small trees. Many of the homes were shaded by trees already fifty and seventy-five feet tall. On the southwestern side of Midland avenue Doyle & McDonnell once had their dogwood nursery. Homes there featured several full-grown dogwoods in their back yards.

The streets of the development curved and straightened in a pleasing way. Houses along the little branch of Darby creek sat low, while houses on the western side of Midland avenue sat high. The houses were also turned in different directions to avoid a “cracker box” look, and colors were in variety and selected by the architect. The salt box type was not a typical choice in Philadelphia’s suburban housing; more common at this time was the ranch house, and soon the rage would be the split-level.

Most Easttown Woods houses were built with only the first floor finished. On the first floor were the living room, dining room, efficiency kitchen, two bedrooms and bath. Utilities were in the basement. The living room featured a picture window. The dining room adjoined it with no separating wall, and the kitchen opened without doors or walls to the dining room. The effect was a brightness and spaciousness uncommon in a small house. 

Walter K. Durham, the architect, had considered the family who would be living in the home when he designed it. He gave remarkable attention to even small details. The open kitchen was equipped with an exhaust fan; the bathroom mirror was angled so that small members of the family could see themselves in it.

While the second floor was unfinished, it was ready for expansion. Most families set about immediately to complete it. The men worked together or alone; wives helped. Some families hired contractors to raise the back roof and put in a dormer and an upstairs bath. Those with houses with a garage also found that they could, after all, put a door from the garage into the basement, greatly improving accessibility to the house. Building a house is hard work, and few were experienced at it, but they learned from one another as they went along.

Most of the buyers were veterans and their families. The men were about 27 to 32 years old. Many were beginning professionals, teachers, accountants, an architect, and, the greatest in number, engineers. Most of them had one or two children when they moved in, and would have more; four children in the family would be common ten years hence.

It was a time of changing life style for the American family. Before the war a lifetime in the same community, with the extended family near by, was the common pattern. Now young couples set off on their own to distant places where there were no family ties. In Easttown Woods a number of people came from Michigan to work at the new Paoli center of the Burroughs Corporation; others came from western Pennsylvania and New York, in addition to those from other suburban Philadelphia areas.

The local residents, whose quiet little village these 75 new families also inhabited, were gracious and welcoming. It was a happy, supportive place to come to. Many of these newcomers had moved from city apartments where they had been met with indifference. The warmth of the village was immediately evident. Several widowed women, living with their families in the older part of town, became loving, capable baby-sitters.

Most of all, the newcomers supported each other. They were sharing a very happy time of their lives together; common interests bound them closely.

Home delivery men came regularly through the streets; breadmen, milkmen, an elderly gentleman who peddled his wife’s sticky buns on Tuesday and Saturdays, and eventually, the mailman. (During the first years of the development, when mail had to be called for at the post office, mothers trekked uptown with their strollers and walking toddlers. They “did the town” as they went along, and by the time the mail was home-delivered, the mothers and the town were well acquainted.)

The sidewalks on the west side of Midland avenue and the east side of Eastwood road at first saw heavy traffic in strollers, soon to be accompanied by tricycles and scooters. Back yards sprouted sand boxes and gym sets. Mothers gathered where the children were, to supervise.

The Easttown Board of Supervisors, in those early years, met at the Red Cross building behind the Acme, at Bridge and Lancaster avenues. The residents of Easttown Woods were well treated by the Supervisors; they did not always have their needs met, but they were always heard with courtesy. One of the gains they accomplished was to have a school crossing guard placed at the intersection of Waterloo and First avenues. When more of the children were in school, the township, the school district, and St. Monica Church cooperated in making safer paths, out of the roadway, for the children.

The shopping district was along Lancaster avenue, and the stores on the highway closed on Wednesday afternoons. They were managed primarily by long-time local residents. Mr. Day had a small drug store near the corner of Lancaster and Main avenues; when he retired in September of 1954 William Connor, of Kennett Square, moved in and became Berwyn’s pharmacist, soon expanding his store to the corner, buying the property from Josephine Latch. (Connor served the community 44 years until retirement in 1998.)

The Bridge Shop was just above the post office, and had a succession of owners; here were sold sodas, ice cream, snacks, and some groceries. Espenshade’s was a larger grocery store on the highway down near Midland avenue; they made deliveries back then. Across Main avenue from Connor’s was Harolds Department Store, managed for many years by the town’s most prominent Democrat, Lou Lieberman; his merchandise was fresh, of high quality, and well displayed, and included items in great demand by the families living in Easttown Woods, name brand women’s blouses, snow suits, polo shirts, and underwear for small children. A new hardware store opened, and soon had to expand.

These first few years were in many ways charmed ones for these new residents. Careers were moving ahead, and the growing mob of children was happy and healthy. In 1957 came the first recession, and with it a cutback at Burroughs that broke into the tranquil world of Easttown Woods. Over the next few years Burroughs was to lay off or transfer a number of employees.

New housing developments were springing up everywhere, yet the schools were remarkably adept at keeping ahead of the enrollment. In 1955 a wing with two kindergarten rooms and a cafeteria was added to the Easttown school. In 1957 the Devon school was ready and the Devon children were assigned there, and the Easttown school became known as the Berwyn school. In 1961 the new Hillside school took children from Berwyn who lived in the Bair road, Margo lane, Conestoga road area. In 1965 another group went off to the new Beaumont school.

New churches and church facilities also appeared. In October 1951, Trinity Presbyterian Church removed its cemetery from the corner of Berwyn and Waterloo avenues into the Great Valley Presbyterian churchyard in the Valley. On the Berwyn site it built an addition to the church including an auditorium seating 250, separate class rooms, a church kitchen and a pastor’s study, all completed in 1954. A new two-story education wing was dedicated in 1973.

First Church of Christ, Scientist, Berwyn, joined our community when it purchased the Chapel on Cassatt avenue near the railroad station from the Baptist Church in the Great Valley. The new congregation held its first service in the building on October 4, 1953.

Berwyn Methodist Church: The Rev. Stacy Myers began a twelve-year pastorate in May of 1953. During his tenure a 7-1/2 acre property was purchased from the Coates family, and the first buildings on the present church campus were consecrated in 1958. Three years later the original 1888 building on Main avenue was sold to Trinity Presbyterian church, leaving behind seventy years of fond memories. Rev. Myers was succeeded by the Rev. Harold Schieck in May of 1965.

St. Luke’s Evangelical Lutheran Church: After meeting for about a year in the old dance hall (Isabel E. Rogers Hall, Stone and Gables, Devereux School) in Devon, the Lutherans organized as a church on December 5, 1954. The Rev. Theodore Schlack was called as the first pastor. Land straddling the Easttown township line in Devon was purchased in 1955. The church met in the Red Cross Building in Berwyn while the church was being built. The first service in the newly constructed edifice in Devon took place on December 7, 1958.

Evangelical United Brethren: A church of Methodistic German background occupied a new building in 1962 on Darby Paoli road at Buttonwood. Not long after, in 1968, the denomination merged with the Methodist church to form the United Methodist church. The larger Berwyn church was the survivor locally. Today Congregation Or Shalom, a Jewish synagogue, occupies the location.

St. Norbert Roman Catholic Church: In 1956 a new parish began in Paoli, carved for the most part out of St. Monica in Berwyn, to relieve crowded conditions. The Norbertine fathers then resident at Daylesford Abbey were involved in opening the new location. The children of St. Norbert continued to use the school facilities of St. Monica until their own school building on Darby Paoli road was completed in early 1958. The first mass of St. Norbert parish was celebrated on June 18, 1956 in the Paoli Fire House.

St. Monica Roman Catholic Church: The Rev. John Driscoll was appointed pastor in January of 1957. He twice enlarged the school, the first expansion being in 1958, and built, the same year, a new convent, the old one having been torn down to enlarge the school. Father Driscoll died on September 6, 1968, at age 63.

Main Line Unitarian Church: Founded in 1958 by about twenty families in the area, the church found a permanent home in 1961 when it purchased the old Emory McMichael mansion on Valley Forge road near Maplewood, close to Old St. David’s church, in Devon. The Rev. Mason McGinness became the first pastor in 1963.

Work to organize a local YMCA began in 1962 and reached fruition when the Upper Main Line YMCA purchased the 54-acre Daylesford property of the Norbertine fathers on December 31, 1964. Originally part of the estate of J. Gardner Cassatt, the property includes a large brick mansion house and surrounding grounds which have been developed into a first-class YMCA.

The new Easttown Township building and adjoining Library, at the southwest corner of Lancaster and Midland avenues, opened in 1958. It was the first permanent home the township had. By then a number of the children in Easttown Woods were in school, and the library was a great convenience for them. A true dedication to educational excellence was apparent in the schools, and in the community at large.

At the end of five years, the first home owners in Easttown Woods began, in small numbers, to move out. By five years after that a good number had moved on, some transferred or promoted to another, distant city, others to larger homes nearby for their growing children. As a result, the community became more diverse. For some newcomers, it was a place to retire. But those who were early owners in Easttown Woods look back at those years and remember what a great place it was to start a family.

Issues of the Daily Local News published on March 20, 21, and 22, 1958 confirm what was doubtless a record snowfall for the area. The snow started during the day on the nineteenth. By early evening, traffic, even on the Lincoln highway, was virtually at a standstill. Police reported major tie-ups on both Route 30 and 202 (now Bear Hill road and the Paoli pike). The hill at Devon on the Lincoln highway, for many years a bottleneck when snow came, was completely blocked by stalled and abandoned cars and trucks. Emergency shelters had to be set up along Route 30 to provide food and sleeping accommodations for snowbound travelers, truck drivers, and marooned families.

By half past nine the following morning, the snow on the ground in West Chester was officially measured at 25 inches! Unofficial measurements in Paoli showed depths of as much as three feet. The unexpected storm surpassed all previously recorded snows, including the former all-time record storm of Christmas Day in 1909, officially measured at 21 inches, and the well-known Blizzard of 1888.

The snow was an extremely wet and heavy one, sticking to everything it fell on. Its weight coupled with high winds, resulted in many broken branches and fallen trees, causing thousands of families to be without electric power or telephone service and hampering road clearing and repair operations. Some were without service for three or four days, and in a few instances in the Great Valley for an even longer period of time. At the Philadelphia airport there were only four inches of snow recorded, but even that somehow seemed scarcely appropriate for the day before the first day of Spring.

That same year, Easttown lost its largest, and likely almost its last industry, when the American Non-Gran Bronze Company closed. During World War II the company employed close to 1000 workers on war production, operating on a three-shift, seven-day a week basis in several locations. After the war, the contracts were canceled and reorganization took place. New management modernized the plant and operated successfully until November of 1958, when a dispute over wages caused a costly strike lasting into the following year. Two months after the strike ended, the business was sold and its assets	and operations transferred to Chicago. Twenty-four trailer loads of equipment were moved from Berwyn.

The experiences of the homeowners in Easttown Woods were replicated countless times in countless developments in the following 50 years, in neighbor- hoods named Berwyn Downs, Country Estates, Dogwood Lane, Leopard Lakes, Lenape Farms, Beaumont, Devon Downs, and what seems to be an endless litany. In the twenty years from 1950 to 1970, the population of Easttown township grew from 3784 to 9565 bringing a huge need for support infrastructure of streets, sewers, trash (and leaf) removal, schools, library facilities, parks, and public safety. Incredibly, fire protection is still provided by our volunteer Berwyn Fire Company.",NULL,"EastT",,,,,,,"Chapter 11: Depression, Defense. and Development","document",NULL,"1","Meg Wiederseim, Heidi Sproat, and Mike Bertram"
"958","2960 - 2003","Easttown, Old in History, Young in Spirit, 1704 - 2004 by C. Herbert Fry","Chapter 12: Recording Recent Events

1965 - 2003

The final third of the twentieth century was marked by continuing development in Easttown township. Happily, this time period also spans the incumbency of Gene Williams as township manager. He has held the position since 1977. 

An important factor in the township’s growth h without much space as been the 1980 revised zoning ordinance. The officials made a decision to zone most of its land as a bedroom community without much space for offices or businesses> The revisions helped to avoid “cookie cutter” development and promoted increased sensitivity to the environment and reduced litigation about subdivisions. The days of the small builder gave way to the likes of the luxury home builders of today. 

Easttown township is fortunate to be graced by many well maintained structures of historic note. Three of them have been protected by listing on the General Register of Historic Places. They are:

Historic Waynesborough, 2049 Waynesborough road, Paoli, listed March 7, 1973,

Roughwood, 107 Old Lancaster road, Devon, listed November 23, 1984

Waterloo Mills Historic District, Waterloo road, Devon, listed July 21, 1995 

Easttown township acquired title to the stone mansion house, “Historic Waynesborough,” birthplace of General Anthony Wayne, in 1980 from members of the Wayne family, after a successful fund-raising program conducted by the Committee to Preserve Waynesborough. The township leases the property to Philadelphia Society for the Preservation of Lanmarks which maintains and operates the house as a public museum.

Construction of a new Education and Visitor Center, an extension and renovation of the 1897 carriage house adjacent to the Wayne mansion took place during 2003. The addition provides space for archival storage of reference material on Anthony Wayne and his ancestral home. An upstairs area was designed as a library where formerly inaccessible documents can be made available to the public. It has been designated the Anthony Wayne Ridgeway Library, in memory of the late Tony Ridgeway, direct descendant of General Anthony Wayne.

“Roughwood” stands on the north side of what was once the Lancaster turnpike, opposite the intersection with Valley Forge road. It was named by Civil war Captain Albert Sidney Ashmead who purchased the house as a country residence in 1868. Built in 1805, it originally was The Lamb tavern licensed in 1812 by George Rees, a Revolutionary War hero who later served as sheriff of Philadelphia. It is today a private residence.

Waterloo Mills is significant as an example of an intact, agriculture-based, 19th century hamlet. It is historically important for its association with the milling industry and crop and dairy farming in the period 1798 to 1909. During much of this time the district functioned as a nearly self-contained farming and blacksmith community, containing the only gristmill in Easttown township. Tax records show the mill was in place by 1798. From 1853 to 1867 the mill also served as Easttown’s first post office. The village and surrounding 167 acres is today part of the Waterloo Mills Preserve along Darby creek owned by the Brandywine Conservancy, and Waterloo Mill has been renovated into living quarters.

In addition to sites listed on the National Register, Easttown homes have been featured six times by the Philadelphia Vassar Club on their annual Scholarship Fund “Show House and Gardens” tour event. The six historic and architecturally pleasing homes are a cross section of the best township streetscapes:

Grey Craig, 680 Wetherby lane, Devon, 1987

Rosedon, 500 Waterloo road, Devon, 1991 

D'Orsay, 100 South Devon avenue, Devon, 1992 

Hilltop, 570 Beaumont road, Devon, 1997

The Woods, 1560 Sugartown road, Paoli, 2001

Pennview, 630 Waterloo road, Devon, 2002 

A number of individuals who have lived or still live in Easttown homes have achieved recognition at the national level.

The late Thomas S. Gates jr., a native of Philadelphia but for many years a Devon resident, had a distinguished career as a naval officer, banker, and public servant. He was secretary of the navy and secretary of defense in the administration of President Dwight Eisenhower and ambassador to the People's Republic of China in the administration of Gerald Ford. The Navy, in 1988, named a newly commissioned guided missile cruiser the USS Thomas S. Gates in his honor.

Easttown has been enriched by the young couple who took up residence here about 1980. Both	of them also knew the White House as a	family home. David Eisenhower is the	grandson of President Dwight Eisenhower	and a son-in-law of President Richard Nixon. His wife Julie is the daughter of President Nixon. David is a professor at the University of Pennsylvania. Both are published authors. Both helped with fundraising for the new Easttown Library & Information Center prior to its construction. Their children, Jennie, Alex, and Melanie, attended Easttown schools.

Just fifty years ago, Miss Evelyn Ay of Ephrata, Miss Pennsylvania, competed in the annual pageant at Atlantic City and was crowned Miss America 1954. She was engaged to be married to Carl Sempier who was in the Navy flight school preparing to be an officer, and the wedding was postponed for a year. Once Miss Ay’s obligations as Miss America and Mr. Sempier’s navy obligations were fulfilled, the couple married and later settled in Easttown, near Leopard, and sent their children to Easttown schools.

The township is also home to one of the top golfers of the past two decades. Jay Sigel, of Berwyn, turned in his eighth career win on the PGA Champions Tour at Kansas City, Missouri, in May of 2003. His first win came in 1994 at Ojai, California, the year he turned pro. Sigel was the country’s best amateur player in the early 1980s when he won back-to-back U.S. Amateur golf championships in 1982 and 1983. He also won three Mid-Amateur titles, was the 1979 British Amateur champion, played on nine U.S. Walker Cup teams, two as playing captain, and won the Pennsylvania state amateur championship eleven times.

Anthony J. “Skip” Minisi of Paoli, attorney, and long-time resident of Easttown township, also had, in his younger years, a significant football career. During his collegiate years between 1944 and 1947, Minisi was a left-handed passing All-American halfback. Though he spent most of his college career with the University of Pennsylvania’s Quakers, he was for one war-time year a Midshipmen with the U.S. Naval Academy He also played briefly with the New York Giants in the NFL before entering into law. He was inducted into the National Football Foundation College Hall of Fame in 1987. He presently serves on the Easttown Board of Supervisors; before that he was a member of the Tredyffrin/Easttown School Board.

An important amenity enjoyed by those living in Easttown township is Waynesborough Country Club which was organized in 1965. The Wayne mansion had been separated from its large tract of farm land and barn in 1926 when 300 acres were sold by William Wayne jr. to Robert Ligget. Up until World War II, Mr. Ligget kept a prize winning herd of Guernsey cattle there. The land, along today’s Route 252, ultimately became the site of the only country club in the township. In addition, Easttown township received a gift of the barn in 1980 and leased it to the country club for use by its maintenance and grounds department. The 1830s barn was restored by Waynesborough Country Club in 1999-2000, part of a project to upgrade its facilities prior to hosting the prestigious PGA golf tour event, the “Pennsylvania Classic,” held in September of 2000. A second Pennsylvania Classic was held at the club in 2002.

As the number of homes in the township rose, the desire for infrastructure and municipal services grew also. The need for waste disposal stood near the top of the list. A private disposal system, Devon Drainage Association, consisting of one line to service a few residents and the Devon Inn along the Darby creek lowlands, came into existence early in the century. It provided limited service to a limited area. When the Easttown Township School Board constructed the Devon grade school in 1957 and asked to be connected to this system, a new treatment plant was required. The cost increased subscribers bills by 50%. 

Some new construction, such as Devon Downs built in 1962 - 1964 was connected to the system. Ultimately, an Easttown Municipal Authority came into being which over the existing Devon Drainage in 1969 and financed escalting construction costs by borrowing. A regional authority began accepting Easttown waste in 1977, and the old Devon Drainage plant located at the end of Heatherwood road cul-de-sac was phased out and later demolished. A system was installed in 1978 to connect most housing units then existing in high density areas, while subsequent construction included provision for the service. The Municipal Authority expanded this service to the Leopard Lakes, Millbrook, and Fox Creek areas of the township in 1994. In 1970, there were 400 users. Twenty-five years later, Easttown had over 3000 customers, utilizing an approximate 70 miles of pipe.

“Project 2000,” another large investment in infrastructure commenced in 1996. The project addressed storm water drainage and roadway resurfacing as well as facility needs of police and administrative offices, library, and equipment for the police and public srvices to provide for Easttown’s future in the new century. A $5 million bond issue in early May 1996 provided the initial funding for the project. 

A new state law passed in 1988 mandated that municipalities provide for curbside pickup of recyclables and composting of leaves in oder to lessen the statewide need for landfills and Incinerators. The township appointed a Solid Waste Task Force to plan and implement compliance with the law. A local ordinance was enacted, a contract awarded to a single hauler, and curbside recycling and waste collection in Easttowncommenced July 1, 1990.

The township also prohibited outside burning including leaves, except for restricted burning of brush on specified days during each calendar year. Easttown has consistently recylced a higher proportion of its trash than any other municipality in Chester county.

American intervention in the Vietnamese war dragged on interminably in the 1960s and 1970s. While most Americans heard reports of the final collapse of South Vietnam on April, 30, 1975 and the large numbers fleeing that country only the most foresighted could have predicted what followed in Berwyn.

Trinity Presbyterian Church becam involved in an emergency situation unique in its history. A continuing effort began on April 28 when 56 refugees arrived from Vietnam. They were staff members of the Pearl S. Buck Foundation’s Saigon office. Pastor Robert W Bohl of Trinity was a member of the Foundation Board of Directors and Chairman of its Adoption Committee. Later 27 orphans arrived at Philadelphia airport bringing the total number of refugees to 83. Through the unceasing efforts of Dr. Bohl and church member resettlement volunteers over many weeks, all were found homes or adoptive parents. In recognition of their efforts, Freedoms Foundation honored Trinity Church and presented Dr. Bohl the Humanitarian Activities Award.

Footlighters Theatre, a community theater group which relocated from the Saturday Club in Wayne, took up residence at 58 Main avenue, Berwyn, in 1974 in the old Methodist church building. After renting the space for ten years, it became the permanent home of the Footlighters when they purchased the building from Trinity Presbyterian Church.

On May 22, 1991 a local landmark, St. Monica Roman Catholic Church, built between 1889 and 1893 was destroyed in a fire started by a roofing project. The parish rallied behind its pastor, the Rev. George C. Hagenbach, subscribed to a capital campaign drive, and erected a new edifice. Dedication of the new church building took place at ceremonies on September 12, 1993 attended by Anthony Cardinal Bevilacqua and other notables.

Easttown township administrative and police department offices, which had been quartered in one wing of the former Berwyn Elementary School since 1982, were moved to new quarters on March 24, 1999 at 566 Beaumont road in Devon. The location is a two-story converted stone barn at the Hilltop estate which was donated to the township by Dr. W.H. Sterg O’Dell and his wife Frances in 1996. 

Hilltop Park, a new township park constructed on the approximately 20-acre tract adjacent to the municipal offices, includes practice and regulation soccer fields, paved walking path, tot lot, picnic pavilion, parking area, new fencing, and landscaping. Dedication ceremonies at the park took place on May 8, 1999.

The Cassatt avenue bridge spanning the railroad tracks at the station in the center of Berwyn, opened in the late nineteenth century and closed in 1981, was reconstructed as a pedestrian walkway in a cooperative effort between SEPTA, the Pennsylvania Department of Transportation, the Federal Transit Administration, Chester County, and Easttown and Tredyffrin townships. The completed project was dedicated on May 13, 1999, amid light spring showers. The ceremony also included unveiling of the relocated World War I Veterans’ Memorial.

Seventy years after the first Route 30 construction through Berwyn, Easttown’s most heavily traveled street received a substantial update. In advance of the start of PennDot operations, work began September 18, 2000 with the water company replacing a 90-year old cement main under the middle of the roadway. Electric and gas and telephone utilities did their work during the summer of 2001. PennDot crews began their part of the project to completely rebuild the roadway on October 8, 2001, and, by the end of a year of torture, they had most of the final inch-and-a-half of asphalt on the road th:-ouglo Berwyn and Devon. The project was	completed in the spring of 2003, far ahead of deadline, and traffic picked up noticeably on our smooth, new main street.

A gathering was held on May 10, 2002 to mark the dedication and grand opening of	Easttown township’s Frank J.L. Johnson	Memorial Park, located on a four-acre tract purchased in 1989 in the northern section of Melgran Farms, at the south end of Bridge avenue in Berwyn. Tom Toscani, Chairman of the Park and Recreation board, presided over the event, which included Ms. Katie Johnson, daughter of the late Mr. Frank Johnson, who performed the ceremonial ribbon cutting.

The all new Easttown Library & Information center, located at 720 First Avenue in Berwyn opened for business on February 21, 2003. About 75 persons, including library staff, Friends of the Library, Easttown officials, and eager patrons gathered to celebrate. Hal Hurff, President of the Library Trustees, greeted the group and moderated the brief remarks of officials in attendance. The new facility replaced an older, smaller building on the same site which had been used since 1982. It was torn down to make way for the new 16,000 square-foot center which cost $4:2 million. For the approximately 13-month construction period, the library used temporary quarters in the Bronze building on Old Lancaster road in the east end of Berwyn.

The Acme supermarket in the Berwyn Shopping Center closed its doors for the last time on July 7, 2003, after serving customers at the location for nearly thirty-seven years. For the first time since the early 1920s residents of Easttown were without a local Acme (or American Store as they were called back then). On the last day, a group of residents gathered outside the door to reminiscence. Carol Butler, poet laureate of Berwyn, recited a poem she wrote to honor the store, its customers, and its employees. The group joined hands and sang “God Bless America""” and dispersed to their homes. So ended an era in Easttown.

However, before this era ended, our township officials reflected on the many years of change and progress in Easttown and suggested it would be appropriate to chronicle and celebrate this milestone, the long and interesting 300-year history of the township. To do this, Karl F. Klingelhoeffer, a long-time resident of the township and retired marketing executive, was asked to volunteer as chairman of the celebration. The not-for-profit Easttown Township Tricentennial Corporation was created, and an Executive Committee of volunteers was formed to execute the plan for the celebration. It included Herb Fry, Laura Caterson, Frank Castaldi, Steve Heumann, Marc Heppe, Jim Robbins, and Howard Fritz. This book is the result of their plan, as was the 2004 historic calendar which township residents received, a newspaper supplement, and many events which took place in the Tricentennial year.

So as we survey the three centuries of life in Easttown township recorded in this book, we can truly reflect that the challenges of the years were successfully met, and the quality of life of today’s residents is the highest. Looking to the future we can confidently affirm that Easttown township, although old in history is indeed young in spirit! 

",NULL,"EastT",,,,,,,"Chapter 12: Recording Recent Events","document",NULL,"1","Meg Wiederseim, Heidi Sproat, and Mike Bertram"
"959",NULL,"Easttown, Old in History, Young in Spirit, 1704 - 2004 by C. Herbert Fry","Sources

In the Beginning

Burns, Franklin L., “History of Berwyn,” unpublished manuscript in Tredyffrin Easttown History Club archives (hereinafter referred to as Burns History), c. 1930.

Burns, Franklin L., “Travelgwyn,” Tredyffrin Easttown History Club Quarterly (hereinafter referred to as Quarterly), vol. 3, no. 4, pp. 95-100 (October 1940).

Dunn, Richard F. and Mary Maples Dunn, editors, “The Papers of William Penn,” vol. ii. (Philadelphia: University of Pennsylvania Press, 1982).

Eberlein, Howard Donaldson and Cortlandt Van Dyke Hubbard, “The Church of Saint Peter in the Great Valley.” (Richmond, August Dietz and Son, 1940), Chapter I.

Magda, Matthew S., “The Welsh in Pennsylvania.” (Harrisburg, The Pennsylvania Historical and Museum Commission, 1986).

Okie, Howard S., “The Early History of Berwyn,” Quarterly, vol. 7, no. 3, pp. 47-48 July 1952).

Pleasants, Henry, “The History of Old St. David’s Church.” (Philadelphia The John C Winston Company, 1915).

Wandless, Myrtle, “History of Easttown Township,” Quarterly, vol. 12, no. 2, pp. 29-36 (October 1962)

Winthrop, Crace Kugler, “Early Chester County Roads.” (Boyertown, Gilbert Printing Company, 1986).

Colonial Period

Burns History.

Glenn, Thomas Allen, “Some Colonial Mansions and Those Who Lived in Them.” (Philadelphia, Henry T. Coates & Company, 1900).

Pleasants, “Old St. David’s Church.”

Sachse, Julius F., “The Wayside Inns on the Lancaster Roadside, between Philadelphia and Lancaster,” second edition. (Lancaster, New Era Printing Company, 1915.)

Pre-Revolutionary Period

Burns History.

Burns, Franklin L., in collaboration with Mrs. John P. Croasdale and Howard S. Okie, “Chronicles of Old Cockletown,” Quarterly, vol. 1, no.2, pp. 19-27 January 1938).

Frick, Paul Sumner, “A History of Fricks Locks,” vol. i. (Self-published, 1993 )

Matthews, Sara, “German Settlement of Northern Chester County in the!8th Century” Pennsylvania Folklife, vol. 27, no. 1, pp. 25-32 (Summer 1978).

Revolution and Early National Period

Burns, Franklin L., “The [British] Invasion of Tredyffrin,” Quarterly, vol. 3, no. 2, pp. 27-41 (April 1940) and no. 3, pp. 58-72 July 1940).

Burns, Franklin L., “New Light on the Encampment of the Continental Army at Valley Forge,” Quarterly, vol. 2. no. 3, pp. 51-80 July 1939).

McGuire, Thomas J., “Battle of Paoli.” (Mechanicsburg, Stackpole Books, 2000).

Rogers, Truett, “Bibles & Battle Drums.” (Valley Forge, Judson Press, 1976)

Teamer, S Paul, “Wayne’s Last Great Service for His Country,” Quarterly, vol. 2, no. 2, pp. 44-50 (April 1939).

Tucker, Glenn, “Mad Anthony Wayne and the New Nation.” (Harrisburg, Stackpole Books, 1973).

Turnpike Period

Burns History.

Burns, Franklin L., “The Story of the Glassley Commons,” Quarterly, vol. 5, no. 3, pp. 50-59 (1943).

Carlson, Robert E., “Chester County (Pennsylvania) Medical Practioners.” (West Chester: Self-published, 1986).

Goshorn, Robert M., “The Philadelphia and Lancaster Turnpike Road Company,” Quarterly, vol. 23, no. 1, pp. 25-36 January 1985).

Sachse, “The Wayside Inns.”

Beginning of the Local Industrial and Educational Period

Burns History.

Fisher, Mildred F., “The Leopard,” Quarterly, vol. 10, no. 4, pp. 87-89 (October 1959)

Goshorn, Robert M, “The Philadelphia and Columbia Rail Road,” Quarterly, vol. 23, no. 2, pp.63-79 (April 1985).

Nuzum, Sara B., “Cabbagetown,” Quarterly, vol. 12, no. 2, pp. 42-44 (October 1962).

Sachse, Julius F., “Reminiscences of a Shady Road and Quiet Nook in Easttown,” Quarterly, vol. 10, no. 4, pp. 66-84 (October 1959).

Ward, Robert L., “Public Schools of Easttown and Tredyffrin Townships, Part II,” Quarterly, vol. 35, no. 3, pp. 81-96 July 1997)

Civil War and Reconstruction

Burns History.

Fry, Barbara, “Tredyffrin and Easttown Soldiers in the Pennsylvania Volunteer Army in 1864,” Quarterly, vol. 27, no. 4, pp. 143-155 (October 1989).

The Centennial Period

Burns History.

Goshorn, Robert M., “The Berwyn Railroad Station,” Quarterly, vol. 27, no. 1, pp. 3-6 January 1989).

Waterloo Mills Historic District, Papers filed in support of listing on National Register of Historic Places, July 21, 1995.

Beginning of the Suburban Era

Burns History.

Burns, “Glassley.”

Cavanagh, Thomas G. and Dorothy Way, “St. Monica’s Parish,” Quarterly, vol. 25, no. 2, pp. 67-73 (April 1987)

Egertson, Peggy, “They Built Berwyn: William H. Fritz,” Quarterly, vol. 31, no. 4, pp. 136-137 (October 1993).

Fisher, Midlred F, “Julius F Sachse,” Quarterly, vol. 10, no. 4, pp.84-86 (October 1959).

Fry, Barbara, “A New Presbyterian Church in Berwyn in 1892,” Quarterly, vol. 31, no. 1, pp. 3-14 January 1993).

Fry, C. Herbert, “The Kromer Family and the Livery Stables of Berwyn,” Quarterly, vol. 33, no. 2, pp. 47-60 (April 1995).

Goshorn, Robert M., “Devon Inn,” Quarterly, vol. 22, no. 4, pp. 125-138 (October 1984)

Goshorn, Robert M., “The Devon Horse Show,” Quarterly, vol. 32, no. 3, pp. 101-114 July 1994).

Goshorn, Robert M., “They Built Berwyn: Isaac A. Cleaver,” Quarterly, vol. 31, no. 4, pp. 131-133 (October 1993)

Lindborg, Carl, “Historic Newtown Township.” Information about Charles Custis Harrison, pp. 248-249. (Newtown Square: Newtown Township Tricentennial Commission, 1984).

“Lodges in Berwyn” in The Suburban and Wayne Times, October 27, 1911.

Martin, Harland)., “Berwyn’s Schools Since 1877,” Souvenir Program, Seventy-Fifth Anniversary of Berwyn, pp. 5 and 31 June 1952).

Noll, Eva, “History of St. John’s Presbyterian Church,” Quarterly, vol. 40, no. 3, pp. 107-109 July 2003).

Nuzum, Sara, “The Berwyn National Bank,” Quarterly, vol. 15, no. 1, pp. 10-16 (April 1968)

“William Nelson Wilbur,” in The Suburban and Wayne Times, May 1, 1997.

Rising of the Automobile Age

Atkinson, Margaretta, “Notes on the History of the Berwyn Library,” Quarterly, vol. 6, no. 4, pp. 75-80 (November 1947).

Freidel, Frank, “America in the Twentieth Century,” Second Edition. (New York: Alfred A. Knopf, 1965).

Fry, Barbara, “The Presbyterian Sabbath School in Paoli and The Early Years of the First Presbyterian Church in Paoli,” Quarterly, vol. 28, no. I, pp. 24-27 January 1990).

Fry, C. Herbert, ”The Legacy of Franklin L. Burns,” Quarterly, vol. 34, no. 2, pp. 61-65 (April 1996)

“Garbage and Street Lights in Berwyn,” from Minutes of the Berwyn Citizen’s Association, Quarterly, vol. 30, no. 1, pp. 27-35 January 1992)

Geasey, Robert E. and Robert M. Goshorn, “The Electrification of the Paoli Local,” Quarterly, vol. 34, no. 4, pp. 127-140 (October 1996).

Goshorn, Robert M., “American Non-Gran Bronze Company,” Quarterly, vol. 37, no. 4, pp. 125-130 (October 1999)

Goshorn, “Devon Horse Show.”

“Lincoln Highway” in South Florida Sun-Sentinel, March 30, 2003, Sec. J, p. 1.

Motley, Annabelle Buffett, “The Berwyn Ice Plant,” Quarterly, vol. 16, no. 1, pp. 18-22 Uune 1972).

Martin, “Berwyn’s Schools.”

Pepper, George Wharton, “Philadelphia Lawyer.” (Philadelphia: J.B. Lippincott Company, 1944).

Pyle, Henry ‘Zeke,’ “Remembering My Grandfather and Garber’s Store in Berwyn,” Quarterly, vol. 33, no. 3, pp. 115-119 July 1995).

Sachetti, Jerry A., editor, “Reflections on Water.” (Bryn Mawr: Philadelphia Suburban Water Company, 1986 

“World War 1917-1918 Memorial,” from Notes and Comments, Quarterly, vol. 37, no. 1, pp. 32-34 January 1999).",NULL,"EastT",,,,,,,"Sources","document",NULL,"1","Meg Wiederseim, Heidi Sproat, and Mike Bertram"
"960",NULL,"Easttown, Old in History, Young in Spirit, 1704 - 2004 by C. Herbert Fry","Acme Supermarket (Berwyn), 145
Aiken, James, 90, 120
Aiken, Thomas]., 98, 107, 110, 121
Aircraft, 126-128
Alcohol consumption, 17, 21, 64
Altemus, Joseph B., 95
American Non Gran Bronze Company, 114, 136-137
Animals, 19, 32, 120
Ashmead, Albert Sidney, 140
Automobiles, 117-119
Ay, Evelyn, 141
Bands, Big, 129
Baptist Church in the Great Valley, 24-25, 56, 65, 77, 83, 93, 108, 121-122, 134
Baptists, 23-25, 65, 77, 93, 107-108
Beadle, John, 115
Berwyn
as a rural business center, 92
community growth at 16th milestone, 63, 68
early names, 69, 85, 87
garages, 119
growth in 1880s, 88-89, 100-101, 103
Hall and Library Association, 89
Improvement Societies, 101, 112
Lancaster Avenue widening in 1930s, 125-126
library, 89, 112-114, 126
lodges, 104
post office, 80, 130, 133
railroad station, 88, 89, 144
reading room, 112-114
75th anniversary, 131
shopping district, 133-134
storefront remodeling in 1955, 130
streets, 87, 89
town hall, 89, 91, 109
veterans monument, 131, 144 see also Easttown
Berwyn, First Baptist Church of, 108, 114, 122
Berwyn, North, 88, 115, 120
Berwyn Baptist Chapel, 107-108, 134
Berwyn Building and Loan Association, 89, 104 Berwyn Citizens' Association, 112
Berwyn Cornet Band, 92
Berwyn Elementary School, 134, 143
Berwyn Fire Company, 104-105, 118,120,137
Berwyn Hills, Merionethshire, Wales, 87
Berwyn Ice Company, 58, 110, 112
Berwyn Methodist Church, 108, 123, 134, 143
Berwyn National Bank, 103, 125
Berwyn Observation Post, 126-128
Berwyn Pharmacy, 126, 133-134
Berwyn Planing Mill, 114 Berwyn Post (newspaper), 129-131 
Berwyn Presbyterian Church see Trinity Presbyterian Church
Berwyn Protective Association, 92
Berwyn Shopping Center, 145 
Berwyn Town Meeting, 112 
Berwyn Water Company, 111
Birds, 120
Black Bear Tavern, 26, 41, 49, 60, 64, 73
Black Swan Distillery, 19, 37 Blacksmiths, 30, 75, 80, 81, 140 Blue Ball Tavern, 14, 15, 25, 26, 35, 59-60, 64 Bohl, Robert W, 143 Brannaman, Christian, 35 Bronze Building, 114, 137, 145 Brown Row, 80 Broza, Elliot Lawrence see Lawrence, Elliot Buley, Sammy, 80 Bullitt, William C., 116, 117 Burn, Elizabeth, 33 Burns, Franklin Lorenzo, 120 Burns, Henry C., 83 Burns, Peter, 79 Burns, William H., 101, 103, 107, 108, 114, 115 Burns family, 64 Burns farm, 35-36, 79 Burroughs Corporation, 133, 134 Cabbagetown, 75 Campbell, John, 91 Campbell, Judson, 75 Carey, John, 123 Carriage business, 74, 75 Carter, Henry Yates, 65, 88, 89 Cassatt, Alexander J, 95 Cassatt, J. Gardner, 116, 117, 135 Cassatt, Mary, 117 Cassatt Avenue Bridge, 144 Church of England, 10, 20, 22, 64 Churches, 22-25, 64-65, 93, 107-109, 120-123, 134-135 see also names of individual churches Cigar factories, 68, 70, 72-73 Civil War, 81-85 Clarenceville, 69 Clark, William, 87 Clarke, J. Alexander, 103 Claypoole, James, 10 Cleaver, Isaac A, 80, 83, 89, 90, 93, 94, 103, 108 Cleaver's Store, 80, 101, 107 Clothing, 21 Coates, Henry Troth, 89-90, 100, 104-107, 113 Coates, William M., 91, 103 Cockletown, 28, 31-37, 57, 59, 88 Coffin, Lemuel, 95, 99 Coffin & Altemus, 97-99 Conestoga wagon, 32-33 Congregation Or Shalom, 134, 135 Connor, William, 133-134 Contention Lane, 73-74, 79 Corn cockle (Aower), 33 Cornett, James A, 85 Crabby Creek, 72 Cream Ridge, 88 Crime and criminals, 92 Crosley, William, 72 Cundy William, 81 Currie, William, 23 Daily Evening Call (newspaper), 91 Dane, Peggy, 58, 79, 80 Darby Creek, 11, 20, 31, 58, 75, 99,112,132, 140, 141 Darby Road, 75 Davies, Philip 12 - 13
Davis, Clara, 68 Davis, Harriet, 87 Davis,John W., 74 Daylesford Abbey, 1 35 Democrats (political party), 57, 71-72, 81, 93-94, 134 Depression of the 1930s, 125 Devereux School, Isabel E Rogers Hall, 135 Devereux Schools, Whitlock Center of the, 107 Devon beginning of, 95, 97 log cabin, 16-17 post office, 95 schools, 134, 142 streets, 95 Devon Chapel, 98-99 Devon Citizens' Association, 115 Devon Drainage Association, 141-142 Devon Dramatic Association, 99 Devon Horse Show and Country Fair, 99-100, 105, 117 Devon Inn, 94, 96, 97, 99-100, 123, 141 Devon Manor School for Girls, 123 Devon Park Hotel, 122, 123 Devon Polo Club, 100 Devon Tea Room, 17 Dewees, Henry, 83 Dewees,James, 83, 108 Dewees, Joseph, 83 Dewees, William, Jr, 45, 46-47 Diamond Rock reservoir, 111 Diseases, 21 Distilleries, 31 Doran, James T., 90, 92 Doran, Martha Freeman, 90 D'Orsay (historic house), 140 Downing, William W., 101 Doyle, William H., 36, 37 Doyle's Nursery, 37, 59, 72, 132 Driscoll, John, 135 Drove Taverns, 35, 37, 58-59, 64, 68 Duck on Davy (game), 21 Earle, George, 97 Easttown area of Cockletown in, 57 Board of Supervisors, 133, 141 early boundaries, 11 early county officials, 62 early schools, 69-70 farms, 81 first settlers, 11 historic buildings, 139-140 landowners in 1753, 26-27 library, 135,141,145 mills, 81 Municipal Authority, 142 municipal services, 141-142 neighborhoods, 137 occupations of early settlers, 30-31 population growth, 137 post offices, 74-75, 140 see also Postmasters Project 2000, 142 residents in 1860, 79-80 Revolutionary War in, 40 300 year celebration, 145 ",NULL,"EastT",,,,,,,"Index by Joyce A. Post","document",NULL,"1","Meg Wiederseim, Heidi Sproat, and Mike Bertram"
"961","6/29/26","Mike Bertram","The Welsh Tract and Early Easttown Deeds

Only a few months after William Penn had received his grant for a colony in Pennsylvania from King Charles II, a committee representing a group of Welsh Quakers or Friends visited Penn in London. Arrangements were made at that time to reserve a tract of 40,000 acres, to be ""layd out contiguously as one Barony"" for their exclusive purchase and settlement, a tract where they hoped and expected to be able to preserve their traditions and language and customs. A survey was made in 1684 to establish the area to be included in this Welsh Tract, begun in April and completed before the end of the year. The tract extended from Merion Township in the east to Goshen and part of Westtown township on the west.
References and Notes

[Gosh1989] From The Boundaries of Chester County by Bob Goshorn ,TEHS Quarterly, vol. 27, #2 (April 1989) ",NULL,"EastT",,,,,,,"The Welsh Tract and Early Easttown Deeds","document",NULL,"1",NULL
"962","6/29/26","Various","
Lucy Sampson Photographs

Sources

DPE - Dede Perry

FTA - from the book, Valley Forge: A Chronicle of American Heroism by Frank Taylor

HFC - Herb Fry’s Collection, now added to TEHS Archives

RBL - from the Book, The Lincoln Highway in Pennsylvania by Robert Bruce

RBR - from the article, The Historic Philadelphia-Pittsburgh Route by Robert Bruce

RHS - Radnor Historical Society

SUB - Suburban Newspaper

TEHS - TEHS Archives

VFP - Valley Forge National Historical Park
# 	Title 	Source 	ID
001 	Trinity Presbyterian Church 	HFC 	TPC7
002 	Lancaster Pike & Main Avenue, Berwyn, looking E, 1904 	HFC 	LAB7
002b 	Reverse side - Miss Barbara M. Smedley (Heiman) 	HFC 	LAB7b
003 	Berwyn Station, Pennsylvania Railroad, 1904 	HFC 	RBE13
004 	Stairs facing Lancaster Pike and Main Avenue, 1904 	HFC 	BE78
005 	Berwyn Methodist Episcopal Church, Berwyn PA, 1904 	HFC 	BM03
006 	St. Monica’s Roman Catholic Church, Berwyn PA, 1906 	HFC 	SMB02
007 	Interior of St. Monica’s R.C. Church, Berwyn PA, 1904 	HFC 	SMB03
007 	see also SMB15 	HFC 	 
008 	First Baptist Church, Waterloo & Berwyn Avenues, 1904 	HFC 	FBB11
008 	See also FBB1 	HFC 	 
009 	Old St. David’s Church at Radnor PA, 1904 	HFC 	SDC9
009 	see also SDC16 	  	 
010 	Old St. David’s Church at Radnor PA, 1904 	HFC 	SDC17
010 	See also SDC20 	  	 
011 	Portrait of Joe Bloomer and Willie Bradley at Berwyn Station - 1904. See RBE9 for another copy. 	HFC 	RBE14
011b 	Back states that Willie Bradley found dead at Paoli on Sunday morning, July 21st, 1907. Found mangled to pieces on the tracks at Paoli. 	HFC 	RBE14b
012 	Washington’s Headquarters, Valley Forge PA, 1904 	HFC 	WHQ23
013 	Interior of Old St. David’s Church, Radnor, 9/3/1905 	HFC 	SDC18
013b 	Back postmark 9/11/1905 	HFC 	 
014 	Old St. David’s Church of Radnor PA, 1904 	HFC 	SDC19
015 	Old St. David’s Church of Radnor PA, 1904 	HFC 	SDC20
015 	See also SDC17 	  	 
016 	Lancaster Pike passing under PRR tracks, Berwyn 	HFC 	LAB11
017 	A scene near Berwyn, 1906, unknown location 	HFC 	BE79
017b 	? 	HFC 	 
018 	Valley Forge Rd, Warren Ave. & Lancaster Pike, facing E toward Wynburne Inn, Berwyn, 1908 	HFC 	BE80
018b 	? 	HFC 	 
019 	Rhydlyn mansion, Francis Avenue, Berwyn, facing W 	HFC 	RHY01
020 	Reading Room, Lancaster Pike & Waterloo Ave. Berwyn 	HFC 	ELI01
020b 	? 	HFC 	 
021 	Berwyn Baptist Chapel on Cassatt Ave, Berwyn 	HFC 	BBC02
022 	Looking W from Lancaster Pike, Berwyn, where the Pike turns R crossing Upper Bridge. Paoli Rd continues W 1904 	HFC 	LAB12
023 	Looking S onto Bridge Ave from Lancaster Pike, Berwyn, shows old Easttown High School on R, 1905 	HFC 	ETS06
024 	Old Easttown High School, Berwyn, 1906 	HFC 	ETS07
025 	Easttown High School students, Berwyn, 1908 	HFC 	ETS08
026 	May Pole Fete, Easttown School, Berwyn 	HFC 	ETS09
027 	Taken from Hillcrest mansion, Cassatt Avenue heads S into Berwyn, 1908 	HFC 	CAA4
028 	Taken from Cassatt Ave. bridge over PRR tracks, Berwyn extends along the Lancaster Pike, 1908 	HFC 	RBE15
030 	Lancaster Pike looking E with Cassatt Ave bridge on L, Berwyn, 1904 	HFC 	LAB8
031 	Fritz Lumber on Lancaster Pike, 1904 	HFC 	FRL4
032 	Lichtenfeld’s Store at Church Ave and Pike, Berwyn, 1914 	HFC 	BUS18
032b 	? writing on bsck 	HFC 	 
033 	Joint High School, Berwyn, PA (postmarked October 25, 1909 	HFC 	TEH32
033b 	? writing on back 	HFC 	 
034 	Wynburne Inn, Devon, PA (postmarked July 10, 1914) 	HFC 	WYI04
035 	Wynburne Inn, Devon, PA (postmarked August 16, 1905) 	HFC 	WYI05
036 	Brookmead Farm, Walker Rd., Devon, March 11, 1910 	HFC 	PUQ03
037 	Richardson House, N of Hammer Hollow, Devon (1908 >) 	HFC 	RIH02
038 	Devon Inn looking SE (undated â€“ around 1904) 	HFC 	DEI07
039 	Closeup of Devon Inn entrance, (postmarked 1907) 	HFC 	DEI08
040 	Porch CafÃ©, Devon Inn, (postmarked June 8, 1911) 	HFC 	DEI09
041 	Devon Inn S toward main entrance, (undated 1908 >) 	HFC 	DEI10
042 	Valley Creek & Valley Forge Rd (postmark July 20, 1910) 	HFC 	VC01
043 	Valley Creek & Valley Forge Rd from Knox Bridge - Handwritten June 22, 1908 	HFC 	VC02
044 	Good Samaritan P. E. Church, Paoli (undated â€“1904 >) 	HFC 	CGS02
045 	Paoli Road extends W from Berwyn. Leopard Road guides to the left. 1908 or later 	HFC 	LAB13
046 	Paoli Road W, Berwyn, 1908 or later 	HFC 	LAB14
047 	Paoli Road W, Berwyn, 1908 or later 	HFC 	LAB15
048 	Paoli Road W, Berwyn, 1908 or later 	HFC 	LAB16
049 	Looking N, Cassatt Ave crosses PRR Bridge toward Hillcrest mansion, Berwyn,1903 	HFC 	CAA3
050 	Looking W, Lancaster Pike continues beyond the “lower bridge” under PRR tracks at Warren Avenue, 1903 	HFC 	LAB9
051 	Wynburne Inn S of Lancaster Pike, Devon, 1908-10 	HFC 	WYI6
052 	A view NW from Devon Inn, postmark 12/13/06 	HFC 	DEV11
053 	The Cathcart Home on Valley Forge Road, Devon, postmarked 12/6/06 	  	ECH01
054 	Old St. David’s Church of Radnor, PA 	HFC 	SDC21
055 	Old St. David’s Church of Radnor, PA 	HFC 	SDC22
056 	The north side of Paoli Station PRR looking east, postmarked April 30, 1906 	HFC 	MLP7
057 	A view of Paoli Rail Yard, postmark 4.10.07 	HFC 	MLP8
058 	Looking NW from Valley Road bridge, a view of the Paoli PRR RoW and the lumber company, postmark 4.10.07 	HFC 	MLP9
059 	From the N end of the Paoli bridge, Valley Road wends down into the Valley, postmark September 1907. See also PA24 	HFC 	PA29
060 	PRR Superintendent’s Office, Paoli, postmark June 27, 1913 	HFC 	MLP10
061 	Great Valley Presbyterian Church, Chester Valley, PA, c. 1904 	HFC 	GVP5
062 	HQ of General Knyphausen-Chester Valley (James Dewees’ place), c. 1904 	HFC 	KNQ08
063 	HQ of Generals Woodford and Duportail-Valley Forge, c. 1904 	HFC 	DUP06
064 	Lord Stirling’s HQ, Valley Forge, c. 1904. See also STI5 	HFC 	STI11
065 	General Howe’s HQ near Valley Forge, c. 1904. See also LCH04 	HFC 	HOU8
066 	HQ of Captain John Davis at extreme west of VF Encampment, on Chesterbrook Farm (AJ Cassatt) c. 1904. See also CHE8. 	HFC 	CHE16
067 	Residence of Col. Christian Workizer near Howellville, c. 1908 	HFC; 	WOH01
068 	The site of the Old Forge on Valley Creek, c. 1904 	HFC 	UFG9
069 	A view north on Valley Forge Road toward Valley Forge Park showing new observatory in distance, c. 1904 	HFC 	MJR2
070 	Looking S at the the Waterman Monument in VFSP, and the Ehret plant on the left. Undated. 	HFC 	VFP39
071 	The site of Sullivan’s Bridge, VFSP. A white spot marks where the bridge connected to the S bank, c. 1904 	HFC 	SCU4
072 	Home of General Wayne, Paoli, postmark July 12, 1913 	HFC 	WAY5
073 	Dr. James Aiken and his daughter, Daisy 	TEHS 	PEO10
074 	Cassat Avenue, Berwyn 	HFC 	CAA3
075 	Is this the same photo as 027? 	  	 
076 	

Lancaster Pike & Switch Tower, Berwyn
	HFC 	RBE11
077 	Trinity Presbyterian Church 	TEHS 	TPC08
078 	Brace's Store, Berwyn 	TEHS 	BE73
079 	Portrait of Joe Bloomer and Willie Bradley at Berwyn Station - 1904. See RBE14 for another copy. 	TEHS 	RBE9
080 	A view on Lancaster Pike towards the Wynburne Inn 	TEHS 	DEV30
081 	Lancaster Pike, Berwyn 	TEHS 	BE228
082 	Lancaster Pike in Paoli looking west 	TEHS? 	PA204
083 	Interior of St. Monica’s R.C. Church, Berwyn PA, 1904 	TEHS 	SMB15
083 	see also SMB03 	  	 
084 	First Baptist Church, Berwyn 	TEHS 	FBB1
084 	see also FBB11 	  	 
085 	First Baptist Church, Berwyn 	TEHS 	FBB15
086 	Old St. David’s Church at Radnor PA, 1904 	HFC 	SDC16
086 	See also SDC9 	  	 
087 	Potts House (Washingtons Headquarters) 	TEHS 	WHQ1
088 	Valley Forge Dam 	TEHS 	VFD1
089 	Dingee estate sheep pasture, Paoli 	RBL 	DE10
090 	Battle of Paoli Monument 	RBL 	BOP04
091 	Warren Tavern 	RBL 	GWI12
092 	Memorial Arch 	RBL 	

MAR07
093 	Public Library, Downingtown 	RBL 	OLA127
094 	Toll House, Glen Loch 	RBL 	OLA128
095 	Stone Bridge across East Brandywine Creek 	RBL 	OLA129
096 	The Original Ship Tavern, Downingtown 	RBL 	OLA130
097 	Birthplace marker for Thomas Buchanon Read 	RBL 	OLA132
098 	Toll House Gate, St Davids 	RBL 	OLA133
099 	At one time the General Washington tavern 	RBL 	OLA134
100 	Friends Meeting House, on Pike, east of Downingtown 	RBL 	OLA138
101 	Old Log House on Pike 	RBL 	OLA139
102 	Once known as the General Wayne 	RBL 	OLA140
103 	St David's Church 	RBL 	SDC31
104 	Washington's Sentinel Tree 	RBL 	STR26
105 	Waynesborough 	RBL 	WAY18
106 	Washington's Headquarters 	RBL 	WHQ54
107 	General Waynes's Memorial 	RBL 	WYF01
108 	Lamb Tavern 	RBL 	LAT06
109 	Milestone 15, Lancaster Turnpike 	RBL 	LTP02
110 	Buckwalter House 	RBL 	OLA145
111 	Center Square, Lancaster 	RBL 	OLA146
112 	Courthouse, Lancaster 	RBL 	OLA148
113 	Founders Hall, Haverford College 	RBL 	OLA149
114 	Former Skaymarkers Tavern 	RBL 	OLA150
115 	Grave and Tombstone, Thaddeus Stevens 	RBL 	OLA151
116 	Stage Inn, Paradise 	RBL 	OLA152
117 	Vanor, facing south Radnor 	RBL 	OLA153
118 	Wheatland, home of James Buchanan 	RBL 	OLA154
119 	Witmer's Bridge 	RBL 	OLA155
120 	A Fine Lancaster County Farm 	RBL 	OLA172
121 	Washington Inn 	FTA 	BKH18
122 	Washington's Redoubt (aka Fort Washington) 	FTA 	FW10
123 	Washington Inn 	TEHS 	BKH22
124 	Washingtons Spring 	TEHS 	WSP09
125 	Back of WSP09; postmakr 1900 	TEHS 	WSP09b
126 	Wynburne Inn, Devon 	TEHS 	WYI1
127 	Wynburne Inn, Devon 	TEHS 	WYI2
128 	Wynburne Inn 	TEHS 	

WYI11
129 	A view of the Intersection of Warren Avenue and Lancaster Turnpike 	TEHS 	BE84
130 	Berwyn View 	DPE 	BE227
131 	Warren Avenue, Berwyn 	DPE 	BE226
132 	Valley Road, Paoli 	TEHS 	PA24
133 	Great Valley Presbyterian Church 	TEHS 	GVP06
134 	Great Valley Presbyterian Church 	TEHS 	GVP07
135 	Stirling's Quarters; see also STI11 	FTA 	STI5
136 	General Howe's Headquarters. See also HOU8. 	TEHS 	LCH04
137 	Captain John Davis' quarters. See also CHE16 	HFC 	CHE8
138 	Wayne's Quarters (Joseph Walker house) 	FTA 	GWQ08
139 	Knox Covered Bridge 	TEHS 	KCB6
140 	Hanging Rock, Gulph Road 	TEHS 	OLA09
140 	  	FTA 	OLA09
141 	Monument at Gulph Mills 	TEHS 	OLA10
141 	  	FTA 	OLA10
142 	Marker Stone, Gulph Mills 	TEHS 	OLA121
142 	  	FTA 	OLA121
143 	Lee-Bradford Headquarters 	FTA 	LBQ02
143 	  	RBR 	LBQ02
144 	Abijah Stephens farm (DeKalb & Weedons Quarters) 	FTA 	DWQ06
145 	Abijah Stephens farm (DeKalb & Weedons Quarters) 	FTA 	DWQ07
146 	Betzwood 	FTA 	BZW01
147 	Betzwood 	FTA 	BZW02
148 	Colonial Springs 	FTA 	COS03
149 	Cotton Mill, Valley Forge 	FTA 	COT03
150 	Huntingdon's Quarters 	FTA 	HUQ01
151 	King of Prussia Inn 	FTA 	KPI08
152 	St. David's Church, Radnor 	TEHS 	SDC1
153 	St. David's Church 	TEHS 	SDC2
153 	Same photo as SDC31 	  	 
154 	St. David's Church, Radnor 	TEHS 	SDC3
155 	Interior of St. David's Church, Radnor 	TEHS 	SDC7
155 	Same photo as SDC12 	  	 
156 	Cassatt Avenue from Lancaster Avenue, Berwyn 	TEHS 	BE65
157 	Church Avenue leading from Berwyn Station P.R.R. 	TEHS 	BE68
157 	Same photo as BE77, BCA01, BCA02 	  	 
158 	View from rear of Berwyn Station, P.R.R. 	TEHS 	BE70
158 	See also BE78 	  	 
159 	St. John's Presbyterian Church, Devon 	TEHS 	CH21
160 	Radnor township view 	TEHS 	RAD2
161 	Interior of St. David's Church 	TEHS 	SDC12
161 	Same photo as SDC7 	  	 
162 	St. David's Church 	TEHS 	SDC13
162 	Same photo as SDC2 	  	 
163 	St. David's Church 	TEHS 	SDC14
164 	Berwyn Station Pennsylvania Railroad 	HFC 	RBE16
165 	Church Avenue leading from Berwyn Station P.R.R. 	HFC 	BCA01
165 	Same photo as BE68, BE77, BCA01 	  	 
166 	Newtown Baptist Church 	TEHS 	OLA58
167 	Friends Meeting House, on Pike, east of Downingtown 	RBL 	OLA138
168 	St. David's Church 	RBL 	SDC31
168 	Same photo as SDC2 	  	 
169 	St. Peter's Church 	RBL 	SPC20
170 	Grave and Tombstone, Thaddeus Stevens 	RBL 	OLA151
171 	Mennonite Meeting House, Paradise 	RBL 	OLA156
172 	Church Avenue, Berwyn 	TEHS 	BCA02
173 	Falls of the Brandywine, near West Chester 	RBR 	OLA131
174 	Formerly the White Horse Tavern, Plainbrooke 	RBR 	OLA135
175 	Old Steamboat Tavern, Glen Loch 	RBR 	OLA136
176 	The Ship Tavern, between Glen Loch and Exton 	RBR 	OLA137
177 	Vale Royal Mills 	RBR 	OLA141
178 	An Old Time Blacksmith Shop 	RBR 	OLA142
179 	View down the gorge, Malvern 	RBR 	OLA143
180 	Typical Old Time Dwelling and Barn, part of the Fahnstock estate 	RBR 	OLA144
181 	Eastern approach to Conestoga Bridge 	RBR 	OLA147
182 	Mennonite Meeting House, Paradise 	RBR 	OLA156
183 	The Cross Keys 	RBR 	OLA157
184 	Residence of Hon. J. Hay Brown 	RBR 	OLA158
185 	Former Residence of David Witmer 	RBR 	OLA159
186 	Paoli Battlefield 	DPE 	BOP05
187 	Main Avenue, Berwyn 	TEHS 	MAB06
188 	Lancaster Turnpike and Switch Tower, Berwyn, PA 	TEHS 	RBE47
189 	Rhydlyn 	TEHS 	RHY10
190 	Tredyffrin Easttown High School 	TEHS 	TEH83
191 	Tredyffrin Easttown High School 	TEHS 	TEH84
192 	Abijah Stephens farm (DeKalb & Weedons Quarters) 	VFP 	DWQ05
193 	T-E High School Basketball Team, 1920 	TEHS 	TEH3
194 	Diamond Rock School 	TEHS 	

DRS1
195 	Strafford School 	TEHS 	SS3
196 	Reunion at Howellville School 	TEHS 	HOS2
197 	Carr School, 1832 - 1869 	TEHS 	CRS1
198 	Old Eagle School 	TEHS 	OES1
199 	Paoli School 	TEHS 	PAS1
200 	Diamond Rock School 	TEHS 	DRS4
201 	Diamond Rock School 	TEHS 	DRS8
202 	Easttown High School 	TEHS 	ETS03
203 	William Clavius Latch & colt 	TEHS 	LCH15
204 	William Clavius Latch & horse 	TEHS 	LCH16
205 	Berwyn School Class 	TEHS 	BPS04
206 	Berwyn School Class 	TEHS 	BPS05
207 	Diamond Rock School 	TEHS 	DRS31
208 	Diamond Rock School 	TEHS 	

DRS33
209 	School Children at North Berwyn School 	TEHS 	PEO81
210 	North Berwyn School pupils 	TEHS 	PEO84
211 	High School, Coatesville 	RBR 	OLA161
212 	John Williamson Nevin memorial 	RBR 	OLA170
213 	Pupils, Easttown Public School, Berwyn 	TEHS 	PEO131
214 	May Pole Fete, Easttown Public School 	TEHS 	TEH66
215 	Pupils, Easttown Public School, Berwyn 	TEHS 	TEH67
216 	Pupils, Easttown Public School, Berwyn 	TEHS 	TEH68
217 	Diamond Rock Schoolhouse 	RHS 	DRS36
217 	  	SUB 	DRS36
218 	Berwyn Station 	TEHS 	RBE1
219 	Baptist (Valley Forge) Road, south of New Centerville 	TEHS 	NCE1
220 	View of Tracks from Berwyn Station Birdge looking west 	TEHS 	RBE10
221 	Radnot Station 	TEHS 	RML29
222 	Green Tree Station 	RCR 	RGT01
223 	Beechwood Park station 	RHS 	

OLA213
223 	  	SUB 	 
224 	Union Station 	RHS 	OLA214
224 	  	SUB 	 
225 	Union Station 	RHS 	

OLA215
225 	  	SUB 	 
226 	View of tracks from Berwyn Station Bridge looking west 	RHS 	

RBE46
226 	  	SUB 	 
227 	Paoli Station 	TEHS 	RML15
228 	Paoli Station 	TEHS 	RML16
229 	Knox Covered Bridge 	TEHS 	KCB1
230 	Knox Covered Bridge 	TEHS 	KCB2
231 	Knox Covered Bridge 	TEHS 	KCB3
232 	Boating on an unknwon Mill Pond 	TEHS 	SAM1
233 	Mount Joy from Valley Forge Road (route 252) 	HFC 	MJR1
234 	Valley Forge Memorial Chapel interior 	TEHS 	MC2
235 	Star Redoubt 	TEHS 	

VFP34
236 	Cotton Mill, Valley Forge 	TEHS 	COT2
237 	Valley Forge Road, Devon 	TEHS 	ND1
238 	Howe's Quarters 	HFC 	HSQ02
239 	Knox Covered Bridge 	TEHS 	KCB37
240 	Huntingdon Park, Valley Forge 	TEHS 	VFP68
241 	Valley Forge Hills 	TEHS 	VFP69
242 	LaFayette's Quarters 	FTA 	LAF15
243 	Muhlenberg's Quarters 	FTA 	MUL04
244 	Morgan's Quarters 	FTA 	OGQ6
245 	Mifflin's Quarters 	FTA 	OGQ7
246 	Gulf Mills ruins 	FTA 	

OLA173
247 	Cornwallis' Quarters 	FTA 	TOH06
248 	Huntingdon's Redoubt 	FTA 	VFP98
249 	Knox's Artillery Park 	FTA 	VFP99
250 	Varnum's Quarters 	FTA 	

VAQ1
251 	Star Redoubt 	FTA 	

VFP100
252 	Valley Forge Park Drive (parallel with the entrenchments) 	FTA 	VFP101
253 	Waterman's Monument 	FTA 	VFP102
254 	Valley Forge Village, looking from the east 	FTA 	VFV22
255 	Valley Forge Mill Dam 	TEHS 	VFD20
256 	Knox Covered Bridge 	TEHS 	KCB58
257 	Schuylkill River 	TEHS 	SCU08
258 	Valley Creek at Knox Covered Bridge 	TEHS 	VC26
259 	Valley Forge Dam 	TEHS 	VFD22
260 	Valley Forge Hills 	TEHS 	

VFP158
261 	Unknown Portrait 	TEHS 	PEO11
262 	Unknown Portrait 	TEHS 	PEO12
263 	Berwyn Post Office 	TEHS 	BE7
264 	Dingee Log Cabin 	TEHS 	HLC1
265 	Neilly Log Cabin 	TEHS 	HLC2
266 	Howellville Road 	TEHS 	HOW1
267 	Chesterbrook Mill 	RBR 	BG06
268 	Devon Inn 	TEHS 	IT6
269 	Non-Gran Bronze Factory 	TEHS 	NGB1
270 	Cassatt Avenue 	HFC 	

RCA1
271 	Berwyn & Main Avenues, Berwyn 	TEHS 	BE24
272 	Cassatt Avenue, Berwyn 	TEHS 	BE25
273 	Cathcart Home 	TEHS 	HOU33
274 	A view of the village of Berwyn 	TEHS 	BE66
275 	Reading Room, Berwyn 	TEHS 	BE67
276 	Site of Bronze Works, Berwyn 	TEHS 	BE69
277 	Berwyn Fire House 	TEHS 	BFC3
278 	Burn's Mill, Berwyn 	TEHS 	

BUS11
279 	Cassatt Road, Berwyn 	TEHS 	CAR18
280 	Francis House, Rhydlyn, Berwyn 	TEHS 	HOU42
281 	Francis House, Rhydlyn, Berwyn 	TEHS 	HOU43
282 	Lancaster Avenue, Berwyn 	TEHS 	LAB1
283 	Bronze Works, Berwyn 	TEHS 	NGB3
284 	Bronze Works, Berwyn 	TEHS 	

NGB4
285 	Cassatt Avenue, Berwyn looking north 	TEHS 	CAA1
286 	Cassatt Avenue, Berwyn looking north 	TEHS 	CAA2
287 	Berwyn Theater 	TEHS 	BET1
288 	Hall & Hibbard's Store 	TEHS 	BUS12
289 	Latch family 	TEHS 	LCH09
290 	Snowstorm at Williams Crossroads 	TEHS 	BE83
291 	Aunt Emma Latch's Home, Berwyn 	TEHS 	

HOU64
292 	Baptist Brotherhood Baseball Team 	TEHS 	PEO50
293 	View of Fritz Lumber from Lancaster Avenue looking east 	TEHS 	FRL06
294 	Hillstyde [sic] near Berwyn 	TEHS 	HOU159
295 	Rooftops of Berwyn 	TEHS 	BE181
296 	Sproxton 	TEHS 	SPT02
297 	Lancaster Turnpike Milestone 16 	RBR 	

LTP01
298 	Springhouse Tavern 	RBR 	SHT09
299 	Berwyn Fire Company 	TEHS 	BFC11
300 	Berwyn Fire Company 	TEHS 	BFC12
301 	Berwyn Fire Company 	TEHS 	BFC13
302 	Post office break-in (when it was being run by Henry Garber) 	TEHS 	GRB03
303 	Berwyn Baseball Club 	TEHS 	TEH78
304 	Berwyn Baseball Club 	TEHS 	TEH79
305 	A view of North Berwyn from Berwyn Station 	TEHS 	BE229
306 	Berwyn, PA 	TEHS 	BE230
307 	A view looking east from Berwyn Station Bridge 	TEHS 	RBE49
308 	View of the 8:30 train leaving Berwyn 	TEHS 	RBE50
309 	General Jackson Inn 	RBR 	GJI09
310 	Warner Residence 	RBR 	GT02
311 	General Warren Tavern 	RBR 	GWI13
312 	Prominent fork of Roads 	RBR 	PA58
313 	Former General Wayne Tavern 	RBR 	OLA160
314 	Summer Residence of Judge Landis 	RBR 	OLA162
315 	Mount Vernon Hotel, Lancaster 	RBR 	OLA163
316 	Bap Village 	RBR 	OLA164
317 	The Rising Sun 	RBR 	OLA165
318 	Rolling Country, Lancaster County 	RBR 	OLA166
319 	William Penn Spring, Gap 	RBR 	OLA167
320 	City Hall, Lancaster 	RBR 	OLA168
321 	Former Abraham Witmer tavern 	RBR 	OLA169
322 	Swan Hotel, Lancaster 	RBR 	OLA171
323 	Ruins of Paoli Inn 	TEHS 	IT1
324 	View of Paoli 	TEHS 	PA25
325 	Battle of Paoli 	TEHS 	BOP01
326 	Battle of Paoli Monument 	TEHS 	BOP02
327 	Paoli Inn after fire 	TEHS 	GPI05
328 	Paoli Inn after fire 	TEHS 	GPI06
329 	Paoli Inn after fire 	TEHS 	GPI07
330 	Strafford Road, Stafford 	TEHS 	STR1
331 	Waterloo Road, Devon 	TEHS 	DEV1
332 	Parting of the ways, Devon 	TEHS 	DEV5
333 	Devon Hill 	TEHS 	DEV6
334 	Waterloo Road at Arlington Road (now Lancaster Avenue), Devon 	TEHS 	WRD1
335 	North Waterloo Road looking south towards Devon Station 	TEHS 	WRD2
336 	Waterloo Road, Devon 	TEHS 	WRD3
337 	Waterloo Road, Devon 	TEHS 	

WRD4
338 	Waterloo Road, Devon 	TEHS 	WRD09
339 	Devon Inn 	RHS 	DEI35
339 	  	SUB 	 
340 	Cathcart Home 	RHS 	ECH05
340 	  	SUB 	 
341 	Waterloo Road, Devon 	TEHS 	

WRD11
342 	Devon Inn 	TEHS 	DEI39
343 	Devon Boulevard Snow Trotters 	TEHS 	DEV31
344 	Devon Boulevard Snow Trotters 	TEHS 	DEV32
345 	Glenn Road looking north 	TEHS 	DAY1
346 	Glenn Road, Daylesford 	TEHS 	DAY2
347 	Lindenwood, Radnor 	TEHS 	RAD1
348 	King of Prussia Road, Radnor 	TEHS 	RAD3
349 	Matson Ford Road, Radnor 	TEHS 	RAD4
350 	King of Prussia Road, Radnor 	TEHS 	RAD5
351 	Memorial Stone, Gulph Mills 	TEHS 	OLA93
352 	Memorial Stone, Gulph Mills 	TEHS 	OLA94
353 	King of Prussia Road, Radnor 	TEHS 	KOP04
",NULL,"LSam",,,,,,,"Lucy Sampson Photos","document",NULL,"1","Mike Bertram"
